match_id,sofascore_event_id,league,season,match_date,home_team,away_team,odds_over25_close,odds_under25_close,implied_prob_over25_raw,implied_prob_under25_raw,implied_prob_over25_norm,implied_prob_under25_norm,over25_closing_strength,over25_market_balance,odds_home_close,odds_draw_close,odds_away_close,implied_prob_home_raw,implied_prob_draw_raw,implied_prob_away_raw,implied_prob_home_norm,implied_prob_draw_norm,implied_prob_away_norm,favorite_side,favorite_strength,match_balance,target_late_goal_75
194,12436870,Premier League,24/25,2024-08-16 19:00:00,Manchester United,Fulham,1.643333333333333,2.38,0.6085192697768763,0.4201680672268907,0.591549295774648,0.4084507042253521,0.1830985915492958,0.1830985915492958,1.6528571428571428,4.154285714285715,5.187142857142858,0.6050129645635264,0.2407152682255845,0.1927843569264665,0.5825764372574668,0.2317884930904019,0.1856350696521313,home,0.3969413676053354,0.6030586323946645,1
195,12436871,Premier League,24/25,2024-08-17 11:30:00,Ipswich Town,Liverpool FC,1.3766666666666667,3.3000000000000003,0.7263922518159807,0.303030303030303,0.7056307911617962,0.2943692088382038,0.4112615823235923,0.4112615823235923,8.115714285714287,5.805714285714286,1.342857142857143,0.1232177433550431,0.1722440944881889,0.7446808510638298,0.1184623462426247,0.1655966016250864,0.7159410521322886,away,0.5974787058896639,0.4025212941103361,0
196,12436872,Premier League,24/25,2024-08-17 14:00:00,Arsenal,Wolverhampton,1.4166666666666667,3.06,0.7058823529411764,0.326797385620915,0.6835443037974683,0.3164556962025316,0.3670886075949366,0.3670886075949366,1.1514285714285712,8.762857142857143,17.908571428571427,0.8684863523573202,0.1141180306488425,0.0558391831525207,0.8363346653202796,0.1098933388079793,0.053771995871741,home,0.7825626694485386,0.2174373305514614,0
197,12436873,Premier League,24/25,2024-08-17 14:00:00,Everton,Brighton & Hove Albion,1.9333333333333331,1.9933333333333327,0.5172413793103449,0.5016722408026756,0.5076400679117148,0.4923599320882852,0.0152801358234295,0.0152801358234295,3.0942857142857143,3.404285714285714,2.367142857142857,0.3231763619575254,0.2937473772555602,0.4224502112251056,0.3109336748542495,0.2826195298927001,0.4064467952530503,away,0.0955131203988008,0.8761727346396498,1
198,12436874,Premier League,24/25,2024-08-17 14:00:00,Newcastle United,Southampton,1.4633333333333332,2.86,0.6833712984054671,0.3496503496503497,0.661526599845798,0.338473400154202,0.3230531996915959,0.3230531996915959,1.3985714285714284,5.198571428571428,7.515714285714286,0.7150153217568949,0.1923605386095081,0.1330545523664702,0.6872303164214333,0.1848855399221168,0.1278841436564499,home,0.5593461727649833,0.4406538272350166,0
199,12436875,Premier League,24/25,2024-08-17 14:00:00,Nottingham Forest,Bournemouth,1.8966666666666665,2.036666666666666,0.5272407732864676,0.4909983633387889,0.5177966101694916,0.4822033898305085,0.0355932203389831,0.0355932203389831,2.2357142857142858,3.427142857142857,3.314285714285714,0.4472843450479233,0.2917882451021259,0.3017241379310345,0.4297518746744921,0.2803508477972406,0.2898972775282673,home,0.1398545971462247,0.8505989731227486,1
201,12436877,Premier League,24/25,2024-08-17 16:30:00,West Ham United,Aston Villa,1.7299999999999998,2.21,0.5780346820809249,0.4524886877828054,0.5609137055837563,0.4390862944162436,0.1218274111675126,0.1218274111675126,2.488571428571429,3.5228571428571427,2.8228571428571425,0.401836969001148,0.283860502838605,0.354251012145749,0.3864008411850813,0.2729563119807022,0.3406428468342165,home,0.0457579943508648,0.8865554707956209,1
202,12436879,Premier League,24/25,2024-08-18 13:00:00,Brentford,Crystal Palace,2.0866666666666664,1.85,0.4792332268370607,0.5405405405405406,0.4699407281964437,0.5300592718035563,-0.0601185436071125,0.0601185436071125,2.902857142857143,3.2485714285714287,2.605714285714286,0.3444881889763779,0.3078276165347405,0.3837719298245614,0.3324893995244215,0.2971057431106528,0.3704048573649257,away,0.0379154578405041,0.9267008857457272,1
203,12436880,Premier League,24/25,2024-08-18 15:30:00,Chelsea,Manchester City,1.59,2.4966666666666666,0.6289308176100629,0.4005340453938585,0.6109298531810766,0.3890701468189234,0.2218597063621532,0.2218597063621532,3.685714285714286,3.8742857142857146,1.9828571428571429,0.2713178294573643,0.2581120943952802,0.5043227665706053,0.2624591277690203,0.2496845684528291,0.4878563037781503,away,0.22539717600913,0.7618282646746788,1
204,12436881,Premier League,24/25,2024-08-19 19:00:00,Leicester City,Tottenham Hotspur,1.5633333333333337,2.563333333333333,0.6396588486140724,0.3901170351105332,0.6211631663974151,0.3788368336025848,0.2423263327948302,0.2423263327948302,4.555714285714286,4.242857142857143,1.7128571428571429,0.2195045468798996,0.2356902356902357,0.5838198498748958,0.2112622286784902,0.2268401505911466,0.5618976207303632,away,0.350635392051873,0.649364607948127,0
211,12436888,Premier League,24/25,2024-08-24 11:30:00,Brighton & Hove Albion,Manchester United,1.55,2.6,0.6451612903225806,0.3846153846153846,0.6265060240963857,0.3734939759036145,0.2530120481927712,0.2530120481927712,2.392857142857143,3.737142857142857,2.834285714285714,0.417910447761194,0.2675840978593272,0.3528225806451613,0.4024882544933193,0.2577094137141857,0.3398023317924949,home,0.0626859227008244,0.8552211592208665,1
215,12436892,Premier League,24/25,2024-08-24 14:00:00,Crystal Palace,West Ham United,1.6666666666666667,2.333333333333333,0.6,0.4285714285714285,0.5833333333333334,0.4166666666666667,0.1666666666666666,0.1666666666666666,1.95,3.835714285714286,3.8285714285714287,0.5128205128205129,0.260707635009311,0.2611940298507462,0.4956117921141399,0.2519590674993672,0.2524291403864928,home,0.243182651727647,0.7563472753852273,0
217,12436894,Premier League,24/25,2024-08-24 14:00:00,Fulham,Leicester City,1.8833333333333333,2.053333333333333,0.5309734513274336,0.487012987012987,0.5215918712955122,0.4784081287044877,0.0431837425910244,0.0431837425910244,1.8942857142857144,3.7114285714285713,4.2057142857142855,0.5279034690799397,0.2694380292532717,0.2377717391304347,0.5099958632289059,0.2602981195694877,0.2297060172016063,home,0.2802898460272995,0.7197101539727004,0
221,12436898,Premier League,24/25,2024-08-24 14:00:00,Manchester City,Ipswich Town,1.3066666666666666,3.62,0.7653061224489796,0.2762430939226519,0.7347767253044655,0.2652232746955345,0.4695534506089309,0.4695534506089309,1.102857142857143,11.0,26.857142857142858,0.9067357512953368,0.0909090909090909,0.0372340425531914,0.8761757193526128,0.087845150044184,0.035979130603203,home,0.8401965887494098,0.1598034112505901,1
223,12436900,Premier League,24/25,2024-08-24 14:00:00,Southampton,Nottingham Forest,1.8333333333333333,2.0766666666666667,0.5454545454545455,0.4815409309791332,0.5311167945439045,0.4688832054560954,0.062233589087809,0.062233589087809,2.338571428571428,3.5028571428571427,3.097142857142857,0.4276114844227245,0.2854812398042414,0.3228782287822878,0.4127639710173466,0.2755687685788728,0.3116672604037805,home,0.101096710613566,0.8628047975615263,0
225,12436902,Premier League,24/25,2024-08-24 14:00:00,Tottenham Hotspur,Everton,1.4366666666666663,3.0,0.6960556844547564,0.3333333333333333,0.67618332081142,0.32381667918858,0.35236664162284,0.35236664162284,1.362857142857143,5.505714285714285,8.131428571428572,0.7337526205450733,0.1816294758692268,0.1229796205200281,0.7066445233664945,0.1749192722604141,0.1184362043730913,home,0.5882083189934032,0.4117916810065968,1
209,12436886,Premier League,24/25,2024-08-24 16:30:00,Aston Villa,Arsenal,1.7866666666666668,2.123333333333333,0.5597014925373134,0.4709576138147566,0.5430520034100597,0.4569479965899403,0.0861040068201193,0.0861040068201193,4.742857142857143,4.002857142857143,1.737142857142857,0.2108433734939759,0.2498215560314061,0.5756578947368421,0.203453372402638,0.2410653805770015,0.5554812470203604,away,0.3520278746177223,0.6479721253822777,1
207,12436884,Premier League,24/25,2024-08-25 13:00:00,Bournemouth,Newcastle United,1.59,2.4833333333333334,0.6289308176100629,0.4026845637583892,0.6096563011456628,0.3903436988543372,0.2193126022913256,0.2193126022913256,2.5885714285714285,3.658571428571429,2.6585714285714284,0.3863134657836645,0.273330730183522,0.3761418592154756,0.3729664672069152,0.263887246614186,0.3631462861788986,none_clear,0.0098201810280165,0.8909207794072708,1
227,12436904,Premier League,24/25,2024-08-25 13:00:00,Wolverhampton,Chelsea,1.61,2.4433333333333334,0.6211180124223602,0.4092769440654843,0.6027960526315789,0.3972039473684211,0.2055921052631578,0.2055921052631578,3.89,3.875714285714285,1.9157142857142857,0.2570694087403599,0.2580169553999263,0.5219985085756897,0.2478769245444031,0.2487905881070437,0.5033324873485531,away,0.2554555628041499,0.7445444371958501,1
219,12436896,Premier League,24/25,2024-08-25 15:30:00,Liverpool FC,Brentford,1.3266666666666669,3.5700000000000003,0.7537688442211053,0.2801120448179272,0.7290673927842068,0.2709326072157931,0.4581347855684137,0.4581347855684137,1.2157142857142855,7.218571428571429,12.785714285714286,0.8225616921269095,0.1385315654066891,0.0782122905027933,0.7914531907204897,0.1332924332679866,0.0752543760115236,home,0.7161988147089661,0.2838011852910339,0
229,12436906,Premier League,24/25,2024-08-31 11:30:00,Arsenal,Brighton & Hove Albion,1.5566666666666666,2.5933333333333333,0.6423982869379015,0.3856041131105399,0.6248995983935742,0.3751004016064257,0.2497991967871485,0.2497991967871485,1.3685714285714283,5.33,8.171428571428573,0.7306889352818372,0.1876172607879924,0.1223776223776223,0.7021238558046556,0.1802826732406486,0.1175934709546957,home,0.5845303848499599,0.4154696151500401,0
231,12436908,Premier League,24/25,2024-08-31 14:00:00,Brentford,Southampton,1.82,2.0766666666666667,0.5494505494505494,0.4815409309791332,0.5329341317365269,0.467065868263473,0.0658682634730538,0.0658682634730538,1.81,3.871428571428571,4.472857142857142,0.5524861878453039,0.2583025830258302,0.2235707441711913,0.5341336158373294,0.2497222476995927,0.2161441364630777,home,0.3179894793742517,0.6820105206257483,1
235,12436912,Premier League,24/25,2024-08-31 14:00:00,Everton,Bournemouth,1.8833333333333333,2.0466666666666664,0.5309734513274336,0.488599348534202,0.5207803223070399,0.4792196776929602,0.0415606446140796,0.0415606446140796,2.975714285714285,3.44,2.434285714285714,0.3360537686029765,0.2906976744186046,0.4107981220657277,0.3238917733773016,0.2801771444953984,0.3959310821273001,away,0.0720393087499984,0.8842460623680983,1
238,12436915,Premier League,24/25,2024-08-31 14:00:00,Ipswich Town,Fulham,1.96,1.9666666666666668,0.5102040816326531,0.5084745762711864,0.500848896434635,0.4991511035653651,0.0016977928692699,0.0016977928692699,3.052857142857143,3.434285714285714,2.394285714285714,0.3275620028076743,0.2911813643926789,0.4176610978520286,0.3160561478197787,0.2809534059446203,0.402990446235601,away,0.0869342984158222,0.8779629597090193,0
240,12436918,Premier League,24/25,2024-08-31 14:00:00,Leicester City,Aston Villa,1.79,2.126666666666667,0.5586592178770949,0.470219435736677,0.5429787234042553,0.4570212765957447,0.0859574468085106,0.0859574468085106,4.001428571428571,3.767142857142857,1.9214285714285717,0.249910746162085,0.2654531664770572,0.5204460966542751,0.2412708353074931,0.2562759232826272,0.5024532414098797,away,0.2611824061023865,0.7388175938976135,0
248,12436926,Premier League,24/25,2024-08-31 14:00:00,Nottingham Forest,Wolverhampton,1.9166666666666667,2.013333333333333,0.5217391304347826,0.4966887417218543,0.5122985581000848,0.4877014418999152,0.0245971162001696,0.0245971162001696,2.005714285714286,3.621428571428571,3.787142857142858,0.4985754985754985,0.2761341222879684,0.2640513013956997,0.4799713657798786,0.2658302948934712,0.2541983393266501,home,0.2257730264532284,0.7742269735467715,0
249,12436927,Premier League,24/25,2024-08-31 16:30:00,West Ham United,Manchester City,1.5633333333333337,2.57,0.6396588486140724,0.3891050583657587,0.6217741935483871,0.3782258064516129,0.2435483870967741,0.2435483870967741,7.58,5.104285714285715,1.4042857142857144,0.1319261213720316,0.1959137979289112,0.7121057985757884,0.1268586610860677,0.1883884846690947,0.6847528542448376,away,0.5578941931587699,0.4421058068412301,1
233,12436910,Premier League,24/25,2024-09-01 12:30:00,Chelsea,Crystal Palace,1.5599999999999998,2.57,0.6410256410256411,0.3891050583657587,0.62227602905569,0.3777239709443099,0.2445520581113801,0.2445520581113801,1.6557142857142857,4.238571428571428,5.011428571428572,0.6039689387402933,0.2359285473542298,0.1995438996579247,0.5810514638139817,0.226976288021707,0.1919722481643115,home,0.3890792156496702,0.6109207843503298,0
245,12436923,Premier League,24/25,2024-09-01 12:30:00,Newcastle United,Tottenham Hotspur,1.4166666666666667,3.083333333333333,0.7058823529411764,0.3243243243243243,0.6851851851851851,0.3148148148148147,0.3703703703703703,0.3703703703703703,2.494285714285714,3.891428571428571,2.6228571428571428,0.4009163802978236,0.2569750367107196,0.3812636165577342,0.3858099776718766,0.2472922984636918,0.3668977238644316,none_clear,0.0189122538074449,0.8614823207918153,1
242,12436920,Premier League,24/25,2024-09-01 15:00:00,Manchester United,Liverpool FC,1.4666666666666668,2.8633333333333333,0.6818181818181818,0.3492433061699651,0.6612779060816013,0.3387220939183988,0.3225558121632025,0.3225558121632025,3.5814285714285714,4.042857142857143,1.9457142857142853,0.2792181890706023,0.2473498233215547,0.5139500734214392,0.2683453491846588,0.237717947139908,0.4939367036754331,away,0.2255913544907742,0.7437812434644749,0
270,12436949,Premier League,24/25,2024-09-14 11:30:00,Southampton,Manchester United,1.5666666666666669,2.556666666666666,0.6382978723404256,0.3911342894393741,0.6200485044462409,0.3799514955537591,0.2400970088924818,0.2400970088924818,4.175714285714286,4.0842857142857145,1.8114285714285716,0.2394799863154293,0.2448408534452605,0.5520504731861199,0.2310754681490496,0.2362481963622498,0.5326763354887005,away,0.3016008673396508,0.6983991326603491,1
257,12436936,Premier League,24/25,2024-09-14 14:00:00,Brighton & Hove Albion,Ipswich Town,1.653333333333333,2.36,0.6048387096774194,0.423728813559322,0.5880398671096345,0.4119601328903654,0.1760797342192691,0.1760797342192691,1.477142857142857,4.71,6.591428571428572,0.6769825918762089,0.2123142250530785,0.1517121803207629,0.6503138720842369,0.2039504227282684,0.1457357051874948,home,0.5045781668967421,0.4954218331032579,0
259,12436938,Premier League,24/25,2024-09-14 14:00:00,Crystal Palace,Leicester City,1.8966666666666665,2.036666666666666,0.5272407732864676,0.4909983633387889,0.5177966101694916,0.4822033898305085,0.0355932203389831,0.0355932203389831,1.6585714285714286,3.985714285714285,5.412857142857143,0.602928509905254,0.2508960573476703,0.1847453153866455,0.5805372560707088,0.2415784065584563,0.1778843373708347,home,0.4026529186998741,0.5973470813001259,1
262,12436941,Premier League,24/25,2024-09-14 14:00:00,Fulham,West Ham United,1.8766666666666667,2.056666666666666,0.5328596802841918,0.4862236628849271,0.5228813559322034,0.4771186440677966,0.0457627118644067,0.0457627118644067,2.317142857142857,3.378571428571429,3.192857142857143,0.4315659679408138,0.2959830866807611,0.3131991051454138,0.4146689704812318,0.2843945328205319,0.3009364966982362,home,0.1137324737829956,0.8697255623393001,1
265,12436944,Premier League,24/25,2024-09-14 14:00:00,Liverpool FC,Nottingham Forest,1.41,3.103333333333333,0.7092198581560284,0.3222341568206229,0.6875923190546529,0.3124076809453471,0.3751846381093058,0.3751846381093058,1.237142857142857,6.69,12.37857142857143,0.8083140877598153,0.1494768310911808,0.0807847663012117,0.7782909799600722,0.1439248320831566,0.0777841879567712,home,0.700506792003301,0.299493207996699,0
267,12436946,Premier League,24/25,2024-09-14 14:00:00,Manchester City,Brentford,1.4433333333333334,2.9333333333333336,0.6928406466512702,0.3409090909090909,0.6702208682406703,0.3297791317593297,0.3404417364813405,0.3404417364813405,1.1928571428571428,7.648571428571429,14.93142857142857,0.8383233532934132,0.1307433694434068,0.066972828166858,0.8091615349647526,0.1261953458527397,0.0646431191825075,home,0.7445184157822451,0.2554815842177549,0
254,12436933,Premier League,24/25,2024-09-14 16:30:00,Aston Villa,Everton,1.82,2.0866666666666664,0.5494505494505494,0.4792332268370607,0.5341296928327645,0.4658703071672355,0.0682593856655289,0.0682593856655289,1.6685714285714286,3.97,5.332857142857143,0.5993150684931506,0.2518891687657431,0.1875167425663005,0.5769740672745524,0.2424993560909238,0.1805265766345237,home,0.3964474906400286,0.6035525093599714,1
252,12436931,Premier League,24/25,2024-09-14 19:00:00,Bournemouth,Chelsea,1.5033333333333332,2.75,0.6651884700665189,0.3636363636363636,0.6465517241379312,0.353448275862069,0.2931034482758621,0.2931034482758621,3.12,3.782857142857143,2.1957142857142857,0.3205128205128205,0.2643504531722054,0.4554326610279766,0.3080977343252271,0.2541108201534351,0.4377914455213377,away,0.1296937111961106,0.8163193746320974,1
272,12436951,Premier League,24/25,2024-09-15 13:00:00,Tottenham Hotspur,Arsenal,1.65,2.3633333333333333,0.606060606060606,0.4231311706629055,0.5888704318936877,0.4111295681063123,0.1777408637873753,0.1777408637873753,2.768571428571428,3.518571428571428,2.531428571428571,0.3611971104231166,0.2842062525375558,0.3950338600451468,0.3471589659005274,0.2731604043504759,0.3796806297489967,away,0.0325216638484693,0.8934797746014791,0
274,12436954,Premier League,24/25,2024-09-15 15:30:00,Wolverhampton,Newcastle United,1.66,2.3433333333333333,0.6024096385542168,0.4267425320056899,0.585345545378851,0.4146544546211491,0.1706910907577019,0.1706910907577019,3.6185714285714288,3.658571428571429,2.0357142857142856,0.2763521515988946,0.273330730183522,0.4912280701754386,0.2654906753350056,0.2625880049291563,0.4719213197358381,away,0.2064306444008324,0.7906666851933182,1
298,12436980,Premier League,24/25,2024-09-21 11:30:00,West Ham United,Chelsea,1.53,2.6466666666666665,0.6535947712418301,0.3778337531486146,0.6336791699920192,0.3663208300079809,0.2673583399840383,0.2673583399840383,3.5785714285714287,3.9185714285714286,1.99,0.279441117764471,0.2551950419248997,0.5025125628140703,0.2694320609005464,0.2460544340342212,0.4845135050652324,away,0.215081444164686,0.7615409289689887,0
277,12436957,Premier League,24/25,2024-09-21 14:00:00,Aston Villa,Wolverhampton,1.6833333333333331,2.3000000000000003,0.594059405940594,0.4347826086956521,0.5774058577405858,0.4225941422594142,0.1548117154811716,0.1548117154811716,1.63,4.242857142857143,5.297142857142857,0.6134969325153374,0.2356902356902357,0.1887810140237324,0.5910556248436188,0.2270688444264542,0.1818755307299269,home,0.4091800941136919,0.5908199058863081,1
284,12436964,Premier League,24/25,2024-09-21 14:00:00,Fulham,Newcastle United,1.7,2.263333333333333,0.5882352941176471,0.4418262150220913,0.5710681244743482,0.4289318755256518,0.1421362489486963,0.1421362489486963,2.9257142857142857,3.5142857142857147,2.4257142857142857,0.341796875,0.2845528455284553,0.4122497055359246,0.3290940341602046,0.2739774723415037,0.3969284934982916,away,0.0678344593380869,0.8770489788432121,1
287,12436967,Premier League,24/25,2024-09-21 14:00:00,Leicester City,Everton,1.79,2.1366666666666667,0.5586592178770949,0.4680187207488299,0.5441426146010186,0.4558573853989813,0.0882852292020373,0.0882852292020373,2.117142857142857,3.525714285714286,3.6,0.4723346828609986,0.2836304700162074,0.2777777777777778,0.4569169653829946,0.2743723430703395,0.2687106915466659,home,0.1882062738363287,0.8117937261636713,0
289,12436969,Premier League,24/25,2024-09-21 14:00:00,Liverpool FC,Bournemouth,1.3233333333333337,3.6033333333333335,0.7556675062972291,0.2775208140610545,0.7313937753721245,0.2686062246278755,0.4627875507442489,0.4627875507442489,1.2671428571428571,6.677142857142857,10.587142857142856,0.7891770011273956,0.1497646555412922,0.0944541897179867,0.7636734789352951,0.1449247701787776,0.0914017508859272,home,0.6722717280493679,0.3277282719506321,0
293,12436973,Premier League,24/25,2024-09-21 14:00:00,Southampton,Ipswich Town,1.8233333333333333,2.0733333333333337,0.5484460694698354,0.4823151125401928,0.5320786997433705,0.4679213002566296,0.0641573994867409,0.0641573994867409,2.4257142857142857,3.4414285714285717,2.9957142857142856,0.4122497055359246,0.29057700290577,0.3338102050548402,0.3976799399757267,0.2803074047649581,0.3220126552593152,home,0.0756672847164114,0.8826274647892314,1
296,12436977,Premier League,24/25,2024-09-21 14:00:00,Tottenham Hotspur,Brentford,1.3966666666666665,3.18,0.7159904534606206,0.3144654088050314,0.6948288419519301,0.3051711580480699,0.3896576839038602,0.3896576839038602,1.477142857142857,5.002857142857143,6.328571428571428,0.6769825918762089,0.1998857795545402,0.1580135440180587,0.6541640952171968,0.1931483936192408,0.1526875111635624,home,0.5014765840536344,0.4985234159463656,1
282,12436962,Premier League,24/25,2024-09-21 16:30:00,Crystal Palace,Manchester United,1.6866666666666663,2.283333333333333,0.5928853754940712,0.437956204379562,0.5751469353484466,0.4248530646515533,0.1502938706968933,0.1502938706968933,2.847142857142857,3.564285714285714,2.46,0.3512293025589563,0.280561122244489,0.4065040650406504,0.3382752253762753,0.2702134365430528,0.3915113380806718,away,0.0532361127043964,0.878702098462381,0
279,12436959,Premier League,24/25,2024-09-22 13:00:00,Brighton & Hove Albion,Nottingham Forest,1.8266666666666669,2.0766666666666667,0.5474452554744524,0.4815409309791332,0.5320239111870196,0.4679760888129805,0.0640478223740391,0.0640478223740391,1.83,3.772857142857143,4.430000000000001,0.5464480874316939,0.2650511170011359,0.2257336343115124,0.5268326136812399,0.2555367580937782,0.2176306282249817,home,0.3092019854562582,0.6907980145437418,0
291,12436971,Premier League,24/25,2024-09-22 15:30:00,Manchester City,Arsenal,2.053333333333333,1.88,0.487012987012987,0.5319148936170213,0.4779661016949152,0.5220338983050847,-0.0440677966101694,0.0440677966101694,1.7785714285714285,3.5500000000000003,5.025714285714286,0.5622489959839357,0.2816901408450704,0.198976691301876,0.5391125350850228,0.2700986342780093,0.1907888306369679,home,0.3483237044480548,0.6516762955519452,1
316,12436999,Premier League,24/25,2024-09-28 11:30:00,Newcastle United,Manchester City,1.606666666666667,2.4466666666666668,0.6224066390041494,0.4087193460490463,0.6036184210526315,0.3963815789473683,0.2072368421052631,0.2072368421052631,4.924285714285714,4.188571428571429,1.68,0.2030751378009863,0.2387448840381991,0.5952380952380952,0.1958184738704025,0.2302136014431369,0.5739679246864605,away,0.378149450816058,0.621850549183942,0
303,12436985,Premier League,24/25,2024-09-28 14:00:00,Arsenal,Leicester City,1.6,2.453333333333333,0.625,0.4076086956521739,0.6052631578947368,0.3947368421052632,0.2105263157894736,0.2105263157894736,1.2014285714285715,7.155714285714287,16.02857142857143,0.8323424494649226,0.139748452784987,0.0623885918003565,0.8046002402677674,0.1350905973378303,0.0603091623944021,home,0.7442910778733652,0.2557089221266347,1
305,12436987,Premier League,24/25,2024-09-28 14:00:00,Brentford,West Ham United,1.66,2.353333333333333,0.6024096385542168,0.424929178470255,0.5863787375415281,0.4136212624584717,0.1727574750830564,0.1727574750830564,2.2485714285714287,3.6028571428571428,3.165714285714286,0.4447268106734434,0.2775574940523394,0.315884476534296,0.4283762127133659,0.2673529574983497,0.3042708297882843,home,0.1241053829250816,0.8389767447849839,0
307,12436989,Premier League,24/25,2024-09-28 14:00:00,Chelsea,Brighton & Hove Albion,1.4766666666666666,2.8200000000000003,0.6772009029345373,0.3546099290780141,0.6563227307990691,0.3436772692009309,0.3126454615981382,0.3126454615981382,1.77,4.214285714285714,4.287142857142857,0.5649717514124294,0.2372881355932203,0.2332555814728423,0.5455947000410878,0.2291497740172568,0.2252555259416553,home,0.3203391740994324,0.6796608259005675,0
310,12436992,Premier League,24/25,2024-09-28 14:00:00,Everton,Crystal Palace,1.93,2.0033333333333334,0.5181347150259068,0.4991680532445923,0.5093220338983051,0.4906779661016949,0.0186440677966102,0.0186440677966102,2.76,3.357142857142857,2.6542857142857144,0.3623188405797101,0.2978723404255319,0.3767491926803014,0.3494114510094144,0.2872608184468888,0.3633277305436968,none_clear,0.0139162795342824,0.923933087903192,0
318,12437001,Premier League,24/25,2024-09-28 14:00:00,Nottingham Forest,Fulham,2.2566666666666664,1.7066666666666668,0.4431314623338258,0.5859375,0.4306139613120269,0.569386038687973,-0.138772077375946,0.138772077375946,2.562857142857143,3.1700000000000004,3.0242857142857145,0.3901895206243032,0.3154574132492113,0.3306565895134624,0.376520499852241,0.3044063887944662,0.3190731113532926,home,0.0574473884989484,0.9278858889422252,0
319,12437002,Premier League,24/25,2024-09-28 16:30:00,Wolverhampton,Liverpool FC,1.41,3.103333333333333,0.7092198581560284,0.3222341568206229,0.6875923190546529,0.3124076809453471,0.3751846381093058,0.3751846381093058,8.9,5.864285714285714,1.3257142857142858,0.1123595505617977,0.1705237515225335,0.7543103448275862,0.1083303497821557,0.164408789072553,0.7272608611452912,away,0.6189305113631355,0.3810694886368645,0
311,12436993,Premier League,24/25,2024-09-29 13:00:00,Ipswich Town,Aston Villa,1.836666666666667,2.07,0.5444646098003629,0.4830917874396135,0.5298634812286689,0.470136518771331,0.0597269624573378,0.0597269624573378,3.652857142857143,3.585714285714286,2.0757142857142856,0.2737583105201407,0.2788844621513944,0.4817618719889883,0.2646530174948936,0.2696086716073478,0.4657383108977585,away,0.2010852934028649,0.7989147065971351,0
313,12436995,Premier League,24/25,2024-09-29 15:30:00,Manchester United,Tottenham Hotspur,1.4533333333333331,2.9033333333333338,0.6880733944954129,0.3444316877152698,0.6664116296863045,0.3335883703136954,0.3328232593726091,0.3328232593726091,2.0957142857142856,3.8485714285714288,3.3042857142857143,0.4771642808452624,0.2598366740905716,0.3026372676178123,0.4589714676642146,0.2499298972024509,0.2910986351333345,home,0.1678728325308801,0.7909584295382364,1
300,12436982,Premier League,24/25,2024-09-30 19:00:00,Bournemouth,Southampton,1.59,2.4966666666666666,0.6289308176100629,0.4005340453938585,0.6109298531810766,0.3890701468189234,0.2218597063621532,0.2218597063621532,1.53,4.465714285714286,6.168571428571428,0.6535947712418301,0.2239283429302623,0.1621120889300602,0.6286770294922469,0.2153912663423532,0.1559317041653998,home,0.4727453253268471,0.5272546746731529,0
332,12437015,Premier League,24/25,2024-10-05 11:30:00,Crystal Palace,Liverpool FC,1.6966666666666663,2.28,0.5893909626719057,0.4385964912280702,0.5733445096395642,0.4266554903604359,0.1466890192791282,0.1466890192791282,5.194285714285714,4.067142857142857,1.6685714285714286,0.1925192519251925,0.2458728486125746,0.5993150684931506,0.1855236791945652,0.2369385660524901,0.5775377547529446,away,0.3920140755583793,0.6079859244416207,0
321,12437004,Premier League,24/25,2024-10-05 14:00:00,Arsenal,Southampton,1.4566666666666668,2.8800000000000003,0.6864988558352402,0.3472222222222221,0.6641045349730976,0.3358954650269024,0.3282090699461952,0.3282090699461952,1.1785714285714286,7.692857142857142,16.35857142857143,0.8484848484848485,0.1299907149489322,0.0611300323115885,0.8161603323003546,0.1250384910209456,0.0588011766786998,home,0.7573591556216547,0.2426408443783453,1
325,12437008,Premier League,24/25,2024-10-05 14:00:00,Brentford,Wolverhampton,1.7733333333333334,2.15,0.5639097744360902,0.4651162790697674,0.5480033984706881,0.4519966015293117,0.0960067969413763,0.0960067969413763,2.0614285714285714,3.607142857142857,3.6014285714285714,0.4851004851004851,0.2772277227722772,0.2776675922253074,0.4664446578099075,0.266566194542454,0.2669891476476385,home,0.1994555101622691,0.8001215367325465,1
336,12437020,Premier League,24/25,2024-10-05 14:00:00,Leicester City,Bournemouth,1.653333333333333,2.36,0.6048387096774194,0.423728813559322,0.5880398671096345,0.4119601328903654,0.1760797342192691,0.1760797342192691,3.545714285714286,3.8285714285714287,2.027142857142857,0.282030620467365,0.2611940298507462,0.4933051444679351,0.2720911853050783,0.2519889260922404,0.4759198886026811,away,0.2038287032976027,0.7760690374895594,0
338,12437022,Premier League,24/25,2024-10-05 14:00:00,Manchester City,Fulham,1.5166666666666666,2.7133333333333334,0.6593406593406593,0.3685503685503685,0.6414499605988968,0.3585500394011032,0.2828999211977935,0.2828999211977935,1.2642857142857142,6.365714285714286,11.024285714285714,0.7909604519774012,0.1570915619389587,0.0907088246728003,0.7614461602650324,0.1512297692626915,0.0873240704722759,home,0.6741220897927565,0.3258779102072435,1
340,12437024,Premier League,24/25,2024-10-05 14:00:00,West Ham United,Ipswich Town,1.7466666666666668,2.1933333333333334,0.5725190839694656,0.4559270516717325,0.55668358714044,0.4433164128595601,0.1133671742808798,0.1133671742808798,1.8985714285714284,3.807142857142857,4.018571428571429,0.526711813393529,0.2626641651031895,0.2488446498400284,0.5073216607507918,0.2529945542730965,0.2396837849761116,home,0.2676378757746801,0.7323621242253199,0
334,12437018,Premier League,24/25,2024-10-05 16:30:00,Everton,Newcastle United,1.7333333333333334,2.2066666666666666,0.5769230769230769,0.4531722054380664,0.560067681895093,0.4399323181049069,0.120135363790186,0.120135363790186,3.738571428571429,3.7642857142857142,1.9728571428571429,0.2674818494459304,0.2656546489563567,0.5068790731354091,0.2571902351908539,0.2554333379485634,0.4873764268605827,away,0.2301861916697288,0.7680569110879807,0
323,12437006,Premier League,24/25,2024-10-06 13:00:00,Aston Villa,Manchester United,1.4833333333333334,2.783333333333333,0.6741573033707865,0.3592814371257485,0.65234375,0.34765625,0.3046875,0.3046875,2.2,3.861428571428572,3.064285714285714,0.4545454545454545,0.2589715131335553,0.3263403263403264,0.4371229178847325,0.2490452436339209,0.3138318384813465,home,0.123291079403386,0.8119223257491883,0
330,12437013,Premier League,24/25,2024-10-06 13:00:00,Chelsea,Nottingham Forest,1.6133333333333333,2.436666666666667,0.6198347107438017,0.4103967168262653,0.6016460905349795,0.3983539094650205,0.203292181069959,0.203292181069959,1.502857142857143,4.57,6.518571428571429,0.6653992395437263,0.2188183807439825,0.153407845715538,0.6412711150071602,0.2108837802399288,0.1478451047529109,home,0.4934260102542492,0.5065739897457507,0
328,12437011,Premier League,24/25,2024-10-06 15:30:00,Brighton & Hove Albion,Tottenham Hotspur,1.4166666666666667,3.09,0.7058823529411764,0.3236245954692557,0.6856508875739645,0.3143491124260356,0.3713017751479289,0.3713017751479289,2.947142857142857,3.891428571428571,2.2414285714285715,0.3393116820164809,0.2569750367107196,0.4461440407903123,0.3255004506712087,0.2465152091537091,0.4279843401750819,away,0.1024838895038732,0.8185308689786273,0
353,12437038,Premier League,24/25,2024-10-19 11:30:00,Tottenham Hotspur,West Ham United,1.3533333333333335,3.45,0.7389162561576353,0.2898550724637681,0.7182512144344204,0.2817487855655795,0.4365024288688409,0.4365024288688409,1.4585714285714284,5.167142857142857,6.175714285714285,0.6856023506366309,0.1935305501797069,0.1619245894055054,0.6585633906639806,0.1858980430931501,0.1555385662428693,home,0.5030248244211113,0.4969751755788887,0
344,12437028,Premier League,24/25,2024-10-19 14:00:00,Fulham,Aston Villa,1.8266666666666669,2.0733333333333337,0.5474452554744524,0.4823151125401928,0.5316239316239316,0.4683760683760684,0.0632478632478632,0.0632478632478632,2.49,3.472857142857143,2.874285714285714,0.4016064257028113,0.2879473467708762,0.3479125248508946,0.3871031056512138,0.2775486273755926,0.3353482669731936,home,0.0517548386780201,0.8904455217243787,0
349,12437034,Premier League,24/25,2024-10-19 14:00:00,Manchester United,Brentford,1.5200000000000002,2.6966666666666668,0.6578947368421052,0.3708281829419035,0.6395256916996048,0.3604743083003953,0.2790513833992095,0.2790513833992095,1.6828571428571428,4.257142857142857,4.844285714285713,0.5942275042444822,0.2348993288590604,0.2064287820701858,0.5738248101187617,0.2268341027919131,0.1993410870893251,home,0.3744837230294366,0.6255162769705633,0
350,12437035,Premier League,24/25,2024-10-19 14:00:00,Newcastle United,Brighton & Hove Albion,1.5466666666666669,2.606666666666667,0.6465517241379309,0.3836317135549871,0.6276083467094704,0.3723916532905297,0.2552166934189406,0.2552166934189406,1.7328571428571429,4.065714285714286,4.642857142857143,0.5770816158285244,0.2459592410400562,0.2153846153846153,0.5557275233015629,0.2368578656938846,0.2074146110045525,home,0.3483129122970104,0.6516870877029896,0
352,12437037,Premier League,24/25,2024-10-19 14:00:00,Southampton,Leicester City,1.7733333333333334,2.1333333333333333,0.5639097744360902,0.46875,0.5460750853242321,0.4539249146757679,0.0921501706484641,0.0921501706484641,2.2014285714285715,3.5385714285714287,3.33,0.45425048669695,0.2825999192571659,0.3003003003003003,0.4379792482979045,0.2724771988805292,0.2895435528215663,home,0.1484356954763382,0.8344979505826247,1
346,12437030,Premier League,24/25,2024-10-19 14:15:00,Ipswich Town,Everton,1.89,2.043333333333333,0.5291005291005292,0.4893964110929853,0.5194915254237289,0.4805084745762711,0.0389830508474577,0.0389830508474577,2.394285714285714,3.43,3.051428571428571,0.4176610978520286,0.2915451895043732,0.3277153558052434,0.4027894495273059,0.2811641471919053,0.3160464032807887,home,0.0867430462465171,0.8783746976645994,0
342,12437026,Premier League,24/25,2024-10-19 16:30:00,Bournemouth,Arsenal,1.9766666666666663,1.95,0.5059021922428331,0.5128205128205129,0.4966044142614601,0.5033955857385399,-0.0067911714770798,0.0067911714770798,5.0200000000000005,3.738571428571429,1.7542857142857142,0.199203187250996,0.2674818494459304,0.5700325732899023,0.1921479729215044,0.2580083977249395,0.549843629353556,away,0.3576956564320515,0.6423043435679485,1
354,12437039,Premier League,24/25,2024-10-20 13:00:00,Wolverhampton,Manchester City,1.5133333333333334,2.716666666666667,0.6607929515418501,0.3680981595092024,0.6422379826635145,0.3577620173364854,0.284475965327029,0.284475965327029,8.541428571428572,5.48,1.352857142857143,0.1170764341863187,0.1824817518248175,0.7391763463569165,0.1127106402435798,0.1756769859271022,0.711612373829318,away,0.5989017335857381,0.4010982664142619,1
348,12437032,Premier League,24/25,2024-10-20 15:30:00,Liverpool FC,Chelsea,1.4166666666666667,3.09,0.7058823529411764,0.3236245954692557,0.6856508875739645,0.3143491124260356,0.3713017751479289,0.3713017751479289,1.68,4.452857142857143,4.597142857142857,0.5952380952380952,0.2245749117741418,0.2175264139216905,0.5738122770868923,0.2164912537228698,0.2096964691902378,home,0.3641158078966544,0.6358841921033456,0
351,12437036,Premier League,24/25,2024-10-21 19:00:00,Nottingham Forest,Crystal Palace,2.36,1.6566666666666665,0.423728813559322,0.6036217303822938,0.4124481327800829,0.587551867219917,-0.175103734439834,0.175103734439834,2.35,3.262857142857143,3.2585714285714285,0.425531914893617,0.3064798598949212,0.3068829460762823,0.4096006133705117,0.2950056957068703,0.2953936909226181,home,0.1142069224478936,0.8854050823363586,0
362,12437048,Premier League,24/25,2024-10-25 19:00:00,Leicester City,Nottingham Forest,2.04,1.8966666666666665,0.4901960784313726,0.5272407732864676,0.4817950889077053,0.5182049110922946,-0.0364098221845892,0.0364098221845892,2.981428571428572,3.3685714285714283,2.462857142857143,0.3354096789650215,0.2968617472434267,0.4060324825986078,0.3230361324078858,0.285910266469575,0.3910536011225392,away,0.0680174687146534,0.8948566653470358,0
356,12437041,Premier League,24/25,2024-10-26 14:00:00,Aston Villa,Bournemouth,1.6466666666666665,2.3666666666666667,0.6072874493927126,0.4225352112676056,0.5897009966777409,0.4102990033222591,0.1794019933554818,0.1794019933554818,1.7942857142857145,3.93,4.445714285714286,0.5573248407643312,0.2544529262086514,0.2249357326478149,0.5375881002496696,0.2454418952793839,0.2169700044709463,home,0.3206180957787232,0.6793819042212768,1
357,12437043,Premier League,24/25,2024-10-26 14:00:00,Brentford,Ipswich Town,1.7033333333333331,2.26,0.5870841487279844,0.4424778761061946,0.5702270815811608,0.4297729184188393,0.1404541631623214,0.1404541631623214,1.6728571428571428,4.161428571428571,5.064285714285715,0.5977796754910333,0.2403020940611054,0.1974612129760225,0.5772620601721637,0.2320541958330257,0.1906837439948106,home,0.3865783161773531,0.6134216838226468,1
358,12437044,Premier League,24/25,2024-10-26 14:00:00,Brighton & Hove Albion,Wolverhampton,1.64,2.3866666666666667,0.6097560975609756,0.4189944134078212,0.5927152317880794,0.4072847682119205,0.1854304635761589,0.1854304635761589,1.57,4.3742857142857146,5.74,0.6369426751592356,0.2286087524493794,0.1742160278745644,0.6125818535676794,0.2198652701080599,0.1675528763242607,home,0.4450289772434186,0.5549710227565814,1
363,12437049,Premier League,24/25,2024-10-26 14:00:00,Manchester City,Southampton,1.28,3.96,0.78125,0.2525252525252525,0.7557251908396946,0.2442748091603053,0.5114503816793893,0.5114503816793893,1.127142857142857,10.114285714285714,21.15714285714285,0.8871989860583017,0.0988700564971751,0.0472653612424037,0.8585787744969314,0.0956806007172427,0.0457406247858257,home,0.8128381497111057,0.1871618502888943,0
361,12437047,Premier League,24/25,2024-10-26 16:30:00,Everton,Fulham,1.8266666666666669,2.0733333333333337,0.5474452554744524,0.4823151125401928,0.5316239316239316,0.4683760683760684,0.0632478632478632,0.0632478632478632,2.7285714285714286,3.392857142857143,2.6585714285714284,0.3664921465968586,0.2947368421052632,0.3761418592154756,0.3532894213603065,0.2841190714939728,0.3625915071457203,none_clear,0.0093020857854138,0.9215275643482526,1
359,12437045,Premier League,24/25,2024-10-27 14:00:00,Chelsea,Newcastle United,1.5166666666666666,2.6966666666666668,0.6593406593406593,0.3708281829419035,0.6400316455696202,0.3599683544303797,0.2800632911392405,0.2800632911392405,1.7857142857142858,4.15,4.198571428571428,0.5599999999999999,0.2409638554216867,0.2381762504253147,0.5389071183462262,0.2318877445551747,0.2292051370985991,home,0.309701981247627,0.690298018752373,0
360,12437046,Premier League,24/25,2024-10-27 14:00:00,Crystal Palace,Tottenham Hotspur,1.54,2.643333333333333,0.6493506493506493,0.3783102143757881,0.6318725099601593,0.3681274900398406,0.2637450199203187,0.2637450199203187,3.77,3.9642857142857135,1.9328571428571428,0.2652519893899204,0.2522522522522522,0.5173688100517368,0.2563135535858707,0.2437518803290496,0.4999345660850796,away,0.2436210124992089,0.74381731424397,0
364,12437050,Premier League,24/25,2024-10-27 14:00:00,West Ham United,Manchester United,1.66,2.3433333333333333,0.6024096385542168,0.4267425320056899,0.585345545378851,0.4146544546211491,0.1706910907577019,0.1706910907577019,3.341428571428572,3.705714285714286,2.1414285714285715,0.2992731936725096,0.2698535080956052,0.466977985323549,0.2888445515216871,0.2604500408670879,0.4507054076112249,away,0.1618608560895378,0.809744633255863,1
355,12437040,Premier League,24/25,2024-10-27 16:30:00,Arsenal,Liverpool FC,1.893333333333333,1.9966666666666668,0.528169014084507,0.5008347245409015,0.5132819194515853,0.4867180805484147,0.0265638389031705,0.0265638389031705,2.268571428571428,3.375714285714285,3.317142857142857,0.4408060453400504,0.2962336013542108,0.301464254952627,0.4244625799103961,0.2852503499355519,0.2902870701540521,home,0.134175509756344,0.8607877700251557,1
370,12437056,Premier League,24/25,2024-11-02 12:30:00,Newcastle United,Arsenal,1.9433333333333331,1.9866666666666664,0.5145797598627787,0.5033557046979866,0.5055131467345206,0.4944868532654792,0.0110262934690414,0.0110262934690414,4.061428571428571,3.6242857142857146,1.95,0.2462187829757298,0.2759164367363027,0.5128205128205129,0.2379027191561424,0.2665973317149834,0.4954999491288741,away,0.2575972299727316,0.7424027700272684,0
365,12437051,Premier League,24/25,2024-11-02 15:00:00,Bournemouth,Manchester City,1.5766666666666669,2.526666666666667,0.6342494714587738,0.3957783641160949,0.6157595450852965,0.3842404549147035,0.231519090170593,0.231519090170593,6.004285714285714,4.418571428571428,1.5457142857142858,0.1665477040209374,0.2263174911089557,0.6469500924214417,0.1601704706738263,0.2176516289175856,0.622177900408588,away,0.4620074297347616,0.5379925702652384,1
367,12437053,Premier League,24/25,2024-11-02 15:00:00,Ipswich Town,Leicester City,1.7066666666666668,2.2533333333333334,0.5859375,0.4437869822485207,0.569023569023569,0.4309764309764309,0.138047138047138,0.138047138047138,2.3657142857142857,3.6014285714285714,2.981428571428572,0.4227053140096618,0.2776675922253074,0.3354096789650215,0.4081023566620837,0.2680751696280883,0.3238224737098278,home,0.0842798829522559,0.8599728129660046,1
368,12437054,Premier League,24/25,2024-11-02 15:00:00,Liverpool FC,Brighton & Hove Albion,1.4066666666666665,3.1266666666666665,0.7109004739336494,0.3198294243070362,0.6897058823529413,0.3102941176470588,0.3794117647058824,0.3794117647058824,1.3714285714285714,5.547142857142857,7.71,0.7291666666666666,0.1802729848055627,0.1297016861219196,0.7017011452502265,0.1734826421427292,0.1248162126070442,home,0.5768849326431823,0.4231150673568177,0
371,12437057,Premier League,24/25,2024-11-02 15:00:00,Nottingham Forest,West Ham United,2.04,1.893333333333333,0.4901960784313726,0.528169014084507,0.4813559322033899,0.5186440677966101,-0.0372881355932201,0.0372881355932201,2.0485714285714285,3.475714285714285,3.7971428571428576,0.4881450488145049,0.2877106452938759,0.2633559066967644,0.4697263275701571,0.2768547282102775,0.2534189442195655,home,0.2163073833505915,0.7836926166494085,1
372,12437058,Premier League,24/25,2024-11-02 15:00:00,Southampton,Everton,1.9966666666666668,1.93,0.5008347245409015,0.5181347150259068,0.4915110356536502,0.5084889643463498,-0.0169779286926995,0.0169779286926995,2.707142857142857,3.34,2.7,0.3693931398416887,0.2994011976047904,0.3703703703703704,0.3554712136228489,0.2881171727182629,0.3564116136588882,none_clear,0.0009404000360392,0.9317055590593748,1
374,12437060,Premier League,24/25,2024-11-02 17:30:00,Wolverhampton,Crystal Palace,2.0033333333333334,1.9266666666666663,0.4991680532445923,0.5190311418685122,0.4902459711620017,0.5097540288379984,-0.0195080576759966,0.0195080576759966,2.435714285714286,3.36,3.0342857142857143,0.4105571847507331,0.2976190476190476,0.3295668549905838,0.3956250730564142,0.2867945363780554,0.3175803905655303,home,0.0780446824908839,0.8911694633216412,1
373,12437059,Premier League,24/25,2024-11-03 14:00:00,Tottenham Hotspur,Aston Villa,1.47,2.84,0.6802721088435374,0.352112676056338,0.6589327146171693,0.3410672853828306,0.3178654292343386,0.3178654292343386,1.9557142857142855,4.007142857142857,3.612857142857143,0.5113221329437545,0.249554367201426,0.276789244760775,0.4927618893212052,0.2404959096187985,0.2667422010599961,home,0.2260196882612091,0.7477340202975933,1
369,12437055,Premier League,24/25,2024-11-03 16:30:00,Manchester United,Chelsea,1.5166666666666666,2.7133333333333334,0.6593406593406593,0.3685503685503685,0.6414499605988968,0.3585500394011032,0.2828999211977935,0.2828999211977935,2.6814285714285715,3.595714285714286,2.5928571428571425,0.3729355354288758,0.278108859753675,0.3856749311294766,0.3597266164175194,0.2682585852267318,0.3720147983557488,none_clear,0.0122881819382293,0.8962437868709829,0
366,12437052,Premier League,24/25,2024-11-04 20:00:00,Fulham,Brentford,1.7233333333333334,2.223333333333333,0.5802707930367504,0.4497751124437781,0.5633445945945945,0.4366554054054054,0.1266891891891891,0.1266891891891891,2.0,3.777142857142857,3.658571428571429,0.5,0.264750378214826,0.273330730183522,0.4816579320776277,0.2550382393754458,0.2633038285469264,home,0.2183541035307012,0.773380307297818,1
50,12436483,Premier League,24/25,2024-11-09 15:00:00,Crystal Palace,Fulham,2.146666666666667,1.7733333333333334,0.4658385093167701,0.5639097744360902,0.4523809523809523,0.5476190476190477,-0.0952380952380953,0.0952380952380953,3.392857142857143,3.325714285714286,2.2657142857142856,0.2947368421052632,0.3006872852233677,0.4413619167717528,0.2842793301302637,0.2900186465031685,0.4257020233665677,away,0.1414226932363039,0.858577306763696,1
52,12436485,Premier League,24/25,2024-11-09 15:00:00,Wolverhampton,Southampton,1.7333333333333334,2.2,0.5769230769230769,0.4545454545454546,0.559322033898305,0.4406779661016949,0.11864406779661,0.11864406779661,1.917142857142857,3.795714285714286,4.002857142857143,0.5216095380029806,0.2634550244636808,0.2498215560314061,0.504026026322581,0.2545739282366969,0.2414000454407222,home,0.2626259808818587,0.7373740191181413,0
53,12436486,Premier League,24/25,2024-11-09 15:00:00,West Ham United,Everton,1.96,1.9666666666666668,0.5102040816326531,0.5084745762711864,0.500848896434635,0.4991511035653651,0.0016977928692699,0.0016977928692699,2.157142857142857,3.4442857142857144,3.532857142857143,0.4635761589403974,0.2903359601824968,0.2830570157703194,0.4470491390162119,0.2799851513539941,0.2729657096297938,home,0.1740834293864182,0.8259165706135818,0
200,12436876,Premier League,24/25,2024-11-09 15:00:00,Brentford,Bournemouth,1.6833333333333331,2.303333333333333,0.594059405940594,0.4341534008683068,0.5777591973244146,0.4222408026755853,0.1555183946488293,0.1555183946488293,2.62,3.5785714285714287,2.6700000000000004,0.381679389312977,0.279441117764471,0.3745318352059925,0.3685400725029382,0.2698213544791971,0.3616385730178645,none_clear,0.0069014994850737,0.9012812819762588,0
205,12436882,Premier League,24/25,2024-11-09 17:30:00,Brighton & Hove Albion,Manchester City,1.4799999999999998,2.81,0.6756756756756758,0.3558718861209964,0.655011655011655,0.3449883449883449,0.3100233100233101,0.3100233100233101,4.151428571428571,4.092857142857143,1.8142857142857145,0.2408809359944941,0.2443280977312391,0.5511811023622046,0.2324230302921904,0.2357491539368605,0.531827815770949,away,0.2994047854787585,0.7005952145212415,1
51,12436484,Premier League,24/25,2024-11-09 20:00:00,Liverpool FC,Aston Villa,1.5933333333333335,2.4833333333333334,0.6276150627615062,0.4026845637583892,0.6091578086672118,0.3908421913327882,0.2183156173344235,0.2183156173344235,1.4828571428571429,4.748571428571429,6.517142857142857,0.6743737957610791,0.210589651022864,0.1534414730381411,0.6494323966383203,0.2028010913690061,0.1477665119926735,home,0.5016658846456468,0.4983341153543532,1
54,12436487,Premier League,24/25,2024-11-10 14:00:00,Nottingham Forest,Newcastle United,1.9766666666666663,1.9533333333333327,0.5059021922428331,0.5119453924914676,0.4970313825275657,0.5029686174724343,-0.0059372349448685,0.0059372349448685,2.7842857142857147,3.3057142857142856,2.6614285714285715,0.3591585428424833,0.3025064822817632,0.3757380568974772,0.3462092498728111,0.2915997528099002,0.3621909973172888,none_clear,0.0159817474444776,0.9294087554926114,1
59,12436492,Premier League,24/25,2024-11-10 14:00:00,Tottenham Hotspur,Ipswich Town,1.346666666666667,3.49,0.7425742574257426,0.2865329512893983,0.7215713301171605,0.2784286698828394,0.443142660234321,0.443142660234321,1.26,6.685714285714285,10.58,0.7936507936507936,0.1495726495726496,0.0945179584120983,0.7647866726719713,0.1441328729266408,0.0910804544013879,home,0.6737062182705834,0.3262937817294166,0
61,12436494,Premier League,24/25,2024-11-10 14:00:00,Manchester United,Leicester City,1.5166666666666666,2.703333333333333,0.6593406593406593,0.3699136868064118,0.6406003159557662,0.3593996840442338,0.2812006319115323,0.2812006319115323,1.3314285714285714,5.738571428571428,8.844285714285714,0.7510729613733905,0.1742593975603684,0.1130673558391213,0.7232985050825692,0.1678153365040962,0.1088861584133346,home,0.6144123466692346,0.3855876533307654,1
213,12436890,Premier League,24/25,2024-11-10 16:30:00,Chelsea,Arsenal,1.8266666666666669,2.07,0.5474452554744524,0.4830917874396135,0.5312232677502139,0.4687767322497863,0.0624465355004276,0.0624465355004276,2.9771428571428573,3.3842857142857143,2.4442857142857144,0.3358925143953934,0.295483326298016,0.4091174751607247,0.3228204441848446,0.2839838774509144,0.3931956783642409,away,0.0703752341793962,0.8907881990866735,0
62,12436495,Premier League,24/25,2024-11-23 12:30:00,Leicester City,Chelsea,1.5833333333333333,2.5066666666666664,0.6315789473684211,0.398936170212766,0.612876935615322,0.3871230643846781,0.2257538712306439,0.2257538712306439,6.948571428571428,4.867142857142857,1.4528571428571428,0.1439144736842105,0.2054593484003522,0.688298918387414,0.1386896543304705,0.1980001404941029,0.6633102051754265,away,0.524620550844956,0.475379449155044,1
55,12436488,Premier League,24/25,2024-11-23 15:00:00,Everton,Brentford,1.893333333333333,2.036666666666666,0.528169014084507,0.4909983633387889,0.5182357930449534,0.4817642069550467,0.0364715860899066,0.0364715860899066,2.3628571428571425,3.384285714285714,3.151428571428572,0.4232164449818622,0.295483326298016,0.3173164097914777,0.4085037016933551,0.2852111112709199,0.3062851870357249,home,0.1022185146576302,0.8767074095775648,0
56,12436489,Premier League,24/25,2024-11-23 15:00:00,Arsenal,Nottingham Forest,1.89,2.043333333333333,0.5291005291005292,0.4893964110929853,0.5194915254237289,0.4805084745762711,0.0389830508474577,0.0389830508474577,1.4042857142857144,4.774285714285715,8.525714285714285,0.7121057985757884,0.2094554159186115,0.1172922252010724,0.6854728216374139,0.201621718632429,0.1129054597301571,home,0.5725673619072567,0.4274326380927433,1
57,12436490,Premier League,24/25,2024-11-23 15:00:00,Fulham,Wolverhampton,1.62,2.4133333333333336,0.617283950617284,0.4143646408839778,0.5983471074380166,0.4016528925619834,0.1966942148760331,0.1966942148760331,1.5571428571428572,4.418571428571428,5.83,0.6422018348623854,0.2263174911089557,0.1715265866209262,0.6174745048146254,0.2176033657445656,0.164922129440809,home,0.4525523753738164,0.5474476246261837,1
58,12436491,Premier League,24/25,2024-11-23 15:00:00,Bournemouth,Brighton & Hove Albion,1.596666666666667,2.4766666666666666,0.6263048016701461,0.4037685060565276,0.6080196399345336,0.3919803600654664,0.2160392798690671,0.2160392798690671,2.4528571428571437,3.5814285714285714,2.8542857142857145,0.4076878276062899,0.2792181890706023,0.3503503503503503,0.3930444204210726,0.2691891782461036,0.3377664013328237,home,0.0552780190882488,0.876144757825031,1
60,12436493,Premier League,24/25,2024-11-23 15:00:00,Aston Villa,Crystal Palace,1.8966666666666665,2.03,0.5272407732864676,0.4926108374384237,0.5169779286926995,0.4830220713073005,0.0339558573853989,0.0339558573853989,1.727142857142857,3.812857142857143,5.117142857142857,0.5789909015715468,0.2622705133008617,0.1954215522054718,0.5585033418688843,0.2529900862942979,0.1885065718368177,home,0.3699967700320665,0.6300032299679335,1
66,12436499,Premier League,24/25,2024-11-23 17:30:00,Manchester City,Tottenham Hotspur,1.3433333333333335,3.5066666666666664,0.7444168734491314,0.285171102661597,0.7230240549828177,0.2769759450171821,0.4460481099656356,0.4460481099656356,1.41,5.28,7.194285714285714,0.7092198581560284,0.1893939393939394,0.1389992057188244,0.6835109582491479,0.1825284945324428,0.1339605472184092,home,0.5495504110307387,0.4504495889692613,1
73,12436506,Premier League,24/25,2024-11-24 14:00:00,Southampton,Liverpool FC,1.4066666666666665,3.14,0.7109004739336494,0.3184713375796178,0.6906158357771262,0.3093841642228738,0.3812316715542523,0.3812316715542523,9.23857142857143,5.651428571428572,1.3214285714285714,0.1082418432039585,0.1769464105156723,0.7567567567567568,0.1038844105165101,0.1698231756345478,0.726292413848942,away,0.6224080033324318,0.3775919966675681,1
64,12436497,Premier League,24/25,2024-11-24 16:30:00,Ipswich Town,Manchester United,1.6733333333333331,2.316666666666667,0.5976095617529881,0.4316546762589928,0.5806182121971597,0.4193817878028404,0.1612364243943192,0.1612364243943192,5.21,4.091428571428572,1.66,0.1919385796545105,0.244413407821229,0.6024096385542169,0.1847763479558642,0.2352930659898871,0.5799305860542487,away,0.3951542380983844,0.6048457619016155,0
63,12436496,Premier League,24/25,2024-11-25 20:00:00,Newcastle United,West Ham United,1.5200000000000002,2.6933333333333334,0.6578947368421052,0.3712871287128713,0.6392405063291139,0.3607594936708861,0.2784810126582278,0.2784810126582278,1.4828571428571429,4.801428571428572,6.502857142857143,0.6743737957610791,0.2082713478131508,0.1537785588752196,0.6506738452307549,0.200951934349754,0.148374220419491,home,0.5022996248112638,0.4977003751887362,0
68,12436501,Premier League,24/25,2024-11-29 20:00:00,Brighton & Hove Albion,Southampton,1.38,3.2566666666666664,0.7246376811594202,0.3070624360286592,0.702372393961179,0.297627606038821,0.4047447879223579,0.4047447879223579,1.39,5.401428571428572,7.488571428571428,0.7194244604316546,0.1851362073525522,0.1335368180083937,0.6930220622607182,0.1783418319438452,0.1286361057954366,home,0.5643859564652816,0.4356140435347184,0
67,12436500,Premier League,24/25,2024-11-30 15:00:00,Brentford,Leicester City,1.6033333333333335,2.45,0.6237006237006236,0.4081632653061225,0.6044407894736841,0.3955592105263158,0.2088815789473682,0.2088815789473682,1.6228571428571428,4.337142857142857,5.214285714285714,0.6161971830985916,0.230566534914361,0.1917808219178082,0.5933276421054345,0.222009289009148,0.1846630688854174,home,0.4086645732200171,0.5913354267799829,0
69,12436502,Premier League,24/25,2024-11-30 15:00:00,Crystal Palace,Newcastle United,1.9066666666666665,2.023333333333333,0.5244755244755245,0.4942339373970346,0.5148430873621713,0.4851569126378286,0.0296861747243427,0.0296861747243427,3.29,3.4614285714285717,2.24,0.303951367781155,0.2888980602558811,0.4464285714285714,0.2924639681946943,0.2779795785193483,0.4295564532859573,away,0.1370924850912629,0.848423125233391,1
70,12436503,Premier League,24/25,2024-11-30 15:00:00,Nottingham Forest,Ipswich Town,1.79,2.12,0.5586592178770949,0.4716981132075471,0.5421994884910486,0.4578005115089513,0.0843989769820972,0.0843989769820972,1.7185714285714284,3.9642857142857135,4.95,0.5818786367414797,0.2522522522522522,0.202020202020202,0.5615770149622461,0.2434512248647142,0.1949717601730395,home,0.3666052547892066,0.6333947452107934,0
244,12436922,Premier League,24/25,2024-11-30 15:00:00,Wolverhampton,Bournemouth,1.7700000000000002,2.146666666666667,0.5649717514124293,0.4658385093167701,0.5480851063829787,0.4519148936170213,0.0961702127659573,0.0961702127659573,2.6914285714285717,3.4714285714285715,2.645714285714285,0.3715498938428875,0.2880658436213991,0.3779697624190065,0.3580908695087577,0.2776309457425923,0.3642781847486499,none_clear,0.0061873152398921,0.9133527609939424,0
237,12436914,Premier League,24/25,2024-11-30 17:30:00,West Ham United,Arsenal,1.68,2.3000000000000003,0.5952380952380952,0.4347826086956521,0.577889447236181,0.4221105527638191,0.1557788944723618,0.1557788944723618,7.399999999999999,4.765714285714286,1.4342857142857142,0.1351351351351351,0.2098321342925659,0.6972111553784861,0.1296660263910818,0.2013399330652889,0.6689940405436293,away,0.5393280141525475,0.4606719858474525,0
65,12436498,Premier League,24/25,2024-12-01 13:30:00,Chelsea,Aston Villa,1.586666666666667,2.4933333333333336,0.6302521008403361,0.4010695187165775,0.6111111111111112,0.3888888888888889,0.2222222222222222,0.2222222222222222,1.7128571428571429,4.072857142857143,4.734285714285714,0.5838198498748958,0.2455278849526481,0.2112251056125528,0.561056205952845,0.2359545390871487,0.2029892549600063,home,0.3580669509928386,0.6419330490071613,1
72,12436505,Premier League,24/25,2024-12-01 13:30:00,Manchester United,Everton,1.836666666666667,2.066666666666667,0.5444646098003629,0.4838709677419354,0.5294619982920581,0.4705380017079419,0.0589239965841161,0.0589239965841161,1.6042857142857143,4.038571428571428,5.82,0.6233303650934996,0.2476123098691192,0.1718213058419244,0.5977674493633447,0.2374576744375791,0.1647748761990761,home,0.4329925731642685,0.5670074268357315,0
74,12436507,Premier League,24/25,2024-12-01 13:30:00,Tottenham Hotspur,Fulham,1.4266666666666663,3.06,0.7009345794392524,0.326797385620915,0.6820208023774146,0.3179791976225854,0.3640416047548291,0.3640416047548291,1.94,4.124285714285714,3.5685714285714285,0.5154639175257733,0.2424662279182542,0.2802241793434747,0.4965195493755541,0.2335550911160382,0.2699253595084077,home,0.2265941898671464,0.7370355417404841,0
71,12436504,Premier League,24/25,2024-12-01 16:00:00,Liverpool FC,Manchester City,1.5533333333333337,2.54,0.6437768240343347,0.3937007874015747,0.6205211726384364,0.3794788273615635,0.2410423452768729,0.2410423452768729,2.045714285714286,3.74,3.5371428571428574,0.488826815642458,0.267379679144385,0.282714054927302,0.470514146415678,0.2573629708431058,0.272122882741216,home,0.198391263674462,0.7868488244274278,1
281,12436961,Premier League,24/25,2024-12-03 19:30:00,Ipswich Town,Crystal Palace,2.04,1.893333333333333,0.4901960784313725,0.528169014084507,0.4813559322033898,0.5186440677966101,-0.0372881355932203,0.0372881355932203,3.3000000000000003,3.3714285714285714,2.287142857142857,0.303030303030303,0.2966101694915254,0.4372267332916927,0.2922556536953513,0.2860637966255346,0.4216805496791141,away,0.1294248959837628,0.8643832469464204,0
286,12436966,Premier League,24/25,2024-12-03 20:15:00,Leicester City,West Ham United,1.81,2.0866666666666664,0.5524861878453039,0.4792332268370607,0.5355004277159965,0.4644995722840034,0.071000855431993,0.071000855431993,3.0171428571428573,3.481428571428572,2.394285714285714,0.3314393939393939,0.2872384078785391,0.4176610978520286,0.3198175751628602,0.2771664828658026,0.403015941971337,away,0.0831983668084768,0.8741505408944655,1
268,12436947,Premier League,24/25,2024-12-04 19:30:00,Everton,Wolverhampton,2.0933333333333333,1.846666666666667,0.4777070063694267,0.5415162454873647,0.4686971235194585,0.5313028764805414,-0.0626057529610829,0.0626057529610829,2.117142857142857,3.334285714285714,3.727142857142857,0.4723346828609986,0.2999143101970866,0.2683020314296665,0.4539274593415754,0.2882264330523628,0.2578461076060616,home,0.1960813517355138,0.8039186482644862,0
292,12436972,Premier League,24/25,2024-12-04 19:30:00,Manchester City,Nottingham Forest,1.4766666666666666,2.81,0.6772009029345373,0.3558718861209964,0.6555209953343701,0.3444790046656298,0.3110419906687403,0.3110419906687403,1.3142857142857145,5.662857142857143,9.645714285714286,0.7608695652173911,0.1765893037336024,0.1036729857819905,0.730809994678848,0.1696128141030626,0.0995771912180895,home,0.6312328034607585,0.3687671965392415,0
297,12436978,Premier League,24/25,2024-12-04 19:30:00,Newcastle United,Liverpool FC,1.65,2.3633333333333333,0.606060606060606,0.4231311706629055,0.5888704318936877,0.4111295681063123,0.1777408637873753,0.1777408637873753,3.64,3.738571428571429,2.007142857142857,0.2747252747252747,0.2674818494459304,0.498220640569395,0.2640503108774392,0.257088342420984,0.4788613467015767,away,0.2148110358241374,0.7782269957194073,1
302,12436984,Premier League,24/25,2024-12-04 19:30:00,Southampton,Chelsea,1.3733333333333333,3.276666666666667,0.7281553398058253,0.3051881993896236,0.7046594982078853,0.2953405017921147,0.4093189964157706,0.4093189964157706,8.827142857142857,5.792857142857143,1.3214285714285714,0.113286939634245,0.1726263871763255,0.7567567567567568,0.1086508008809958,0.1655618492339515,0.7257873498850524,away,0.6171365490040566,0.3828634509959434,1
256,12436935,Premier League,24/25,2024-12-04 20:15:00,Arsenal,Manchester United,1.64,2.3866666666666667,0.6097560975609756,0.4189944134078212,0.5927152317880794,0.4072847682119205,0.1854304635761589,0.1854304635761589,1.4585714285714284,4.725714285714285,6.708571428571429,0.6856023506366309,0.2116082224909311,0.1490630323679727,0.6552801743592841,0.2022494129446279,0.1424704126960879,home,0.5128097616631961,0.4871902383368038,0
263,12436942,Premier League,24/25,2024-12-04 20:15:00,Aston Villa,Brentford,1.5599999999999998,2.563333333333333,0.6410256410256411,0.3901170351105332,0.6216653193209378,0.3783346806790623,0.2433306386418755,0.2433306386418755,1.6885714285714286,4.071428571428571,4.921428571428572,0.5922165820642978,0.2456140350877193,0.2031930333817126,0.5688790852740666,0.2359351153662971,0.1951857993596362,home,0.3736932859144304,0.6263067140855696,0
275,12436955,Premier League,24/25,2024-12-05 19:30:00,Fulham,Brighton & Hove Albion,1.7066666666666668,2.2433333333333336,0.5859375,0.4457652303120356,0.5679324894514768,0.4320675105485231,0.1358649789029536,0.1358649789029536,2.5928571428571425,3.6042857142857145,2.684285714285714,0.3856749311294766,0.2774474831549742,0.3725385843533795,0.3723949551414428,0.267894111605913,0.3597109332526443,none_clear,0.0126840218887985,0.8954991564644701,1
375,13015216,Premier League,24/25,2024-12-05 20:15:00,Bournemouth,Tottenham Hotspur,1.4533333333333331,2.9,0.6880733944954129,0.3448275862068966,0.666156202143951,0.333843797856049,0.332312404287902,0.332312404287902,2.1871428571428573,3.932857142857143,3.0385714285714287,0.4572175048987589,0.2542680711950599,0.3291020216267042,0.4393839652714721,0.2443504725138481,0.3162655622146797,home,0.1231184030567923,0.804966507242376,0
13,12436445,Premier League,24/25,2024-12-07 15:00:00,Crystal Palace,Manchester City,1.64,2.3766666666666665,0.6097560975609756,0.420757363253857,0.591701244813278,0.408298755186722,0.1834024896265559,0.1834024896265559,4.674285714285714,3.988571428571429,1.7457142857142858,0.2139364303178484,0.2507163323782235,0.5728314238952537,0.2062069312311551,0.2416579795803508,0.552135089188494,away,0.3459281579573388,0.6540718420426612,0
18,12436450,Premier League,24/25,2024-12-07 15:00:00,Brentford,Newcastle United,1.5933333333333335,2.48,0.6276150627615062,0.4032258064516129,0.6088379705400981,0.3911620294599018,0.2176759410801963,0.2176759410801963,2.9857142857142853,3.697142857142857,2.3042857142857143,0.3349282296650718,0.2704791344667697,0.4339739615623063,0.3222380673824315,0.2602308967655648,0.4175310358520036,away,0.095292968469572,0.8426998609135612,1
308,12436990,Premier League,24/25,2024-12-07 15:00:00,Aston Villa,Southampton,1.4766666666666666,2.806666666666666,0.6772009029345373,0.3562945368171021,0.6552529182879377,0.3447470817120622,0.3105058365758755,0.3105058365758755,1.3228571428571427,5.687142857142858,9.31,0.7559395248380131,0.1758352172820899,0.1074113856068743,0.727434195538664,0.1692047387763885,0.1033610656849474,home,0.6240731298537164,0.3759268701462835,0
17,12436449,Premier League,24/25,2024-12-07 17:30:00,Manchester United,Nottingham Forest,1.8,2.11,0.5555555555555556,0.4739336492890995,0.5396419437340153,0.4603580562659846,0.0792838874680306,0.0792838874680306,1.6942857142857142,3.904285714285714,5.148571428571429,0.5902192242833053,0.2561287961946579,0.1942286348501664,0.5672039837345657,0.2461412091874112,0.1866548070780229,home,0.3805491766565427,0.6194508233434572,0
12,12436444,Premier League,24/25,2024-12-08 14:00:00,Leicester City,Brighton & Hove Albion,1.5633333333333337,2.57,0.6396588486140724,0.3891050583657587,0.6217741935483871,0.3782258064516129,0.2435483870967741,0.2435483870967741,4.978571428571429,4.217142857142857,1.6657142857142857,0.2008608321377331,0.2371273712737127,0.6003430531732419,0.19344581111659,0.228373527012641,0.5781806618707688,away,0.3847348507541787,0.6152651492458213,1
26,12436459,Premier League,24/25,2024-12-08 14:00:00,Fulham,Arsenal,1.7766666666666666,2.146666666666667,0.5628517823639775,0.4658385093167701,0.5471537807986406,0.4528462192013593,0.0943075615972813,0.0943075615972813,5.452857142857143,4.262857142857143,1.612857142857143,0.1833900969347655,0.2345844504021448,0.6200177147918512,0.176677711025187,0.2259982650747785,0.5973240239000346,away,0.4206463128748475,0.5793536871251525,0
29,12436462,Premier League,24/25,2024-12-08 14:00:00,Ipswich Town,Bournemouth,1.7,2.2666666666666666,0.5882352941176471,0.4411764705882353,0.5714285714285715,0.4285714285714286,0.1428571428571429,0.1428571428571429,3.817142857142857,3.7885714285714287,1.9414285714285715,0.2619760479041916,0.2639517345399698,0.515084621044886,0.251655068687131,0.2535529198838666,0.4947920114290023,away,0.2431369427418713,0.7568630572581287,1
9,12436441,Premier League,24/25,2024-12-08 16:30:00,Tottenham Hotspur,Chelsea,1.3533333333333335,3.456666666666667,0.7389162561576353,0.2892960462873674,0.7186417186417187,0.2813582813582814,0.4372834372834372,0.4372834372834372,2.932857142857143,3.997142857142857,2.2214285714285715,0.3409644422795908,0.2501786990707648,0.45016077170418,0.3274398933923277,0.2402552184183162,0.4323048881893561,away,0.1048649947970284,0.8079503302289601,1
21,12436454,Premier League,24/25,2024-12-09 20:00:00,West Ham United,Wolverhampton,1.7,2.263333333333333,0.5882352941176471,0.4418262150220913,0.5710681244743482,0.4289318755256518,0.1421362489486963,0.1421362489486963,1.8185714285714287,3.8871428571428575,4.2942857142857145,0.5498821681068342,0.2572583608967291,0.2328675981370592,0.5287287221674596,0.2473618755307519,0.2239094023017884,home,0.3048193198656711,0.6951806801343289,0
6,12436438,Premier League,24/25,2024-12-14 15:00:00,Arsenal,Everton,1.6366666666666667,2.39,0.6109979633401221,0.4184100418410041,0.5935430463576159,0.4064569536423841,0.1870860927152318,0.1870860927152318,1.2342857142857144,6.5371428571428565,12.814285714285717,0.8101851851851851,0.152972027972028,0.0780379041248606,0.7781300274439292,0.1469196555313713,0.0749503170246995,home,0.7031797104192297,0.2968202895807703,0
14,12436446,Premier League,24/25,2024-12-14 15:00:00,Liverpool FC,Fulham,1.3966666666666665,3.17,0.7159904534606206,0.3154574132492113,0.694160583941606,0.3058394160583941,0.3883211678832118,0.3883211678832118,1.2900000000000005,6.221428571428571,9.608571428571429,0.7751937984496122,0.1607347876004592,0.104073743681237,0.7453769826168455,0.1545523341683149,0.1000706832148396,home,0.6453062994020058,0.3546937005979942,1
23,12436456,Premier League,24/25,2024-12-14 15:00:00,Wolverhampton,Ipswich Town,1.8433333333333333,2.06,0.5424954792043399,0.4854368932038835,0.5277540563620837,0.4722459436379163,0.0555081127241673,0.0555081127241673,1.98,3.652857142857143,3.792857142857143,0.5050505050505051,0.2737583105201407,0.263653483992467,0.4844784365460194,0.2626073965791094,0.2529141668748711,home,0.2315642696711483,0.7684357303288517,1
27,12436460,Premier League,24/25,2024-12-14 15:00:00,Newcastle United,Leicester City,1.3833333333333335,3.2466666666666666,0.7228915662650601,0.3080082135523614,0.7012239020878329,0.2987760979121671,0.4024478041756658,0.4024478041756658,1.2900000000000005,6.221428571428571,9.612857142857145,0.7751937984496122,0.1607347876004592,0.1040273443305097,0.7454102388414893,0.1545592297758588,0.1000305313826519,home,0.6453797074588373,0.3546202925411627,0
15,12436447,Premier League,24/25,2024-12-14 17:30:00,Nottingham Forest,Aston Villa,2.0933333333333333,1.8133333333333332,0.4777070063694267,0.551470588235294,0.4641638225255973,0.5358361774744027,-0.0716723549488054,0.0716723549488054,2.72,3.197142857142857,2.7785714285714285,0.3676470588235294,0.3127792672028597,0.3598971722365038,0.3533968611085086,0.3006557745981235,0.3459473642933678,none_clear,0.0074494968151408,0.9472589134896148,1
24,12436457,Premier League,24/25,2024-12-15 14:00:00,Brighton & Hove Albion,Crystal Palace,1.8,2.11,0.5555555555555556,0.4739336492890995,0.5396419437340153,0.4603580562659846,0.0792838874680306,0.0792838874680306,1.9,3.665714285714286,4.114285714285715,0.5263157894736842,0.2727981293842556,0.2430555555555555,0.5050193873408934,0.2617598539218192,0.2332207587372875,home,0.2717986286036058,0.7282013713963942,1
19,12436451,Premier League,24/25,2024-12-15 16:30:00,Manchester City,Manchester United,1.4766666666666666,2.8166666666666664,0.6772009029345373,0.3550295857988166,0.656055900621118,0.343944099378882,0.312111801242236,0.312111801242236,1.5214285714285716,4.805714285714286,5.618571428571428,0.6572769953051643,0.2080856123662306,0.1779811848461734,0.6299716354464213,0.1994410795928771,0.1705872849607014,home,0.4593843504857198,0.5406156495142802,1
25,12436458,Premier League,24/25,2024-12-15 19:00:00,Southampton,Tottenham Hotspur,1.3066666666666666,3.8,0.7653061224489796,0.2631578947368421,0.7441253263707571,0.2558746736292429,0.4882506527415142,0.4882506527415142,4.014285714285714,4.428571428571429,1.7657142857142856,0.2491103202846975,0.2258064516129032,0.5663430420711975,0.2392393492409975,0.2168588939894203,0.543901756769582,away,0.3046624075285844,0.6729571372198384,0
28,12436461,Premier League,24/25,2024-12-15 19:00:00,Chelsea,Brentford,1.346666666666667,3.48,0.7425742574257426,0.2873563218390804,0.7209944751381215,0.2790055248618784,0.4419889502762431,0.4419889502762431,1.3485714285714283,5.801428571428572,7.548571428571429,0.7415254237288136,0.1723713371090864,0.1324753974261922,0.7086631824751409,0.164732342835886,0.1266044746889729,home,0.582058707786168,0.417941292213832,1
32,12436465,Premier League,24/25,2024-12-16 20:00:00,Bournemouth,West Ham United,1.5533333333333337,2.6,0.6437768240343347,0.3846153846153846,0.6260032102728732,0.3739967897271268,0.2520064205457464,0.2520064205457464,1.7357142857142858,4.177142857142857,4.41,0.5761316872427983,0.2393980848153215,0.2267573696145124,0.5527571666270763,0.2296853479657653,0.2175574854071583,home,0.3351996812199179,0.6648003187800821,1
20,12436453,Premier League,24/25,2024-12-21 12:30:00,Aston Villa,Manchester City,1.65,2.373333333333333,0.606060606060606,0.4213483146067416,0.5898922949461474,0.4101077050538526,0.1797845898922948,0.1797845898922948,3.22,3.6185714285714288,2.1871428571428573,0.3105590062111801,0.2763521515988946,0.4572175048987589,0.2974336566965625,0.2646725077749908,0.4378938355284466,away,0.1404601788318841,0.8267786722465442,1
30,12436463,Premier League,24/25,2024-12-21 15:00:00,Brentford,Nottingham Forest,1.606666666666667,2.45,0.6224066390041494,0.4081632653061225,0.6039441248972884,0.3960558751027116,0.2078882497945768,0.2078882497945768,2.4971428571428573,3.595714285714286,2.7742857142857145,0.4004576659038901,0.278108859753675,0.360453141091658,0.3854187545427321,0.2676646733971775,0.3469165720600904,home,0.0385021824826416,0.8822459188544454,0
34,12436467,Premier League,24/25,2024-12-21 15:00:00,Ipswich Town,Newcastle United,1.61,2.4466666666666668,0.6211180124223602,0.4087193460490463,0.6031224322103533,0.3968775677896467,0.2062448644207066,0.2062448644207066,4.682857142857143,4.057142857142857,1.7257142857142858,0.2135448444173276,0.2464788732394366,0.5794701986754967,0.2054315480467619,0.2371143008793259,0.557454151073912,away,0.35202260302715,0.64797739697285,0
45,12436478,Premier League,24/25,2024-12-21 15:00:00,West Ham United,Brighton & Hove Albion,1.5233333333333334,2.6766666666666663,0.6564551422319475,0.3735990037359901,0.6373015873015873,0.3626984126984127,0.2746031746031745,0.2746031746031745,2.7742857142857145,3.62,2.4771428571428573,0.360453141091658,0.2762430939226519,0.4036908881199538,0.346460594404282,0.265519524204071,0.3880198813916469,away,0.0415592869873648,0.877499642812424,0
31,12436464,Premier League,24/25,2024-12-21 17:30:00,Crystal Palace,Arsenal,1.8766666666666667,2.056666666666666,0.5328596802841918,0.4862236628849271,0.5228813559322034,0.4771186440677966,0.0457627118644067,0.0457627118644067,7.258571428571429,4.457142857142857,1.4714285714285715,0.1377681558748278,0.2243589743589743,0.6796116504854368,0.1322482741591991,0.2153697054496445,0.6523820203911562,away,0.5201337462319571,0.4798662537680429,1
33,12436466,Premier League,24/25,2024-12-22 14:00:00,Everton,Chelsea,1.65,2.37,0.606060606060606,0.4219409282700422,0.58955223880597,0.4104477611940298,0.1791044776119401,0.1791044776119401,4.837142857142857,4.121428571428572,1.6814285714285713,0.2067336089781453,0.24263431542461,0.5947323704333051,0.1980016766594301,0.2323860232820903,0.5696123000584797,away,0.3716106233990496,0.6283893766009504,0
35,12436468,Premier League,24/25,2024-12-22 14:00:00,Fulham,Southampton,1.74,2.1933333333333334,0.5747126436781609,0.4559270516717325,0.5576271186440677,0.4423728813559321,0.1152542372881355,0.1152542372881355,1.6214285714285714,4.158571428571428,5.498571428571429,0.6167400881057269,0.2404671934043284,0.1818654195895037,0.5935485432858405,0.2314248013155029,0.1750266553986565,home,0.418521887887184,0.5814781121128161,0
36,12436469,Premier League,24/25,2024-12-22 14:00:00,Leicester City,Wolverhampton,1.6966666666666663,2.25,0.5893909626719057,0.4444444444444444,0.5701013513513513,0.4298986486486486,0.1402027027027027,0.1402027027027027,2.9528571428571437,3.422857142857143,2.435714285714286,0.3386550556361876,0.2921535893155259,0.4105571847507331,0.3252027731051563,0.2805484691186804,0.3942487577761632,away,0.0690459846710068,0.8862997113425173,0
37,12436470,Premier League,24/25,2024-12-22 14:00:00,Manchester United,Bournemouth,1.74,2.1933333333333334,0.5747126436781609,0.4559270516717325,0.5576271186440677,0.4423728813559321,0.1152542372881355,0.1152542372881355,1.851428571428572,3.775714285714286,4.238571428571428,0.5401234567901234,0.2648505486189935,0.2359285473542298,0.5188991566561395,0.2544431732979026,0.2266576700459578,home,0.2922414866101817,0.7077585133898183,0
38,12436471,Premier League,24/25,2024-12-22 16:30:00,Tottenham Hotspur,Liverpool FC,1.3133333333333337,3.6766666666666654,0.7614213197969543,0.271985494106981,0.7368069472277889,0.2631930527722111,0.4736138944555778,0.4736138944555778,4.781428571428571,4.581428571428572,1.6328571428571428,0.2091425156856887,0.2182725288431555,0.6124234470691163,0.2011298075379871,0.2099100298813978,0.588960162580615,away,0.3878303550426278,0.6121696449573721,1
48,12436481,Premier League,24/25,2024-12-26 12:30:00,Manchester City,Everton,1.5333333333333332,2.6666666666666665,0.6521739130434783,0.375,0.6349206349206349,0.365079365079365,0.2698412698412698,0.2698412698412698,1.3442857142857143,5.378571428571428,8.822857142857142,0.7438894792773645,0.1859229747675963,0.1133419689119171,0.7131153958670562,0.1782314973468525,0.1086531067860913,home,0.6044622890809649,0.3955377109190351,0
40,12436473,Premier League,24/25,2024-12-26 15:00:00,Chelsea,Fulham,1.5133333333333334,2.7099999999999995,0.6607929515418501,0.3690036900369004,0.6416732438831886,0.3583267561168115,0.2833464877663771,0.2833464877663771,1.4614285714285715,4.987142857142857,6.252857142857144,0.6842619745845552,0.2005156115726153,0.1599268905643134,0.6549813749548793,0.1919352468000119,0.1530833782451088,home,0.5018979967097704,0.4981020032902296,1
43,12436476,Premier League,24/25,2024-12-26 15:00:00,Bournemouth,Crystal Palace,1.71,2.2533333333333334,0.5847953216374269,0.4437869822485207,0.5685449957947855,0.4314550042052144,0.137089991589571,0.137089991589571,2.085714285714286,3.615714285714286,3.4957142857142856,0.4794520547945205,0.2765705254839984,0.2860645688598284,0.4600882519191958,0.2654005720276672,0.2745111760531368,home,0.1855770758660589,0.8053123201084715,0
44,12436477,Premier League,24/25,2024-12-26 15:00:00,Newcastle United,Aston Villa,1.643333333333333,2.3766666666666665,0.6085192697768763,0.420757363253857,0.5912106135986733,0.4087893864013267,0.1824212271973466,0.1824212271973466,1.9328571428571428,3.814285714285714,3.818571428571429,0.5173688100517368,0.2621722846441948,0.2618780396558174,0.4967921108668536,0.2517452157314056,0.2514626734017407,home,0.2453294374651128,0.7546705625348871,1
46,12436479,Premier League,24/25,2024-12-26 15:00:00,Nottingham Forest,Tottenham Hotspur,1.4333333333333331,3.02,0.6976744186046512,0.3311258278145695,0.6781437125748503,0.3218562874251497,0.3562874251497006,0.3562874251497006,2.165714285714286,3.911428571428572,3.0614285714285714,0.4617414248021108,0.2556610664718772,0.326644890340644,0.4422609863625365,0.2448749654220618,0.3128640482154015,home,0.129396938147135,0.8026139790595254,0
47,12436480,Premier League,24/25,2024-12-26 15:00:00,Southampton,West Ham United,1.7533333333333332,2.183333333333333,0.570342205323194,0.4580152671755725,0.554614733276884,0.445385266723116,0.109229466553768,0.109229466553768,3.1142857142857143,3.5285714285714285,2.294285714285714,0.3211009174311927,0.2834008097165992,0.435865504358655,0.308641898463334,0.2724045905465863,0.4189535109900797,away,0.1103116125267457,0.8534510795565065,0
49,12436482,Premier League,24/25,2024-12-26 17:30:00,Wolverhampton,Manchester United,1.7566666666666666,2.1766666666666667,0.5692599620493359,0.4594180704441041,0.5533898305084746,0.4466101694915253,0.1067796610169492,0.1067796610169492,4.355714285714286,3.818571428571429,1.8214285714285716,0.2295834699901607,0.2618780396558174,0.5490196078431373,0.2206512603940286,0.2516893725931138,0.5276593670128575,away,0.3070081066188289,0.6929918933811711,1
41,12436474,Premier League,24/25,2024-12-26 20:00:00,Liverpool FC,Leicester City,1.19,5.25,0.8403361344537815,0.1904761904761904,0.8152173913043479,0.1847826086956522,0.6304347826086957,0.6304347826086957,1.08,13.35,26.857142857142858,0.9259259259259258,0.0749063670411985,0.0372340425531914,0.8919718270815697,0.0721595185953629,0.0358686543230673,home,0.8561031727585023,0.1438968272414976,1
42,12436475,Premier League,24/25,2024-12-27 19:30:00,Brighton & Hove Albion,Brentford,1.4533333333333331,2.8966666666666665,0.6880733944954129,0.3452243958573072,0.6659003831417624,0.3340996168582374,0.3318007662835249,0.3318007662835249,1.6228571428571428,4.545714285714285,4.8585714285714285,0.6161971830985916,0.2199874292897549,0.2058218171126139,0.5913564116813578,0.2111190709208115,0.1975245173978307,home,0.393831894283527,0.606168105716473,0
39,12436472,Premier League,24/25,2024-12-27 20:15:00,Arsenal,Ipswich Town,1.393333333333333,3.1633333333333336,0.7177033492822966,0.3161222339304531,0.6942209217264083,0.3057790782735918,0.3884418434528164,0.3884418434528164,1.1442857142857144,8.834285714285715,19.1,0.8739076154806491,0.1131953428201811,0.0523560209424083,0.8407331438099497,0.1088983260335979,0.0503685301564524,home,0.7903646136534972,0.2096353863465028,0
79,12436512,Premier League,24/25,2024-12-29 14:30:00,Leicester City,Manchester City,1.3633333333333333,3.373333333333333,0.7334963325183375,0.2964426877470356,0.7121745249824067,0.2878254750175932,0.4243490499648135,0.4243490499648135,9.921428571428573,6.364285714285714,1.272857142857143,0.1007919366450683,0.1571268237934904,0.7856341189674523,0.0965853658536585,0.1505691056910569,0.7528455284552845,away,0.656260162601626,0.343739837398374,0
82,12436515,Premier League,24/25,2024-12-29 15:00:00,Fulham,Bournemouth,1.8233333333333333,2.0766666666666667,0.5484460694698354,0.4815409309791332,0.5324786324786325,0.4675213675213676,0.0649572649572648,0.0649572649572648,2.287142857142857,3.4442857142857144,3.231428571428572,0.4372267332916927,0.2903359601824968,0.3094606542882405,0.4216170583189764,0.2799705144623314,0.2984124272186919,home,0.1232046311002845,0.858353456143355,1
84,12436517,Premier League,24/25,2024-12-29 15:00:00,Everton,Nottingham Forest,2.41,1.63,0.4149377593360995,0.6134969325153374,0.4034653465346535,0.5965346534653466,-0.1930693069306931,0.1930693069306931,2.7028571428571437,3.1042857142857145,2.9085714285714284,0.3699788583509513,0.3221352968246663,0.343811394891945,0.3571481158340205,0.3109637529489034,0.3318881312170761,none_clear,0.0252599846169443,0.9538156371148828,0
88,12436521,Premier League,24/25,2024-12-29 15:00:00,Tottenham Hotspur,Wolverhampton,1.3833333333333335,3.2566666666666664,0.7228915662650601,0.3070624360286592,0.701867816091954,0.298132183908046,0.403735632183908,0.403735632183908,1.664285714285714,4.517142857142857,4.627142857142857,0.6008583690987125,0.2213788741302973,0.216116085211485,0.5786646535829407,0.2132018726831518,0.2081334737339073,home,0.3705311798490334,0.6294688201509666,1
99,12436532,Premier League,24/25,2024-12-29 15:00:00,Crystal Palace,Southampton,1.7299999999999998,2.2100000000000004,0.5780346820809249,0.4524886877828053,0.5609137055837564,0.4390862944162436,0.1218274111675128,0.1218274111675128,1.5257142857142856,4.368571428571429,6.312857142857142,0.6554307116104869,0.2289077828646173,0.1584068793844761,0.6285625695796656,0.2195241413705306,0.1519132890498037,home,0.4766492805298618,0.5233507194701381,0
80,12436513,Premier League,24/25,2024-12-29 17:15:00,West Ham United,Liverpool FC,1.4366666666666663,3.0066666666666664,0.6960556844547564,0.3325942350332594,0.6766691672918229,0.3233308327081771,0.3533383345836458,0.3533383345836458,7.355714285714286,5.29,1.3928571428571428,0.1359487279083317,0.1890359168241966,0.717948717948718,0.1303522667630702,0.1812540700953412,0.6883936631415885,away,0.5580413963785182,0.4419586036214817,1
77,12436510,Premier League,24/25,2024-12-30 19:45:00,Ipswich Town,Chelsea,1.49,2.78,0.6711409395973155,0.3597122302158274,0.6510538641686182,0.3489461358313817,0.3021077283372365,0.3021077283372365,7.431428571428571,5.151428571428572,1.3985714285714284,0.1345636293733179,0.1941209095951192,0.7150153217568949,0.1289294311870477,0.1859930396658408,0.6850775291471115,away,0.5561480979600638,0.4438519020399362,0
97,12436530,Premier League,24/25,2024-12-30 19:45:00,Aston Villa,Brighton & Hove Albion,1.663333333333333,2.333333333333333,0.6012024048096193,0.4285714285714285,0.5838198498748958,0.4161801501251042,0.1676396997497915,0.1676396997497915,1.88,3.724285714285714,4.131428571428571,0.5319148936170213,0.2685078634445723,0.2420470262793914,0.5102449031302382,0.2575689652932081,0.2321861315765537,home,0.2780587715536844,0.7219412284463156,1
89,12436522,Premier League,24/25,2024-12-30 20:00:00,Manchester United,Newcastle United,1.6900000000000002,2.29,0.5917159763313609,0.4366812227074236,0.5753768844221104,0.4246231155778894,0.1507537688442209,0.1507537688442209,2.744285714285714,3.544285714285714,2.5471428571428567,0.3643935450286309,0.2821442966545748,0.3925967470555244,0.3506702105556131,0.271518530623673,0.3778112588207138,none_clear,0.0271410482651007,0.8937072718029592,0
1,12436410,Premier League,24/25,2025-01-01 17:30:00,Brentford,Arsenal,1.6933333333333334,2.28,0.5905511811023622,0.4385964912280702,0.5738255033557047,0.4261744966442954,0.1476510067114093,0.1476510067114093,5.771428571428571,4.448571428571428,1.55,0.1732673267326732,0.224791265253693,0.6451612903225806,0.1660889805408833,0.2154783177216341,0.6184327017374825,away,0.4523437211965992,0.5476562788034007,0
86,12436519,Premier League,24/25,2025-01-04 12:30:00,Tottenham Hotspur,Newcastle United,1.3,3.83,0.7692307692307692,0.2610966057441253,0.746588693957115,0.253411306042885,0.49317738791423,0.49317738791423,3.867142857142857,4.572857142857143,1.7757142857142856,0.2585888437384558,0.218681661980631,0.5631536604987933,0.2485417506962285,0.2101851043844707,0.5412731449193008,away,0.2927313942230722,0.6689119594651699,0
2,12436419,Premier League,24/25,2025-01-04 15:00:00,Crystal Palace,Chelsea,1.5233333333333334,2.676666666666667,0.6564551422319475,0.37359900373599,0.6373015873015873,0.3626984126984126,0.2746031746031746,0.2746031746031746,3.632857142857143,3.877142857142857,1.967142857142857,0.2752654345261502,0.2579218865143699,0.5083514887436457,0.264287256452011,0.2476354064692204,0.4880773370787685,away,0.2237900806267574,0.7595580693904518,1
75,12436508,Premier League,24/25,2025-01-04 15:00:00,Manchester City,West Ham United,1.3133333333333337,3.7433333333333336,0.7614213197969543,0.2671415850400712,0.7402768622280818,0.2597231377719183,0.4805537244561634,0.4805537244561634,1.2442857142857144,7.007142857142857,10.294285714285715,0.8036739380022961,0.1427115188583078,0.0971412711629197,0.7701517521496385,0.1367588534398237,0.0930893944105377,home,0.6770623577391007,0.3229376422608992,0
85,12436518,Premier League,24/25,2025-01-04 15:00:00,Bournemouth,Everton,1.87,2.08,0.53475935828877,0.4807692307692307,0.5265822784810126,0.4734177215189873,0.0531645569620252,0.0531645569620252,1.6985714285714286,3.87,5.112857142857143,0.5887300252312868,0.2583979328165374,0.1955853590388376,0.564613509373983,0.2478130168496366,0.1875734737763804,home,0.3770400355976026,0.6229599644023974,1
87,12436520,Premier League,24/25,2025-01-04 15:00:00,Southampton,Brentford,1.7433333333333334,2.1933333333333334,0.5736137667304015,0.4559270516717325,0.5571549534292972,0.4428450465707028,0.1143099068585943,0.1143099068585943,3.347142857142857,3.6157142857142857,2.144285714285714,0.2987622705932565,0.2765705254839984,0.4663557628247835,0.2868057521032565,0.2655021245270366,0.4476921233697067,away,0.1608863712664502,0.8178100011573299,1
90,12436523,Premier League,24/25,2025-01-04 15:00:00,Aston Villa,Leicester City,1.43,3.036666666666666,0.6993006993006994,0.3293084522502744,0.6798507462686567,0.3201492537313432,0.3597014925373135,0.3597014925373135,1.34,5.571428571428571,8.56857142857143,0.7462686567164178,0.1794871794871795,0.1167055685228409,0.7158717371529482,0.172176330628068,0.1119519322189838,home,0.6039198049339642,0.3960801950660357,1
95,12436528,Premier League,24/25,2025-01-04 17:30:00,Brighton & Hove Albion,Arsenal,2.0500000000000003,1.89,0.4878048780487804,0.5291005291005292,0.4796954314720811,0.5203045685279188,-0.0406091370558376,0.0406091370558376,4.89,3.5885714285714285,1.7971428571428572,0.2044989775051124,0.2786624203821656,0.5564387917329093,0.1967092537563167,0.2680476813725606,0.5352430648711226,away,0.3385338111148058,0.6614661888851942,0
92,12436525,Premier League,24/25,2025-01-05 14:00:00,Fulham,Ipswich Town,1.83,2.0733333333333337,0.5464480874316939,0.4823151125401928,0.5311699402220325,0.4688300597779675,0.0623398804440649,0.0623398804440649,1.5671428571428572,4.172857142857143,5.98,0.6381039197812215,0.2396439575487846,0.1672240802675585,0.610642147037371,0.2293305153372119,0.1600273376254171,home,0.4506148094119538,0.5493851905880461,1
81,12436514,Premier League,24/25,2025-01-05 16:30:00,Liverpool FC,Manchester United,1.5366666666666668,2.6566666666666667,0.650759219088937,0.3764115432873274,0.6335453100158982,0.3664546899841017,0.2670906200317964,0.2670906200317964,1.37,5.355714285714286,7.898571428571429,0.7299270072992702,0.1867164577220592,0.1266051727256285,0.6996673476379036,0.1789759899665909,0.1213566623955054,home,0.5783106852423983,0.4216893147576017,1
5,12436437,Premier League,24/25,2025-01-06 20:00:00,Wolverhampton,Nottingham Forest,1.89,2.043333333333333,0.5291005291005292,0.4893964110929853,0.5194915254237289,0.4805084745762711,0.0389830508474577,0.0389830508474577,3.948571428571429,3.474285714285714,1.9957142857142856,0.2532561505065123,0.2878289473684211,0.5010737294201861,0.2430110880160448,0.2761852990445509,0.4808036129394043,away,0.2377925249233595,0.7622074750766404,1
4,12436436,Premier League,24/25,2025-01-14 19:30:00,Brentford,Manchester City,1.4466666666666663,2.9166666666666665,0.6912442396313364,0.3428571428571428,0.6684491978609626,0.3315508021390374,0.3368983957219251,0.3368983957219251,5.207142857142857,4.442857142857143,1.6085714285714283,0.1920438957475994,0.22508038585209,0.6216696269982238,0.1848719887150724,0.2166747263236138,0.5984532849613136,away,0.4135812962462411,0.5864187037537589,1
76,12436509,Premier League,24/25,2025-01-14 19:30:00,West Ham United,Fulham,1.97,1.96,0.5076142131979695,0.5102040816326531,0.4987277353689566,0.5012722646310432,-0.0025445292620865,0.0025445292620865,3.117142857142857,3.3285714285714283,2.4,0.3208065994500458,0.3004291845493562,0.4166666666666667,0.3090912823687523,0.2894580163642135,0.4014507012670342,away,0.0923594188982819,0.8880073150971793,1
98,12436531,Premier League,24/25,2025-01-14 19:30:00,Chelsea,Bournemouth,1.4333333333333331,2.9966666666666666,0.6976744186046512,0.3337041156840934,0.6764484574868321,0.3235515425131678,0.3528969149736643,0.3528969149736643,1.5242857142857142,4.7457142857142856,5.541428571428571,0.6560449859418932,0.2107164358819988,0.1804588811549368,0.6264632036599811,0.2012150025000601,0.1723217938399587,home,0.4541414098200224,0.5458585901799776,1
93,12436526,Premier League,24/25,2025-01-14 20:00:00,Nottingham Forest,Liverpool FC,1.6333333333333335,2.4266666666666663,0.6122448979591836,0.4120879120879121,0.5977011494252873,0.4022988505747127,0.1954022988505745,0.1954022988505745,5.422857142857143,4.212857142857144,1.6185714285714283,0.1844046364594309,0.2373685995252627,0.617828773168579,0.1773800308539452,0.2283264147580793,0.5942935543879754,away,0.4169135235340301,0.5830864764659699,0
3,12436434,Premier League,24/25,2025-01-15 19:30:00,Everton,Aston Villa,2.3433333333333333,1.663333333333333,0.4267425320056899,0.6012024048096193,0.4151414309484193,0.5848585690515807,-0.1697171381031614,0.1697171381031614,3.475714285714285,3.1242857142857146,2.29,0.2877106452938759,0.3200731595793324,0.4366812227074236,0.2754622105062918,0.3064469858993178,0.4180908035943905,away,0.1426285930880987,0.8573714069119013,0
94,12436527,Premier League,24/25,2025-01-15 19:30:00,Leicester City,Crystal Palace,1.9066666666666665,2.023333333333333,0.5244755244755245,0.4942339373970346,0.5148430873621713,0.4851569126378286,0.0296861747243427,0.0296861747243427,3.91,3.667142857142857,1.95,0.2557544757033248,0.2726918582002337,0.5128205128205129,0.245618571750319,0.2618847023298103,0.4924967259198705,away,0.2468781541695515,0.7531218458304485,1
96,12436529,Premier League,24/25,2025-01-15 19:30:00,Newcastle United,Wolverhampton,1.5266666666666666,2.676666666666667,0.6550218340611353,0.37359900373599,0.6367961934972245,0.3632038065027755,0.2735923869944489,0.2735923869944489,1.3814285714285717,5.201428571428571,7.932857142857143,0.7238883143743536,0.1922548750343312,0.1260579866738699,0.694576374491649,0.18447002310723,0.1209536024011209,home,0.573622772090528,0.4263772279094719,0
78,12436511,Premier League,24/25,2025-01-15 20:00:00,Arsenal,Tottenham Hotspur,1.5333333333333332,2.6633333333333336,0.6521739130434783,0.3754693366708385,0.6346306592533757,0.3653693407466242,0.2692613185067514,0.2692613185067514,1.3828571428571428,5.312857142857142,7.492857142857143,0.7231404958677686,0.1882226404947566,0.1334604385128694,0.69211732320838,0.1801477732900543,0.1277349035015656,home,0.5643824197068144,0.4356175802931856,0
91,12436524,Premier League,24/25,2025-01-16 19:30:00,Ipswich Town,Brighton & Hove Albion,1.8133333333333332,2.0933333333333333,0.551470588235294,0.4777070063694267,0.5358361774744027,0.4641638225255973,0.0716723549488054,0.0716723549488054,3.814285714285714,3.6714285714285713,1.97,0.2621722846441948,0.2723735408560311,0.5076142131979695,0.2515662421403961,0.2613548118734854,0.4870789459861184,away,0.2355127038457223,0.7644872961542777,1
83,12436516,Premier League,24/25,2025-01-16 20:00:00,Manchester United,Southampton,1.59,2.4833333333333334,0.6289308176100629,0.4026845637583892,0.6096563011456628,0.3903436988543372,0.2193126022913256,0.2193126022913256,1.2842857142857145,5.965714285714285,10.558571428571428,0.7786429365962181,0.1676245210727969,0.094709782167501,0.7479922776395215,0.1610261153251747,0.0909816070353037,home,0.6570106706042178,0.3429893293957822,1
208,12436885,Premier League,24/25,2025-01-18 12:30:00,Newcastle United,Bournemouth,1.5433333333333332,2.623333333333333,0.6479481641468683,0.3811944091486658,0.6295999999999999,0.3704,0.2591999999999999,0.2591999999999999,1.6442857142857144,4.247142857142857,5.1000000000000005,0.6081668114682884,0.2354524049781365,0.196078431372549,0.5849458376135318,0.2264623811278759,0.1885917812585924,home,0.3963540563549393,0.6036459436450606,1
8,12436440,Premier League,24/25,2025-01-18 15:00:00,Brentford,Liverpool FC,1.3500000000000003,3.47,0.7407407407407406,0.2881844380403458,0.7199170124481327,0.2800829875518672,0.4398340248962654,0.4398340248962654,6.082857142857143,4.9957142857142856,1.4714285714285715,0.1643964302489431,0.2001715756362596,0.6796116504854368,0.1574407519299431,0.1917022366936511,0.6508570113764057,away,0.4934162594464625,0.5065837405535374,1
10,12436442,Premier League,24/25,2025-01-18 15:00:00,Leicester City,Fulham,1.8533333333333333,2.0866666666666664,0.539568345323741,0.4792332268370607,0.5296108291032149,0.4703891708967851,0.0592216582064297,0.0592216582064297,4.511428571428572,3.7857142857142856,1.8014285714285714,0.2216592780240658,0.2641509433962264,0.5551149881046789,0.2129444805407495,0.2537655356783724,0.5332899837808779,away,0.3203455032401283,0.6796544967598717,0
212,12436889,Premier League,24/25,2025-01-18 15:00:00,West Ham United,Crystal Palace,2.0733333333333337,1.86,0.4823151125401928,0.5376344086021505,0.4728813559322034,0.5271186440677966,-0.0542372881355932,0.0542372881355932,2.795714285714286,3.2585714285714285,2.648571428571429,0.3576903423607562,0.3068829460762823,0.3775620280474649,0.3432283089372445,0.2944751427401085,0.3622965483226469,none_clear,0.0190682393854024,0.9321785944174616,1
11,12436443,Premier League,24/25,2025-01-18 17:30:00,Arsenal,Aston Villa,1.7700000000000002,2.146666666666667,0.5649717514124293,0.4658385093167701,0.5480851063829787,0.4519148936170213,0.0961702127659573,0.0961702127659573,1.5657142857142858,4.164285714285714,6.048571428571429,0.6386861313868613,0.2401372212692967,0.1653282947567312,0.6116794748821628,0.2299830890122986,0.1583374361055386,home,0.4533420387766241,0.5466579612233758,0
16,12436448,Premier League,24/25,2025-01-19 14:00:00,Everton,Tottenham Hotspur,1.8866666666666667,2.043333333333333,0.5300353356890459,0.4893964110929853,0.5199321458863443,0.4800678541136556,0.0398642917726886,0.0398642917726886,2.5742857142857143,3.392857142857143,2.81,0.3884572697003329,0.2947368421052632,0.3558718861209964,0.3738523543985475,0.2836555547899717,0.3424920908114808,home,0.0313602635870667,0.909803200391424,1
206,12436883,Premier League,24/25,2025-01-19 14:00:00,Manchester United,Brighton & Hove Albion,1.8233333333333333,2.08,0.5484460694698354,0.4807692307692307,0.5328778821520068,0.4671221178479931,0.0657557643040137,0.0657557643040137,2.3085714285714287,3.407142857142857,3.205714285714286,0.4331683168316831,0.2935010482180293,0.3119429590017825,0.4170644876829003,0.2825896067486653,0.3003459055684344,home,0.1167185821144659,0.865525119065765,1
210,12436887,Premier League,24/25,2025-01-19 14:00:00,Nottingham Forest,Southampton,1.7033333333333331,2.25,0.5870841487279844,0.4444444444444444,0.5691399662731873,0.4308600337268128,0.1382799325463745,0.1382799325463745,1.4014285714285712,4.895714285714285,8.197142857142856,0.7135575942915393,0.2042602859644003,0.1219937260369466,0.6862373818229431,0.1964397057392201,0.1173229124378367,home,0.5689144693851064,0.4310855306148936,1
7,12436439,Premier League,24/25,2025-01-19 16:30:00,Ipswich Town,Manchester City,1.5200000000000002,2.6966666666666668,0.6578947368421052,0.3708281829419035,0.6395256916996048,0.3604743083003953,0.2790513833992095,0.2790513833992095,7.942857142857143,5.225714285714285,1.387142857142857,0.1258992805755395,0.1913613996719519,0.7209062821833162,0.1212707446216104,0.1843262274729782,0.6944030279054113,away,0.5731322832838008,0.4268677167161991,0
22,12436455,Premier League,24/25,2025-01-20 20:00:00,Chelsea,Wolverhampton,1.4166666666666667,3.0766666666666667,0.7058823529411764,0.3250270855904659,0.6847181008902076,0.3152818991097922,0.3694362017804153,0.3694362017804153,1.4414285714285715,5.138571428571429,6.634285714285714,0.6937561942517344,0.1946066166249652,0.1507321274763135,0.6676542909075779,0.1872847315890314,0.1450609775033906,home,0.5225933134041872,0.4774066865958127,0
214,12436891,Premier League,24/25,2025-01-25 15:00:00,Bournemouth,Nottingham Forest,1.8,2.1133333333333333,0.5555555555555556,0.473186119873817,0.5400340715502556,0.4599659284497445,0.0800681431005111,0.0800681431005111,1.9957142857142856,3.6371428571428575,3.7914285714285714,0.5010737294201861,0.2749410840534171,0.2637528259231348,0.4819093328495044,0.2644255058879645,0.2536651612625311,home,0.2282441715869732,0.7717558284130268,1
218,12436895,Premier League,24/25,2025-01-25 15:00:00,Brighton & Hove Albion,Everton,2.06,1.87,0.4854368932038835,0.53475935828877,0.4758269720101781,0.5241730279898218,-0.0483460559796436,0.0483460559796436,1.7114285714285715,3.75,5.394285714285714,0.5843071786310517,0.2666666666666666,0.1853813559322034,0.5638097613034698,0.257312035825355,0.178878202871175,home,0.3849315584322948,0.6150684415677052,0
224,12436901,Premier League,24/25,2025-01-25 15:00:00,Liverpool FC,Ipswich Town,1.29,3.975,0.7751937984496123,0.2515723270440251,0.7549857549857549,0.245014245014245,0.5099715099715099,0.5099715099715099,1.112857142857143,11.592857142857143,20.728571428571428,0.8985879332477534,0.0862600123228589,0.0482425913163335,0.869805598989906,0.0834970501063631,0.046697350903731,home,0.823108248086175,0.176891751913825,1
228,12436905,Premier League,24/25,2025-01-25 15:00:00,Southampton,Newcastle United,1.4966666666666668,2.75,0.6681514476614698,0.3636363636363636,0.6475667189952905,0.3524332810047096,0.2951334379905808,0.2951334379905808,6.58,4.844285714285713,1.4614285714285715,0.1519756838905775,0.2064287820701858,0.6842619745845552,0.1457567616841044,0.1979816114175716,0.6562616268983238,away,0.5105048652142193,0.4894951347857806,0
232,12436909,Premier League,24/25,2025-01-25 15:00:00,Wolverhampton,Arsenal,1.9766666666666663,1.9533333333333327,0.5059021922428331,0.5119453924914676,0.4970313825275657,0.5029686174724343,-0.0059372349448685,0.0059372349448685,5.891428571428572,4.0600000000000005,1.61,0.1697381183317168,0.2463054187192118,0.6211180124223603,0.1636563931799404,0.2374802834180416,0.598863323402018,away,0.4352069302220775,0.5647930697779224,0
226,12436903,Premier League,24/25,2025-01-25 17:30:00,Manchester City,Chelsea,1.4566666666666668,2.8800000000000003,0.6864988558352402,0.3472222222222221,0.6641045349730976,0.3358954650269024,0.3282090699461952,0.3282090699461952,2.335714285714286,3.8285714285714287,2.835714285714286,0.4281345565749235,0.2611940298507462,0.3526448362720403,0.4108881735836087,0.2506724491825374,0.338439377233854,home,0.0724487963497546,0.8397842755989287,1
220,12436897,Premier League,24/25,2025-01-26 14:00:00,Crystal Palace,Brentford,1.606666666666667,2.4433333333333334,0.6224066390041494,0.4092769440654843,0.603292181069959,0.3967078189300412,0.2065843621399177,0.2065843621399177,1.9728571428571424,3.752857142857143,3.7228571428571433,0.5068790731354091,0.2664636467453369,0.2686108979278587,0.4864699008401707,0.2557346528588792,0.2577954463009499,home,0.2286744545392207,0.7692647520187086,1
230,12436907,Premier League,24/25,2025-01-26 14:00:00,Tottenham Hotspur,Leicester City,1.3433333333333335,3.5,0.7444168734491314,0.2857142857142857,0.7226428079834826,0.2773571920165176,0.445285615966965,0.445285615966965,1.512857142857143,4.904285714285714,5.5685714285714285,0.6610009442870632,0.2039032915817069,0.1795792714212416,0.6328495755783431,0.1952192544530921,0.1719311699685647,home,0.4609184056097783,0.5390815943902216,0
216,12436893,Premier League,24/25,2025-01-26 16:30:00,Aston Villa,West Ham United,1.6133333333333333,2.436666666666667,0.6198347107438017,0.4103967168262653,0.6016460905349795,0.3983539094650205,0.203292181069959,0.203292181069959,1.47,4.782857142857142,6.532857142857144,0.6802721088435374,0.2090800477897252,0.1530723813689044,0.6525864310018028,0.2005709192057512,0.1468426497924458,home,0.5057437812093569,0.4942562187906431,0
222,12436899,Premier League,24/25,2025-01-26 19:00:00,Fulham,Manchester United,1.8866666666666667,2.043333333333333,0.5300353356890459,0.4893964110929853,0.5199321458863443,0.4800678541136556,0.0398642917726886,0.0398642917726886,2.3857142857142857,3.434285714285714,3.012857142857143,0.4191616766467066,0.2911813643926789,0.3319108582266477,0.4021684897911007,0.2793766131244335,0.3184548970844656,home,0.083713592706635,0.8772081233333329,1
251,12436930,Premier League,24/25,2025-02-01 12:30:00,Nottingham Forest,Brighton & Hove Albion,1.8533333333333333,2.0766666666666667,0.539568345323741,0.4815409309791332,0.5284139100932994,0.4715860899067006,0.0568278201865987,0.0568278201865987,2.6385714285714283,3.397142857142857,2.7471428571428573,0.3789929615592853,0.2943650126156434,0.3640145605824232,0.3653393056602701,0.2837601755906302,0.3509005187490997,none_clear,0.0144387869111703,0.9184208699303602,1
234,12436911,Premier League,24/25,2025-02-01 15:00:00,Bournemouth,Liverpool FC,1.47,2.8366666666666664,0.6802721088435374,0.3525264394829612,0.6586687306501549,0.3413312693498452,0.3173374613003096,0.3173374613003096,4.542857142857143,4.21,1.7114285714285715,0.220125786163522,0.2375296912114014,0.5843071786310517,0.2112607250314542,0.2279637277231165,0.5607755472454293,away,0.3495148222139751,0.6504851777860249,0
243,12436921,Premier League,24/25,2025-02-01 15:00:00,Everton,Leicester City,2.34,1.663333333333333,0.4273504273504274,0.6012024048096193,0.4154870940882598,0.5845129059117403,-0.1690258118234804,0.1690258118234804,1.9485714285714288,3.375714285714285,4.315714285714286,0.5131964809384164,0.2962336013542108,0.2317113538563389,0.4929171610311247,0.2845277222371791,0.2225551167316961,home,0.2703620442994285,0.7296379557005714,1
246,12436924,Premier League,24/25,2025-02-01 15:00:00,Ipswich Town,Southampton,1.7700000000000002,2.1533333333333338,0.5649717514124293,0.4643962848297213,0.5488530161427359,0.4511469838572642,0.0977060322854715,0.0977060322854715,1.9157142857142857,3.6357142857142857,4.051428571428572,0.5219985085756897,0.275049115913556,0.2468265162200281,0.5000588559661139,0.2634887724363689,0.2364523715975171,home,0.2636064843685967,0.7363935156314033,1
250,12436928,Premier League,24/25,2025-02-01 15:00:00,Newcastle United,Fulham,1.7033333333333331,2.26,0.5870841487279844,0.4424778761061946,0.5702270815811608,0.4297729184188393,0.1404541631623214,0.1404541631623214,1.7328571428571429,3.894285714285714,4.838571428571428,0.5770816158285244,0.2567865003668378,0.2066725715972837,0.5545978380266111,0.2467817965980481,0.1986203653753407,home,0.3559774726512703,0.6440225273487297,1
253,12436932,Premier League,24/25,2025-02-01 17:30:00,Wolverhampton,Aston Villa,1.8733333333333333,2.0733333333333337,0.5338078291814947,0.4823151125401928,0.5253378378378379,0.4746621621621621,0.0506756756756758,0.0506756756756758,3.1942857142857144,3.4314285714285715,2.31,0.3130590339892665,0.2914238134887593,0.4329004329004329,0.3017775974517886,0.2809220266037466,0.4173003759444647,away,0.115522778492676,0.863621650659282,1
239,12436916,Premier League,24/25,2025-02-02 14:00:00,Brentford,Tottenham Hotspur,1.3333333333333333,3.626666666666667,0.75,0.275735294117647,0.7311827956989247,0.2688172043010752,0.4623655913978495,0.4623655913978495,1.9914285714285715,4.112857142857143,3.378571428571429,0.5021520803443329,0.2431399791594303,0.2959830866807611,0.4822472544210198,0.2335021440301846,0.2842506015487956,home,0.1979966528722242,0.7512548896091648,1
247,12436925,Premier League,24/25,2025-02-02 14:00:00,Manchester United,Crystal Palace,1.9666666666666668,1.96,0.5084745762711864,0.5102040816326531,0.4991511035653651,0.500848896434635,-0.0016977928692699,0.0016977928692699,1.7857142857142858,3.625714285714285,4.837142857142857,0.5599999999999999,0.2758077226162332,0.2067336089781453,0.537148967651557,0.2645532740600655,0.1982977582883775,home,0.3388512093631795,0.6611487906368205,1
236,12436913,Premier League,24/25,2025-02-02 16:30:00,Arsenal,Manchester City,1.6166666666666665,2.4266666666666663,0.6185567010309279,0.4120879120879121,0.6001648804616653,0.3998351195383346,0.2003297609233306,0.2003297609233306,1.9057142857142857,3.9385714285714286,3.82,0.5247376311844077,0.2538991657598839,0.2617801047120419,0.5043532360431963,0.2440359872621051,0.2516107766946985,home,0.2527424593484977,0.7396827512189088,1
241,12436919,Premier League,24/25,2025-02-03 20:00:00,Chelsea,West Ham United,1.35,3.43,0.7407407407407408,0.2915451895043732,0.7175732217573222,0.2824267782426778,0.4351464435146444,0.4351464435146444,1.2871428571428571,6.311428571428571,9.59142857142857,0.7769145394006659,0.1584427342688999,0.1042597557342865,0.747308400523385,0.1524049046789429,0.100286694797672,home,0.6470217057257129,0.352978294274287,0
376,13344418,Premier League,24/25,2025-02-12 19:30:00,Everton,Liverpool FC,1.836666666666667,2.056666666666666,0.5444646098003629,0.4862236628849271,0.5282534246575342,0.4717465753424658,0.0565068493150684,0.0565068493150684,7.406666666666666,4.498333333333334,1.46,0.135013501350135,0.2223045572434234,0.684931506849315,0.1295404726724592,0.2132930198430561,0.6571665074844848,away,0.5276260348120256,0.4723739651879743,1
258,12436937,Premier League,24/25,2025-02-14 20:00:00,Brighton & Hove Albion,Chelsea,1.5933333333333335,2.48,0.6276150627615062,0.4032258064516129,0.6088379705400981,0.3911620294599018,0.2176759410801963,0.2176759410801963,2.9566666666666666,3.65,2.3633333333333333,0.3382187147688839,0.273972602739726,0.4231311706629055,0.3266795791968283,0.2646253760251932,0.4086950447779783,away,0.08201546558115,0.8559303312472148,0
264,12436943,Premier League,24/25,2025-02-15 12:30:00,Leicester City,Arsenal,1.7533333333333332,2.186666666666667,0.570342205323194,0.4573170731707316,0.5549915397631134,0.4450084602368866,0.1099830795262268,0.1099830795262268,10.048333333333334,5.383333333333333,1.3266666666666669,0.0995189915408857,0.1857585139318885,0.7537688442211053,0.0957791647795169,0.1787778899243677,0.7254429452961153,away,0.6296637805165983,0.3703362194834017,1
255,12436934,Premier League,24/25,2025-02-15 15:00:00,Aston Villa,Ipswich Town,1.5733333333333337,2.523333333333333,0.635593220338983,0.3963011889035667,0.6159479251423922,0.3840520748576078,0.2318958502847843,0.2318958502847843,1.4216666666666666,4.901666666666666,7.188333333333333,0.7033997655334115,0.204012240734444,0.1391143055877579,0.6721281228813076,0.1949422947357209,0.1329295823829713,home,0.5391985404983363,0.4608014595016637,0
261,12436940,Premier League,24/25,2025-02-15 15:00:00,Fulham,Nottingham Forest,1.9933333333333332,1.9366666666666663,0.5016722408026756,0.5163511187607573,0.4927905004240882,0.5072094995759118,-0.0144189991518235,0.0144189991518235,2.151666666666667,3.455,3.5066666666666664,0.4647560030983733,0.2894356005788712,0.285171102661597,0.4471547807747286,0.2784741061168233,0.2743711131084481,home,0.1727836676662805,0.8272163323337194,0
269,12436948,Premier League,24/25,2025-02-15 15:00:00,Manchester City,Newcastle United,1.3866666666666667,3.203333333333333,0.7211538461538461,0.3121748178980229,0.6978939724037763,0.3021060275962237,0.3957879448075526,0.3957879448075526,2.0483333333333333,3.98,3.31,0.4882017900732303,0.2512562814070351,0.3021148036253776,0.4687159216043464,0.2412277502729236,0.2900563281227299,home,0.1786595934816164,0.7725118286685773,1
271,12436950,Premier League,24/25,2025-02-15 15:00:00,Southampton,Bournemouth,1.5166666666666666,2.6966666666666668,0.6593406593406593,0.3708281829419035,0.6400316455696202,0.3599683544303797,0.2800632911392405,0.2800632911392405,6.035,4.708333333333333,1.4983333333333333,0.1657000828500414,0.2123893805309734,0.6674082313681869,0.1584891900596588,0.2031466751171768,0.6383641348231642,away,0.4798749447635054,0.5201250552364947,1
276,12436956,Premier League,24/25,2025-02-15 15:00:00,West Ham United,Brentford,1.596666666666667,2.473333333333333,0.6263048016701461,0.4043126684636119,0.6076986076986076,0.3923013923013923,0.2153972153972153,0.2153972153972153,2.361666666666667,3.638333333333333,2.928333333333333,0.4234297812279463,0.2748511223087494,0.3414911781445646,0.407233266489788,0.2643378555272696,0.3284288779829423,home,0.0788043885068456,0.8571045890374815,0
260,12436939,Premier League,24/25,2025-02-15 17:30:00,Crystal Palace,Everton,2.6166666666666667,1.5466666666666669,0.3821656050955413,0.6465517241379309,0.3714971977582065,0.6285028022417933,-0.2570056044835868,0.2570056044835868,2.0316666666666667,3.145,4.325,0.4922067268252666,0.3179650238473768,0.2312138728323699,0.4726459783155409,0.3053288010422069,0.2220252206422521,home,0.2506207576732887,0.7493792423267113,1
266,12436945,Premier League,24/25,2025-02-16 14:00:00,Liverpool FC,Wolverhampton,1.4466666666666663,2.9066666666666667,0.6912442396313364,0.3440366972477064,0.667687595712098,0.332312404287902,0.335375191424196,0.335375191424196,1.2283333333333333,6.916666666666667,11.925,0.814111261872456,0.144578313253012,0.0838574423480083,0.7808868551994759,0.1386779788631358,0.0804351659373883,home,0.7004516892620876,0.2995483107379124,0
273,12436952,Premier League,24/25,2025-02-16 16:30:00,Tottenham Hotspur,Manchester United,1.5166666666666666,2.7099999999999995,0.6593406593406593,0.3690036900369004,0.6411671924290221,0.3588328075709779,0.2823343848580441,0.2823343848580441,2.1983333333333333,3.828333333333333,3.106666666666667,0.4548900682335102,0.261210274270788,0.3218884120171673,0.4382418077768328,0.2516503894025435,0.3101078028206236,home,0.1281340049562092,0.8134085816257107,0
335,12437019,Premier League,24/25,2025-02-19 19:30:00,Aston Villa,Liverpool FC,1.6033333333333335,2.466666666666667,0.6237006237006236,0.4054054054054054,0.6060606060606061,0.3939393939393939,0.2121212121212121,0.2121212121212121,3.87,4.0,1.885,0.2583979328165375,0.25,0.5305039787798409,0.2487221651363436,0.2406386947694124,0.5106391400942439,away,0.2619169749579003,0.7299995546751685,0
187,12436623,Premier League,24/25,2025-02-21 20:00:00,Leicester City,Brentford,1.6133333333333333,2.44,0.6198347107438017,0.4098360655737705,0.6019736842105262,0.3980263157894736,0.2039473684210526,0.2039473684210526,3.64,3.8366666666666656,1.99,0.2747252747252747,0.260642919200695,0.5025125628140703,0.2646983027107859,0.2511299275066709,0.4841717697825431,away,0.2194734670717572,0.7669581577241278,1
189,12436625,Premier League,24/25,2025-02-22 12:30:00,Everton,Manchester United,2.276666666666667,1.6933333333333334,0.4392386530014641,0.5905511811023622,0.4265323257766582,0.5734676742233417,-0.1469353484466834,0.1469353484466834,2.685,3.115,2.895,0.37243947858473,0.3210272873194221,0.3454231433506045,0.3584975417192163,0.3090099195878317,0.3324925386929519,none_clear,0.0260050030262644,0.9505123778686154,1
188,12436624,Premier League,24/25,2025-02-22 15:00:00,Fulham,Crystal Palace,2.0,1.93,0.5,0.5181347150259068,0.4910941475826971,0.5089058524173028,-0.0178117048346056,0.0178117048346056,2.1,3.45,3.738333333333333,0.4761904761904761,0.2898550724637681,0.2674988854213107,0.4607353689794679,0.2804476159005457,0.2588170151199864,home,0.2019183538594814,0.7980816461405185,0
193,12436629,Premier League,24/25,2025-02-22 15:00:00,Ipswich Town,Tottenham Hotspur,1.5200000000000002,2.69,0.6578947368421052,0.3717472118959108,0.6389548693586699,0.3610451306413302,0.2779097387173396,0.2779097387173396,3.4416666666666664,3.783333333333333,2.0666666666666664,0.2905569007263923,0.2643171806167401,0.4838709677419355,0.2797191678384569,0.254458185720887,0.4658226464406561,away,0.1861034786021991,0.7886355392802309,1
278,12436958,Premier League,24/25,2025-02-22 15:00:00,Bournemouth,Wolverhampton,1.7066666666666668,2.26,0.5859375,0.4424778761061946,0.5697478991596638,0.4302521008403361,0.1394957983193277,0.1394957983193277,1.6466666666666665,4.173333333333333,5.206666666666666,0.6072874493927126,0.2396166134185303,0.1920614596670934,0.5845116476474561,0.2306299951580218,0.1848583571945219,home,0.3996532904529341,0.6003467095470658,0
280,12436960,Premier League,24/25,2025-02-22 15:00:00,Arsenal,West Ham United,1.856666666666667,2.083333333333333,0.5385996409335727,0.48,0.5287648054145516,0.4712351945854484,0.0575296108291032,0.0575296108291032,1.2866666666666668,5.640000000000001,12.071666666666667,0.77720207253886,0.177304964539007,0.0828386027888996,0.7492219012350418,0.1709217812510202,0.0798563175139379,home,0.6693655837211039,0.3306344162788961,0
285,12436965,Premier League,24/25,2025-02-22 15:00:00,Southampton,Brighton & Hove Albion,1.5366666666666668,2.6266666666666665,0.650759219088937,0.3807106598984772,0.6309047237790232,0.3690952762209768,0.2618094475580463,0.2618094475580463,5.666666666666667,4.441666666666666,1.5683333333333334,0.1764705882352941,0.225140712945591,0.6376195536663124,0.1698088421953573,0.2166416748458593,0.6135494829587832,away,0.4437406407634258,0.5562593592365741,1
185,12436621,Premier League,24/25,2025-02-22 17:30:00,Aston Villa,Chelsea,1.6333333333333335,2.393333333333333,0.6122448979591836,0.4178272980501393,0.5943708609271523,0.4056291390728477,0.1887417218543045,0.1887417218543045,2.641666666666667,3.5050000000000003,2.64,0.3785488958990535,0.2853067047075606,0.3787878787878788,0.3630664780245812,0.273637835315721,0.3632956866596978,none_clear,0.0002292086351166,0.9103421486560233,1
283,12436963,Premier League,24/25,2025-02-23 14:00:00,Newcastle United,Nottingham Forest,1.6133333333333333,2.436666666666667,0.6198347107438017,0.4103967168262653,0.6016460905349795,0.3983539094650205,0.203292181069959,0.203292181069959,1.9116666666666664,3.853333333333333,3.8666666666666663,0.5231037489102006,0.2595155709342561,0.2586206896551724,0.5023853714203507,0.2492370333127777,0.2483775952668716,home,0.254007776153479,0.745992223846521,1
191,12436627,Premier League,24/25,2025-02-23 16:30:00,Manchester City,Liverpool FC,1.5366666666666668,2.6466666666666665,0.650759219088937,0.3778337531486146,0.6326693227091633,0.3673306772908367,0.2653386454183266,0.2653386454183266,3.143333333333333,3.831666666666667,2.19,0.3181336161187699,0.2609830361026533,0.4566210045662101,0.307156560383707,0.251977935138613,0.4408655044776799,away,0.1337089440939728,0.8111124306609332,0
290,12436970,Premier League,24/25,2025-02-25 19:30:00,Brighton & Hove Albion,Bournemouth,1.6,2.48,0.625,0.4032258064516129,0.6078431372549019,0.392156862745098,0.2156862745098038,0.2156862745098038,1.9783333333333333,3.8666666666666663,3.676666666666667,0.5054759898904803,0.2586206896551724,0.2719854941069809,0.4878724899864465,0.2496140713853069,0.2625134386282465,home,0.2253590513582,0.7617415813988604,0
299,12436981,Premier League,24/25,2025-02-25 19:30:00,Wolverhampton,Fulham,2.1633333333333336,1.7633333333333334,0.4622496147919876,0.5671077504725898,0.4490662139219015,0.5509337860780985,-0.1018675721561969,0.1018675721561969,2.441666666666667,3.325,3.0416666666666665,0.409556313993174,0.3007518796992481,0.3287671232876712,0.3941545981320046,0.2894418477510711,0.3164035541169243,home,0.0777510440150803,0.8952872496190665,0
301,12436983,Premier League,24/25,2025-02-25 19:30:00,Crystal Palace,Aston Villa,1.7766666666666666,2.1366666666666667,0.5628517823639775,0.4680187207488299,0.5459965928449745,0.4540034071550256,0.0919931856899489,0.0919931856899489,2.275,3.51,3.1933333333333334,0.4395604395604395,0.2849002849002849,0.313152400835073,0.4236265221058493,0.2745727458093468,0.3018007320848039,home,0.1218257900210453,0.8509462237034975,1
304,12436986,Premier League,24/25,2025-02-25 20:15:00,Chelsea,Southampton,1.31,3.693333333333333,0.7633587786259541,0.2707581227436823,0.7381745502998001,0.2618254497001999,0.4763491005996002,0.4763491005996002,1.1766666666666663,8.281666666666666,16.150000000000002,0.84985835694051,0.1207486415777822,0.0619195046439628,0.823086239760143,0.1169448350313264,0.0599689252085305,home,0.7631173145516125,0.2368826854483875,1
288,12436968,Premier League,24/25,2025-02-26 19:30:00,Brentford,Everton,1.8233333333333333,2.08,0.5484460694698354,0.4807692307692307,0.5328778821520068,0.4671221178479931,0.0657557643040137,0.0657557643040137,2.0766666666666667,3.605,3.5500000000000003,0.4815409309791332,0.2773925104022191,0.2816901408450704,0.4627426662279481,0.2665637365326044,0.2706935972394475,home,0.1920490689885006,0.8038210703046562,1
294,12436974,Premier League,24/25,2025-02-26 19:30:00,Nottingham Forest,Arsenal,2.28,1.6933333333333334,0.4385964912280702,0.5905511811023622,0.4261744966442954,0.5738255033557047,-0.1476510067114093,0.1476510067114093,4.2700000000000005,3.4599999999999995,1.945,0.2341920374707259,0.2890173410404624,0.5141388174807198,0.2257602976277338,0.2786116967833594,0.4956280055889067,away,0.2698677079611729,0.7301322920388271,0
295,12436975,Premier League,24/25,2025-02-26 19:30:00,Tottenham Hotspur,Manchester City,1.356666666666667,3.41,0.7371007371007371,0.2932551319648093,0.7153846153846155,0.2846153846153846,0.4307692307692309,0.4307692307692309,3.943333333333333,4.236666666666667,1.8316666666666668,0.253592561284869,0.2360346184107002,0.545950864422202,0.2448802026320569,0.2279254757779097,0.5271943215900332,away,0.2823141189579763,0.7007311541878765,0
309,12436991,Premier League,24/25,2025-02-26 19:30:00,Manchester United,Ipswich Town,1.6866666666666663,2.296666666666667,0.5928853754940712,0.4354136429608127,0.5765690376569038,0.4234309623430962,0.1531380753138075,0.1531380753138075,1.5200000000000002,4.503333333333333,6.441666666666666,0.6578947368421052,0.2220577350111029,0.1552393272962484,0.6355293167726507,0.2145087849358466,0.1499618982915026,home,0.485567418481148,0.514432581518852,0
306,12436988,Premier League,24/25,2025-02-26 20:15:00,Liverpool FC,Newcastle United,1.4333333333333331,3.0066666666666664,0.6976744186046512,0.3325942350332594,0.6771771771771772,0.3228228228228228,0.3543543543543543,0.3543543543543543,1.375,5.33,7.915,0.7272727272727273,0.1876172607879924,0.1263423878711307,0.6984730249305348,0.1801876940486839,0.1213392810207814,home,0.5771337439097534,0.4228662560902466,0
377,13365051,Premier League,24/25,2025-02-27 20:00:00,West Ham United,Leicester City,1.9666666666666668,1.9633333333333336,0.5084745762711864,0.5093378607809846,0.4995759117896522,0.5004240882103477,-0.0008481764206954,0.0008481764206954,1.775,3.793333333333333,4.695,0.5633802816901408,0.2636203866432338,0.2129925452609158,0.5417153442213901,0.2534827950772322,0.2048018607013775,home,0.3369134835200126,0.6630865164799874,0
324,12437007,Premier League,24/25,2025-03-08 12:30:00,Nottingham Forest,Manchester City,1.606666666666667,2.45,0.6224066390041494,0.4081632653061225,0.6039441248972884,0.3960558751027116,0.2078882497945768,0.2078882497945768,3.863333333333333,3.815,1.9333333333333331,0.2588438308886971,0.2621231979030144,0.5172413793103449,0.2493177948364801,0.2524764737575189,0.4982057314060008,away,0.2488879365695206,0.7511120634304793,1
314,12436996,Premier League,24/25,2025-03-08 15:00:00,Brighton & Hove Albion,Fulham,1.8866666666666667,2.0466666666666664,0.5300353356890459,0.488599348534202,0.5203389830508475,0.4796610169491526,0.0406779661016948,0.0406779661016948,2.0066666666666664,3.553333333333333,3.88,0.4983388704318937,0.2814258911819887,0.2577319587628865,0.4803281404599727,0.2712547284773954,0.2484171310626318,home,0.2319110093973408,0.7680889906026591,1
317,12437000,Premier League,24/25,2025-03-08 15:00:00,Crystal Palace,Ipswich Town,1.893333333333333,2.046666666666667,0.528169014084507,0.4885993485342019,0.5194585448392555,0.4805414551607445,0.0389170896785109,0.0389170896785109,1.5583333333333331,4.17,6.308333333333334,0.6417112299465241,0.2398081534772182,0.1585204755614266,0.6170063814406895,0.2305759259180834,0.1524176926412271,home,0.4645886887994624,0.5354113112005376,1
320,12437003,Premier League,24/25,2025-03-08 15:00:00,Liverpool FC,Southampton,1.28,4.1,0.78125,0.2439024390243902,0.7620817843866171,0.2379182156133829,0.5241635687732342,0.5241635687732342,1.11,11.4,23.666666666666668,0.9009009009009008,0.087719298245614,0.0422535211267605,0.8739197470880139,0.085092185900675,0.040988067011311,home,0.8329316800767028,0.1670683199232971,1
312,12436994,Premier League,24/25,2025-03-08 17:30:00,Brentford,Aston Villa,1.4666666666666668,2.853333333333333,0.6818181818181818,0.3504672897196261,0.6604938271604939,0.3395061728395062,0.3209876543209876,0.3209876543209876,2.17,3.88,3.145,0.4608294930875576,0.2577319587628865,0.3179650238473768,0.444590180658254,0.2486496628939204,0.3067601564478255,home,0.1378300242104285,0.8040594822356664,0
329,12437012,Premier League,24/25,2025-03-08 20:00:00,Wolverhampton,Everton,2.583333333333333,1.5533333333333337,0.3870967741935484,0.6437768240343347,0.3755036261079775,0.6244963738920226,-0.2489927477840451,0.2489927477840451,2.858333333333333,2.9916666666666667,2.85,0.3498542274052478,0.3342618384401114,0.3508771929824561,0.3380256097527401,0.3229604015186346,0.3390139887286252,none_clear,0.0009883789758851,0.9839464127900096,0
315,12436998,Premier League,24/25,2025-03-09 14:00:00,Chelsea,Leicester City,1.4533333333333331,2.893333333333333,0.6880733944954129,0.3456221198156682,0.6656441717791411,0.3343558282208589,0.3312883435582822,0.3312883435582822,1.2233333333333334,6.88,12.65,0.8174386920980926,0.1453488372093023,0.0790513833992094,0.7846114040552198,0.1395118145776481,0.0758767813671319,home,0.7087346226880878,0.2912653773119121,0
326,12437009,Premier League,24/25,2025-03-09 14:00:00,Tottenham Hotspur,Bournemouth,1.51,2.7133333333333334,0.6622516556291391,0.3685503685503685,0.6424625098658248,0.3575374901341752,0.2849250197316496,0.2849250197316496,2.8366666666666664,3.745,2.385,0.3525264394829612,0.267022696929239,0.4192872117400419,0.3393474247507734,0.2570401944485164,0.4036123808007102,away,0.0642649560499368,0.8534278136478062,1
322,12437005,Premier League,24/25,2025-03-09 16:30:00,Manchester United,Arsenal,2.07,1.8266666666666669,0.4830917874396135,0.5474452554744524,0.4687767322497863,0.5312232677502139,-0.0624465355004276,0.0624465355004276,5.04,3.605,1.778333333333333,0.1984126984126984,0.2773925104022191,0.5623242736644799,0.1911251936885783,0.2672041542830609,0.5416706520283607,away,0.3505454583397824,0.6494545416602175,0
327,12437010,Premier League,24/25,2025-03-10 20:00:00,West Ham United,Newcastle United,1.913333333333333,2.016666666666667,0.5226480836236934,0.4958677685950412,0.5131467345207804,0.4868532654792196,0.0262934690415607,0.0262934690415607,3.388333333333333,3.47,2.2,0.2951303492375799,0.2881844380403458,0.4545454545454546,0.2843642499678721,0.2776717195891854,0.4379640304429424,away,0.1535997804750702,0.8397076891462429,0
144,12436578,Premier League,24/25,2025-03-15 15:00:00,Southampton,Wolverhampton,2.12,1.7933333333333332,0.4716981132075471,0.5576208178438662,0.4582623509369676,0.5417376490630325,-0.0834752981260648,0.0834752981260648,3.985,3.365,2.0416666666666665,0.2509410288582183,0.2971768202080238,0.489795918367347,0.241774448641057,0.2863213009909695,0.4719042503679734,away,0.2301298017269163,0.7698701982730837,0
337,12437021,Premier League,24/25,2025-03-15 15:00:00,Everton,West Ham United,2.39,1.6366666666666667,0.4184100418410041,0.6109979633401221,0.4064569536423841,0.5935430463576159,-0.1870860927152318,0.1870860927152318,2.1466666666666665,3.231666666666667,3.8366666666666656,0.4658385093167702,0.3094378545642083,0.260642919200695,0.4496861067505032,0.2987084608017783,0.2516054324477185,home,0.1980806743027847,0.8019193256972152,1
341,12437025,Premier League,24/25,2025-03-15 15:00:00,Ipswich Town,Nottingham Forest,1.9566666666666668,1.97,0.5110732538330494,0.5076142131979695,0.50169779286927,0.49830220713073,0.0033955857385399,0.0033955857385399,4.015,3.5850000000000004,1.965,0.24906600249066,0.2789400278940027,0.5089058524173028,0.2401997764917386,0.2690103494042762,0.490789874103985,away,0.2505900976122464,0.7494099023877536,1
345,12437029,Premier League,24/25,2025-03-15 15:00:00,Manchester City,Brighton & Hove Albion,1.5066666666666666,2.7433333333333336,0.6637168141592921,0.3645200486026731,0.6454901960784314,0.3545098039215686,0.2909803921568628,0.2909803921568628,1.8083333333333331,4.048333333333333,4.175,0.5529953917050692,0.2470152326060107,0.2395209580838323,0.5319659364567427,0.2376216719043087,0.2304123916389484,home,0.3015535448177943,0.6984464551822057,0
331,12437014,Premier League,24/25,2025-03-15 17:30:00,Bournemouth,Brentford,1.51,2.7266666666666666,0.6622516556291391,0.3667481662591687,0.6435877261998426,0.3564122738001573,0.2871754523996853,0.2871754523996853,1.7633333333333334,4.245,4.263333333333333,0.5671077504725898,0.2355712603062426,0.2345582486317435,0.5467483406784446,0.2271141517227304,0.226137507598825,home,0.3206108330796195,0.6793891669203804,0
333,12437017,Premier League,24/25,2025-03-16 13:30:00,Arsenal,Chelsea,2.106666666666667,1.8033333333333332,0.4746835443037974,0.55452865064695,0.4612105711849957,0.5387894288150042,-0.0775788576300084,0.0775788576300084,1.721666666666667,3.68,5.286666666666666,0.5808325266214908,0.2717391304347826,0.189155107187894,0.5575670574643612,0.2608545155619045,0.1815784269737343,home,0.3759886304906269,0.6240113695093731,0
339,12437023,Premier League,24/25,2025-03-16 13:30:00,Fulham,Tottenham Hotspur,1.6900000000000002,2.29,0.5917159763313609,0.4366812227074236,0.5753768844221104,0.4246231155778894,0.1507537688442209,0.1507537688442209,1.8483333333333332,3.965,4.046666666666667,0.5410279531109107,0.2522068095838587,0.2471169686985173,0.520043305340917,0.2424245588999903,0.2375321357590926,home,0.2825111695818243,0.7174888304181757,1
343,12437027,Premier League,24/25,2025-03-16 19:00:00,Leicester City,Manchester United,1.9533333333333327,1.9733333333333332,0.5119453924914676,0.5067567567567568,0.5025466893039049,0.497453310696095,0.0050933786078098,0.0050933786078098,4.513333333333333,3.755,1.8233333333333333,0.2215657311669129,0.266311584553928,0.5484460694698354,0.2137997987241659,0.2569772991322863,0.5292229021435477,away,0.3154231034193818,0.6845768965806183,1
146,12436580,Premier League,24/25,2025-04-01 18:45:00,Arsenal,Fulham,2.083333333333333,1.8433333333333333,0.48,0.5424954792043399,0.4694397283531409,0.530560271646859,-0.0611205432937181,0.0611205432937181,1.504,4.238,7.590000000000001,0.6648936170212766,0.2359603586597451,0.1317523056653491,0.6438984819599881,0.2285095131825913,0.1275920048574205,home,0.5163064771025676,0.4836935228974324,1
165,12436599,Premier League,24/25,2025-04-01 18:45:00,Wolverhampton,West Ham United,2.3466666666666662,1.66,0.4261363636363637,0.6024096385542168,0.4143094841930116,0.5856905158069883,-0.1713810316139766,0.1713810316139766,2.376,3.274,3.274,0.4208754208754209,0.3054367745876603,0.3054367745876603,0.4079242461998505,0.2960378769000747,0.2960378769000747,home,0.1118863692997758,0.8881136307002242,0
157,12436591,Premier League,24/25,2025-04-01 19:00:00,Nottingham Forest,Manchester United,2.04,1.893333333333333,0.4901960784313726,0.528169014084507,0.4813559322033899,0.5186440677966101,-0.0372881355932201,0.0372881355932201,2.368,3.404,3.1580000000000004,0.4222972972972973,0.2937720329024677,0.3166561114629512,0.408915361489872,0.2844628601668675,0.3066217783432605,home,0.1022935831466115,0.8755474986769954,0
142,12436576,Premier League,24/25,2025-04-02 18:45:00,Bournemouth,Ipswich Town,1.6566666666666665,2.3466666666666662,0.6036217303822938,0.4261363636363637,0.5861781848459617,0.4138218151540383,0.1723563696919234,0.1723563696919234,1.4,5.206,7.764,0.7142857142857143,0.1920860545524395,0.1287995878413189,0.6900168843320146,0.1855596692402651,0.1244234464277202,home,0.5655934379042943,0.4344065620957057,0
150,12436584,Premier League,24/25,2025-04-02 18:45:00,Brighton & Hove Albion,Aston Villa,1.8866666666666667,2.046666666666667,0.5300353356890459,0.4885993485342019,0.5203389830508475,0.4796610169491525,0.0406779661016949,0.0406779661016949,2.37,3.4799999999999995,3.066,0.4219409282700421,0.2873563218390805,0.3261578604044358,0.4074932114254287,0.2775169284707662,0.3149898601038051,home,0.0925033513216236,0.8700237170453374,1
154,12436588,Premier League,24/25,2025-04-02 18:45:00,Southampton,Crystal Palace,1.8133333333333332,2.0933333333333333,0.551470588235294,0.4777070063694267,0.5358361774744027,0.4641638225255973,0.0716723549488054,0.0716723549488054,5.792,4.142,1.612,0.1726519337016574,0.2414292612264606,0.6203473945409429,0.1669056090090029,0.2333938405070363,0.5997005504839608,away,0.4327949414749579,0.5672050585250421,1
160,12436594,Premier League,24/25,2025-04-02 18:45:00,Manchester City,Leicester City,1.3833333333333335,3.2266666666666666,0.7228915662650601,0.3099173553719008,0.6999276934201012,0.3000723065798988,0.3998553868402023,0.3998553868402023,1.202,7.998,13.66,0.831946755407654,0.1250312578144536,0.0732064421669106,0.8075706744123743,0.1213678357894065,0.0710614897982191,home,0.7365091846141552,0.2634908153858448,0
166,12436600,Premier League,24/25,2025-04-02 18:45:00,Newcastle United,Brentford,1.5666666666666669,2.553333333333333,0.6382978723404256,0.391644908616188,0.6197411003236246,0.3802588996763754,0.2394822006472491,0.2394822006472491,1.69,4.2780000000000005,4.779999999999999,0.591715976331361,0.2337540906965871,0.2092050209205021,0.5718857863917581,0.2259202849467206,0.2021939286615211,home,0.3696918577302369,0.6303081422697631,0
159,12436593,Premier League,24/25,2025-04-02 19:00:00,Liverpool FC,Everton,1.8666666666666665,2.066666666666667,0.5357142857142858,0.4838709677419354,0.5254237288135594,0.4745762711864406,0.0508474576271187,0.0508474576271187,1.486,4.48,7.254,0.6729475100942126,0.2232142857142857,0.1378549765646539,0.6508090855719327,0.2158710493660473,0.1333198650620198,home,0.5174892205099129,0.4825107794900871,0
153,12436587,Premier League,24/25,2025-04-03 19:00:00,Chelsea,Tottenham Hotspur,1.4733333333333334,2.833333333333333,0.6787330316742082,0.3529411764705882,0.6578947368421053,0.3421052631578947,0.3157894736842105,0.3157894736842105,1.6759999999999995,4.456,4.692,0.5966587112171838,0.2244165170556552,0.2131287297527706,0.5769255731299463,0.2169944480623406,0.2060799788077131,home,0.3708455943222332,0.6291544056777668,0
162,12436596,Premier League,24/25,2025-04-05 11:30:00,Everton,Arsenal,2.4966666666666666,1.586666666666667,0.4005340453938585,0.6302521008403361,0.3885714285714286,0.6114285714285714,-0.2228571428571428,0.2228571428571428,4.140000000000001,3.198,2.0940000000000003,0.2415458937198067,0.3126954346466541,0.4775549188156637,0.2341023185337976,0.3030592866572615,0.4628383948089408,away,0.2287360762751432,0.7712639237248567,0
161,12436595,Premier League,24/25,2025-04-05 14:00:00,Crystal Palace,Brighton & Hove Albion,1.9066666666666665,2.026666666666667,0.5244755244755245,0.4934210526315789,0.5152542372881357,0.4847457627118644,0.0305084745762712,0.0305084745762712,2.5460000000000003,3.446,2.8240000000000003,0.3927729772191672,0.2901915264074289,0.3541076487252124,0.3787325465527744,0.2798180683468844,0.3414493851003413,home,0.0372831614524331,0.90108552179411,0
167,12436601,Premier League,24/25,2025-04-05 14:00:00,Ipswich Town,Wolverhampton,2.29,1.6900000000000002,0.4366812227074236,0.5917159763313609,0.4246231155778894,0.5753768844221104,-0.1507537688442209,0.1507537688442209,2.856,3.24,2.652,0.350140056022409,0.308641975308642,0.3770739064856712,0.338020030816641,0.2979583975346687,0.3640215716486902,none_clear,0.0260015408320492,0.9339368258859784,1
169,12436604,Premier League,24/25,2025-04-05 14:00:00,West Ham United,Bournemouth,1.8666666666666665,2.07,0.5357142857142858,0.4830917874396135,0.5258255715495342,0.4741744284504656,0.0516511430990686,0.0516511430990686,3.0,3.524,2.394,0.3333333333333333,0.2837684449489216,0.4177109440267335,0.3221194774157426,0.2742220295820737,0.4036584930021837,away,0.0815390155864411,0.8705635365798899,1
163,12436597,Premier League,24/25,2025-04-05 16:30:00,Aston Villa,Nottingham Forest,1.98,1.95,0.505050505050505,0.5128205128205129,0.4961832061068701,0.5038167938931298,-0.0076335877862597,0.0076335877862597,2.14,3.418,3.618,0.4672897196261683,0.2925687536571094,0.2763957987838585,0.4509411755611018,0.2823329770920882,0.2667258473468098,home,0.184215328214292,0.815784671785708,0
155,12436589,Premier League,24/25,2025-04-06 13:00:00,Brentford,Chelsea,1.663333333333333,2.333333333333333,0.6012024048096193,0.4285714285714285,0.5838198498748958,0.4161801501251042,0.1676396997497915,0.1676396997497915,2.944,3.5840000000000005,2.418,0.3396739130434782,0.2790178571428571,0.4135649296939619,0.3290595382746051,0.2702989064398541,0.4006415552855407,away,0.0715820170109355,0.8696573511543135,0
164,12436598,Premier League,24/25,2025-04-06 13:00:00,Fulham,Liverpool FC,1.836666666666667,2.06,0.5444646098003629,0.4854368932038835,0.5286569717707442,0.4713430282292558,0.0573139435414884,0.0573139435414884,4.408,3.504,1.92,0.2268602540834846,0.2853881278538813,0.5208333333333334,0.2195956532093303,0.2762493262975822,0.5041550204930875,away,0.2845593672837572,0.7154406327162428,0
170,12436606,Premier League,24/25,2025-04-06 13:00:00,Tottenham Hotspur,Southampton,1.4066666666666665,3.1300000000000003,0.7109004739336494,0.3194888178913738,0.6899338721528289,0.3100661278471711,0.3798677443056577,0.3798677443056577,1.382,5.556,7.65,0.723589001447178,0.1799856011519078,0.130718954248366,0.6995973209508258,0.1740179081270772,0.1263847709220969,home,0.573212550028729,0.426787449971271,1
168,12436602,Premier League,24/25,2025-04-06 15:30:00,Manchester United,Manchester City,1.6833333333333331,2.306666666666666,0.594059405940594,0.4335260115606936,0.5781119465329991,0.4218880534670008,0.1562238930659983,0.1562238930659983,3.458,3.692,2.112,0.2891844997108155,0.2708559046587215,0.4734848484848484,0.2798039998656511,0.262069943536138,0.4581260565982109,away,0.1783220567325598,0.8039438869379271,0
378,13560219,Premier League,24/25,2025-04-07 19:00:00,Leicester City,Newcastle United,1.7233333333333334,2.2266666666666666,0.5802707930367504,0.4491017964071856,0.5637130801687764,0.4362869198312237,0.1274261603375527,0.1274261603375527,7.33,4.68,1.454,0.1364256480218281,0.2136752136752137,0.687757909215956,0.1314491449562211,0.2058808189164745,0.6626700361273045,away,0.5312208911710834,0.4687791088289166,0
174,12436610,Premier League,24/25,2025-04-12 11:30:00,Manchester City,Crystal Palace,1.66,2.34,0.6024096385542168,0.4273504273504274,0.585,0.415,0.1699999999999999,0.1699999999999999,1.63,4.311999999999999,5.36,0.6134969325153374,0.2319109461966605,0.1865671641791044,0.5944881484697647,0.224725343693348,0.1807865078368873,home,0.4137016406328773,0.5862983593671227,1
171,12436607,Premier League,24/25,2025-04-12 14:00:00,Brighton & Hove Albion,Leicester City,1.5366666666666668,2.643333333333333,0.650759219088937,0.3783102143757881,0.6323763955342901,0.3676236044657097,0.2647527910685804,0.2647527910685804,1.296,6.104,10.264,0.7716049382716049,0.163826998689384,0.0974279033515198,0.7470567720380561,0.1586149371823919,0.0943282907795519,home,0.6527284812585041,0.3472715187414958,0
177,12436613,Premier League,24/25,2025-04-12 14:00:00,Nottingham Forest,Everton,2.273333333333333,1.6966666666666663,0.4398826979472141,0.5893909626719057,0.4273719563392107,0.5726280436607893,-0.1452560873215785,0.1452560873215785,1.962,3.372,4.351999999999999,0.509683995922528,0.2965599051008303,0.2297794117647059,0.4919618985705125,0.2862482932963658,0.2217898081331217,home,0.2701720904373907,0.7298279095626092,1
178,12436614,Premier League,24/25,2025-04-12 14:00:00,Southampton,Aston Villa,1.59,2.4833333333333334,0.6289308176100629,0.4026845637583892,0.6096563011456628,0.3903436988543372,0.2193126022913256,0.2193126022913256,6.412000000000001,4.542,1.522,0.1559575795383655,0.2201673271686481,0.657030223390276,0.1509527223890176,0.2131019057592208,0.6359453718517616,away,0.484992649462744,0.515007350537256,1
172,12436608,Premier League,24/25,2025-04-12 16:30:00,Arsenal,Brentford,1.7566666666666666,2.18,0.5692599620493359,0.4587155963302752,0.5537679932260797,0.4462320067739204,0.1075359864521593,0.1075359864521593,1.616,4.236,5.392,0.6188118811881188,0.2360717658168083,0.1854599406528189,0.5948149135818931,0.2269171152852548,0.1782679711328522,home,0.4165469424490409,0.5834530575509591,0
173,12436609,Premier League,24/25,2025-04-13 13:00:00,Chelsea,Ipswich Town,1.45,2.873333333333333,0.6896551724137931,0.3480278422273782,0.6646106399383193,0.3353893600616808,0.3292212798766384,0.3292212798766384,1.198,7.703999999999999,13.812,0.8347245409015025,0.1298026998961578,0.0724008108890819,0.804997549775685,0.1251800447340694,0.0698224054902454,home,0.7351751442854395,0.2648248557145605,1
176,12436612,Premier League,24/25,2025-04-13 13:00:00,Liverpool FC,West Ham United,1.5633333333333337,2.543333333333333,0.6396588486140724,0.3931847968545216,0.6193181818181818,0.3806818181818182,0.2386363636363636,0.2386363636363636,1.276,5.924,11.39,0.7836990595611285,0.1688048615800134,0.0877963125548726,0.7533393093422418,0.1622655230791189,0.0843951675786392,home,0.6689441417636026,0.3310558582363974,1
181,12436617,Premier League,24/25,2025-04-13 13:00:00,Wolverhampton,Tottenham Hotspur,1.836666666666667,2.056666666666666,0.5444646098003629,0.4862236628849271,0.5282534246575342,0.4717465753424658,0.0565068493150684,0.0565068493150684,2.31,3.592,3.116,0.4329004329004329,0.2783964365256124,0.3209242618741977,0.4193872996526699,0.2697061977164998,0.3109065026308303,home,0.1084807970218395,0.8503188980638299,1
175,12436611,Premier League,24/25,2025-04-13 15:30:00,Newcastle United,Manchester United,1.6466666666666665,2.37,0.6072874493927126,0.4219409282700422,0.5900414937759336,0.4099585062240664,0.1800829875518672,0.1800829875518672,1.628,4.356,5.286,0.6142506142506142,0.2295684113865932,0.1891789632992811,0.5946290513914834,0.2222351000149988,0.1831358485935177,home,0.4114932027979656,0.5885067972020344,1
379,13560222,Premier League,24/25,2025-04-14 19:00:00,Bournemouth,Fulham,1.8833333333333333,2.0066666666666664,0.5309734513274336,0.4983388704318937,0.5158526135389888,0.4841473864610112,0.0317052270779775,0.0317052270779775,2.26,3.4200000000000004,3.358,0.4424778761061946,0.2923976608187134,0.2977963073257892,0.4284786871740992,0.2831467347992585,0.2883745780266422,home,0.140104109147457,0.8546680476251594,0
347,12437031,Premier League,24/25,2025-04-16 18:30:00,Newcastle United,Crystal Palace,1.71,2.25,0.5847953216374269,0.4444444444444444,0.5681818181818182,0.4318181818181818,0.1363636363636364,0.1363636363636364,1.6780000000000002,3.982,5.242,0.5959475566150179,0.251130085384229,0.1907668828691339,0.5742166021356577,0.2419727419346142,0.1838106559297279,home,0.3904059462059298,0.6095940537940702,0
121,12436554,Premier League,24/25,2025-04-19 14:00:00,West Ham United,Southampton,1.62,2.42,0.6172839506172839,0.4132231404958678,0.599009900990099,0.400990099009901,0.1980198019801979,0.1980198019801979,1.612,4.33,5.452,0.6203473945409429,0.23094688221709,0.1834189288334556,0.5995355922671582,0.22319893180939,0.1772654759234518,home,0.4222701163437065,0.5777298836562935,1
180,12436616,Premier League,24/25,2025-04-19 14:00:00,Crystal Palace,Bournemouth,1.78,2.143333333333333,0.5617977528089888,0.4665629860031104,0.546304163126593,0.453695836873407,0.092608326253186,0.092608326253186,2.572,3.524,2.75,0.3888024883359253,0.2837684449489216,0.3636363636363636,0.3752168986757178,0.2738529691810289,0.3509301321432531,none_clear,0.0242867665324646,0.8986360705053111,0
183,12436619,Premier League,24/25,2025-04-19 14:00:00,Brentford,Brighton & Hove Albion,1.6166666666666665,2.433333333333333,0.6185567010309279,0.4109589041095891,0.6008230452674896,0.3991769547325103,0.2016460905349793,0.2016460905349793,2.6420000000000003,3.594,2.628,0.3785011355034064,0.2782415136338342,0.380517503805175,0.3649047294738018,0.2682466041373914,0.3668486663888068,none_clear,0.001943936915005,0.9013979377485846,1
192,12436628,Premier League,24/25,2025-04-19 14:00:00,Everton,Manchester City,1.8733333333333333,2.06,0.5338078291814947,0.4854368932038835,0.5237288135593221,0.4762711864406779,0.0474576271186441,0.0474576271186441,4.186,3.652,1.912,0.2388915432393693,0.2738225629791895,0.5230125523012552,0.2306511484224765,0.2643772473429591,0.5049716042345642,away,0.2743204558120876,0.7256795441879124,1
179,12436615,Premier League,24/25,2025-04-19 16:30:00,Aston Villa,Newcastle United,1.6566666666666665,2.35,0.6036217303822938,0.425531914893617,0.586522462562396,0.4134775374376039,0.173044925124792,0.173044925124792,2.57,3.664,2.68,0.3891050583657587,0.2729257641921397,0.3731343283582089,0.3758869374818173,0.2636543202315148,0.360458742286668,none_clear,0.0154281951951492,0.8877673827496975,0
182,12436618,Premier League,24/25,2025-04-20 13:00:00,Fulham,Chelsea,1.78,2.143333333333333,0.5617977528089888,0.4665629860031104,0.546304163126593,0.453695836873407,0.092608326253186,0.092608326253186,3.136,3.6019999999999994,2.288,0.3188775510204081,0.277623542476402,0.4370629370629371,0.3085222991435892,0.2686079761561066,0.4228697247003041,away,0.1143474255567149,0.8457382514558025,1
184,12436620,Premier League,24/25,2025-04-20 13:00:00,Ipswich Town,Arsenal,1.6833333333333331,2.296666666666667,0.594059405940594,0.4354136429608127,0.5770519262981575,0.4229480737018425,0.1541038525963149,0.1541038525963149,9.48,5.061999999999999,1.366,0.1054852320675105,0.1975503753457131,0.7320644216691068,0.10190824954476,0.1908514827507557,0.7072402677044842,away,0.6053320181597242,0.3946679818402758,1
186,12436622,Premier League,24/25,2025-04-20 13:00:00,Manchester United,Wolverhampton,1.97,1.96,0.5076142131979695,0.5102040816326531,0.4987277353689566,0.5012722646310432,-0.0025445292620865,0.0025445292620865,2.572,3.512,2.79,0.3888024883359253,0.2847380410022779,0.3584229390681003,0.3767599340860062,0.2759187216597973,0.3473213442541964,none_clear,0.0294385898318098,0.8991587875737911,1
190,12436626,Premier League,24/25,2025-04-20 15:30:00,Leicester City,Liverpool FC,1.3833333333333335,3.223333333333333,0.7228915662650601,0.3102378490175801,0.6997105643994211,0.3002894356005789,0.3994211287988422,0.3994211287988422,12.22,7.022,1.224,0.0818330605564648,0.1424095699230988,0.8169934640522876,0.0785922241710777,0.1367697207876061,0.7846380550413159,away,0.7060458308702381,0.2939541691297619,1
104,12436537,Premier League,24/25,2025-04-21 19:00:00,Tottenham Hotspur,Nottingham Forest,1.7066666666666668,2.2533333333333334,0.5859375,0.4437869822485207,0.569023569023569,0.4309764309764309,0.138047138047138,0.138047138047138,2.372,3.53,3.012,0.4215851602023609,0.28328611898017,0.3320053120849933,0.4065914533637956,0.2732110275860972,0.3201975190501072,home,0.0863939343136883,0.8666195742223016,1
118,12436551,Premier League,24/25,2025-04-22 19:00:00,Manchester City,Aston Villa,1.63,2.41,0.6134969325153374,0.4149377593360995,0.5965346534653466,0.4034653465346535,0.1930693069306931,0.1930693069306931,1.902,4.016,3.896,0.5257623554153523,0.249003984063745,0.2566735112936345,0.5097363215329161,0.2414139650287864,0.2488497134382973,home,0.2608866080946188,0.7316776434958703,1
114,12436547,Premier League,24/25,2025-04-23 19:00:00,Arsenal,Crystal Palace,1.7666666666666666,2.1566666666666667,0.5660377358490566,0.463678516228748,0.5497026338147833,0.4502973661852166,0.0994052676295667,0.0994052676295667,1.4,4.787999999999999,8.978,0.7142857142857143,0.2088554720133667,0.1113833815994653,0.690448285570114,0.2018854636169924,0.1076662508128936,home,0.5827820347572202,0.4172179652427797,1
117,12436550,Premier League,24/25,2025-04-26 11:30:00,Chelsea,Everton,1.66,2.3466666666666662,0.6024096385542168,0.4261363636363637,0.5856905158069883,0.4143094841930116,0.1713810316139766,0.1713810316139766,1.432,4.884,7.58,0.6983240223463687,0.2047502047502047,0.1319261213720316,0.6747089731705062,0.1978262181777569,0.1274648086517368,home,0.5472441645187693,0.4527558354812306,0
106,12436539,Premier League,24/25,2025-04-26 14:00:00,Southampton,Fulham,1.71,2.2433333333333336,0.5847953216374269,0.4457652303120356,0.5674536256323778,0.4325463743676222,0.1349072512647555,0.1349072512647555,5.236,4.104,1.658,0.1909854851031321,0.2436647173489278,0.6031363088057902,0.1840315739618238,0.2347927196062645,0.5811757064319117,away,0.3971441324700879,0.602855867529912,1
112,12436545,Premier League,24/25,2025-04-26 14:00:00,Newcastle United,Ipswich Town,1.35,3.4166666666666665,0.7407407407407408,0.2926829268292683,0.7167832167832169,0.2832167832167832,0.4335664335664336,0.4335664335664336,1.176,8.272,16.919999999999998,0.8503401360544218,0.120889748549323,0.0591016548463357,0.8253072952695153,0.117330921087639,0.0573617836428457,home,0.7679455116266696,0.2320544883733304,1
113,12436546,Premier League,24/25,2025-04-26 14:00:00,Brighton & Hove Albion,West Ham United,1.7566666666666666,2.17,0.5692599620493359,0.4608294930875576,0.5526315789473685,0.4473684210526315,0.1052631578947369,0.1052631578947369,1.784,4.042,4.436,0.5605381165919282,0.2474022761009401,0.2254283137962128,0.5424376730899689,0.2394133618981951,0.218148965011836,home,0.3242887080781329,0.6757112919218671,1
124,12436558,Premier League,24/25,2025-04-26 14:00:00,Wolverhampton,Leicester City,1.7633333333333334,2.16,0.5671077504725898,0.4629629629629629,0.550552251486831,0.449447748513169,0.1011045029736619,0.1011045029736619,1.542,4.394,6.348000000000001,0.648508430609598,0.2275830678197542,0.1575299306868304,0.627413879338896,0.2201802917479694,0.1524058289131344,home,0.4750080504257615,0.5249919495742384,1
102,12436535,Premier League,24/25,2025-04-27 13:00:00,Bournemouth,Manchester United,1.7333333333333334,2.21,0.5769230769230769,0.4524886877828054,0.5604395604395604,0.4395604395604396,0.1208791208791208,0.1208791208791208,1.954,3.866,3.76,0.5117707267144319,0.2586652871184687,0.2659574468085106,0.493799648637018,0.2495821297042765,0.2566182216587056,home,0.2371814269783123,0.7557824810672585,1
111,12436544,Premier League,24/25,2025-04-27 15:30:00,Liverpool FC,Tottenham Hotspur,1.3166666666666669,3.643333333333333,0.759493670886076,0.2744739249771272,0.7345430107526881,0.2654569892473118,0.4690860215053763,0.4690860215053763,1.21,7.409999999999999,13.03,0.8264462809917356,0.1349527665317139,0.076745970836531,0.796079802316368,0.1299941377601627,0.0739260599234693,home,0.7221537423928986,0.2778462576071013,0
119,12436552,Premier League,24/25,2025-05-01 18:30:00,Nottingham Forest,Brentford,1.7366666666666666,2.2066666666666666,0.5758157389635317,0.4531722054380664,0.5595942519019442,0.4404057480980557,0.1191885038038884,0.1191885038038884,2.32,3.5780000000000003,3.146,0.4310344827586207,0.2794857462269424,0.3178639542275906,0.4191376042092238,0.2717717277153155,0.3090906680754606,home,0.1100469361337631,0.8526341235060917,0
128,12436562,Premier League,24/25,2025-05-02 19:00:00,Manchester City,Wolverhampton,1.586666666666667,2.4966666666666666,0.6302521008403361,0.4005340453938585,0.6114285714285714,0.3885714285714286,0.2228571428571428,0.2228571428571428,1.338,5.382,9.386,0.7473841554559043,0.1858045336306206,0.1065416577881951,0.7188249892892263,0.1787045402580797,0.1024704704526939,home,0.6163545188365325,0.3836454811634675,0
120,12436553,Premier League,24/25,2025-05-03 11:30:00,Aston Villa,Fulham,1.7533333333333332,2.1766666666666663,0.570342205323194,0.4594180704441042,0.5538592027141644,0.4461407972858354,0.107718405428329,0.107718405428329,1.87,3.766,4.3,0.5347593582887701,0.2655337227827934,0.2325581395348837,0.5177506185012606,0.2570880660109818,0.2251613154877575,home,0.292589303013503,0.707410696986497,0
137,12436571,Premier League,24/25,2025-05-03 14:00:00,Leicester City,Southampton,1.7866666666666668,2.123333333333333,0.5597014925373134,0.4709576138147566,0.5430520034100597,0.4569479965899403,0.0861040068201193,0.0861040068201193,2.418,3.5740000000000003,2.92,0.4135649296939619,0.2797985450475657,0.3424657534246575,0.3992597606326772,0.270120341692729,0.3306198976745937,home,0.0686398629580835,0.8708605810600518,0
138,12436572,Premier League,24/25,2025-05-03 14:00:00,Everton,Ipswich Town,1.7833333333333332,2.1366666666666667,0.5607476635514019,0.4680187207488299,0.5450680272108843,0.4549319727891155,0.0901360544217687,0.0901360544217687,1.566,4.316,6.016,0.6385696040868455,0.2316960148285449,0.1662234042553191,0.6160891141262701,0.2235392846899302,0.1603716011837996,home,0.4557175129424704,0.5442824870575296,1
110,12436543,Premier League,24/25,2025-05-03 16:30:00,Arsenal,Bournemouth,1.7,2.27,0.5882352941176471,0.4405286343612334,0.5717884130982368,0.4282115869017632,0.1435768261964736,0.1435768261964736,1.6800000000000002,4.046,5.112,0.5952380952380952,0.2471576866040533,0.1956181533646322,0.5734394067836084,0.2381063280762387,0.1884542651401529,home,0.3849851416434554,0.6150148583565446,0
126,12436560,Premier League,24/25,2025-05-04 13:00:00,Brentford,Manchester United,1.55,2.606666666666667,0.6451612903225806,0.3836317135549871,0.6271050521251001,0.3728949478748997,0.2542101042502004,0.2542101042502004,1.654,4.366,4.8740000000000006,0.6045949214026602,0.2290426019239578,0.2051702913418137,0.5820084455137023,0.2204860212733998,0.1975055332128977,home,0.3845029123008046,0.6154970876991954,1
131,12436565,Premier League,24/25,2025-05-04 13:00:00,West Ham United,Tottenham Hotspur,1.606666666666667,2.453333333333333,0.6224066390041494,0.4076086956521739,0.6042692939244664,0.3957307060755337,0.2085385878489326,0.2085385878489326,1.868,3.936,4.048,0.5353319057815846,0.2540650406504065,0.2470355731225296,0.5165139993983215,0.2451341846737969,0.2383518159278815,home,0.2781621834704399,0.72183781652956,0
133,12436567,Premier League,24/25,2025-05-04 13:00:00,Brighton & Hove Albion,Newcastle United,1.5933333333333335,2.48,0.6276150627615062,0.4032258064516129,0.6088379705400981,0.3911620294599018,0.2176759410801963,0.2176759410801963,3.176,3.75,2.196,0.3148614609571789,0.2666666666666666,0.4553734061930783,0.3036560856440695,0.2571764608014839,0.4391674535544466,away,0.135511367910377,0.8180090072470374,1
129,12436563,Premier League,24/25,2025-05-04 15:30:00,Chelsea,Liverpool FC,1.51,2.7266666666666666,0.6622516556291391,0.3667481662591687,0.6435877261998426,0.3564122738001573,0.2871754523996853,0.2871754523996853,2.356,3.734,2.864,0.4244482173174873,0.2678093197643277,0.3491620111731843,0.407566977236688,0.2571579535001705,0.3352750692631414,home,0.0722919079735466,0.8495909762634826,1
127,12436561,Premier League,24/25,2025-05-05 19:00:00,Crystal Palace,Nottingham Forest,2.0166666666666666,1.913333333333333,0.4958677685950413,0.5226480836236934,0.4868532654792196,0.5131467345207803,-0.0262934690415606,0.0262934690415606,2.204,3.446,3.412,0.4537205081669692,0.2901915264074289,0.2930832356389214,0.437533826044968,0.2798388138720573,0.2826273600829746,home,0.1549064659619933,0.8423049878270893,0
130,12436564,Premier League,24/25,2025-05-10 14:00:00,Ipswich Town,Brentford,1.4566666666666668,2.873333333333333,0.6864988558352402,0.3480278422273781,0.6635873749037721,0.3364126250962278,0.3271747498075442,0.3271747498075442,5.824,4.67,1.528,0.1717032967032967,0.2141327623126338,0.6544502617801047,0.1650538830231931,0.2058402172863119,0.6291058996904951,away,0.464052016667302,0.535947983332698,0
132,12436566,Premier League,24/25,2025-05-10 14:00:00,Fulham,Everton,2.033333333333333,1.903333333333333,0.4918032786885246,0.5253940455341506,0.4834885690093141,0.5165114309906857,-0.0330228619813716,0.0330228619813716,1.766,3.692,5.016,0.5662514156285391,0.2708559046587215,0.1993620414673046,0.546327210936532,0.2613255293916347,0.1923472596718332,home,0.3539799512646988,0.6460200487353012,0
141,12436575,Premier League,24/25,2025-05-10 14:00:00,Southampton,Manchester City,1.42,3.043333333333333,0.7042253521126761,0.3285870755750273,0.6818521284540702,0.3181478715459298,0.3637042569081404,0.3637042569081404,14.62,7.636,1.194,0.0683994528043775,0.1309586170770036,0.8375209380234506,0.0659666675503334,0.126300769982435,0.8077325624672316,away,0.7417658949168981,0.2582341050831018,0
147,12436581,Premier League,24/25,2025-05-10 14:00:00,Wolverhampton,Brighton & Hove Albion,2.013333333333333,1.913333333333333,0.4966887417218543,0.5226480836236934,0.4872665534804754,0.5127334465195247,-0.0254668930390492,0.0254668930390492,3.01,3.3840000000000003,2.444,0.3322259136212624,0.2955082742316784,0.409165302782324,0.320403198788073,0.2849922069598403,0.3946045942520866,away,0.0742013954640136,0.8903876127077537,1
136,12436570,Premier League,24/25,2025-05-10 16:30:00,Bournemouth,Aston Villa,1.6966666666666663,2.276666666666667,0.5893909626719057,0.4392386530014641,0.572986577181208,0.4270134228187919,0.1459731543624161,0.1459731543624161,2.63,3.564,2.69,0.3802281368821293,0.2805836139169472,0.3717472118959108,0.3682386678332933,0.2717361662181709,0.3600251659485358,none_clear,0.0082135018847575,0.9034974983848776,0
139,12436573,Premier League,24/25,2025-05-11 11:00:00,Newcastle United,Chelsea,1.57,2.536666666666666,0.6369426751592356,0.3942181340341655,0.6176948051948051,0.3823051948051948,0.2353896103896103,0.2353896103896103,2.256,3.754,3.064,0.4432624113475177,0.2663825253063399,0.3263707571801567,0.4278529890866067,0.2571220946668579,0.3150249162465355,home,0.1128280728400711,0.8292691055802512,1
135,12436569,Premier League,24/25,2025-05-11 13:15:00,Manchester United,West Ham United,1.7766666666666666,2.1366666666666667,0.5628517823639775,0.4680187207488299,0.5459965928449745,0.4540034071550256,0.0919931856899489,0.0919931856899489,1.998,3.708,3.738,0.5005005005005005,0.2696871628910464,0.2675227394328517,0.4823123090394566,0.2598867296280567,0.2578009613324864,home,0.2245113477069702,0.7754886522930298,0
140,12436574,Premier League,24/25,2025-05-11 13:15:00,Nottingham Forest,Leicester City,1.663333333333333,2.333333333333333,0.6012024048096193,0.4285714285714285,0.5838198498748958,0.4161801501251042,0.1676396997497915,0.1676396997497915,1.394,5.074,8.001999999999999,0.7173601147776184,0.1970831690973591,0.1249687578105473,0.6901595190434174,0.1896102423229255,0.120230238633657,home,0.5699292804097603,0.4300707195902397,1
149,12436583,Premier League,24/25,2025-05-11 13:15:00,Tottenham Hotspur,Crystal Palace,1.6966666666666663,2.273333333333333,0.5893909626719057,0.4398826979472141,0.5726280436607893,0.4273719563392107,0.1452560873215785,0.1452560873215785,3.08,3.684,2.268,0.3246753246753247,0.2714440825190011,0.4409171075837743,0.3130799350346859,0.2617497828194443,0.4251702821458698,away,0.1120903471111838,0.8365795006735744,0
134,12436568,Premier League,24/25,2025-05-11 15:30:00,Liverpool FC,Arsenal,1.6733333333333331,2.32,0.5976095617529881,0.4310344827586207,0.5809682804674458,0.4190317195325543,0.1619365609348914,0.1619365609348914,2.226,3.58,3.232,0.449236298292902,0.2793296089385475,0.3094059405940594,0.4328020063685023,0.2691109682056665,0.2980870254258311,home,0.1347149809426712,0.8363089618371642,0
143,12436577,Premier League,24/25,2025-05-16 18:30:00,Aston Villa,Tottenham Hotspur,1.3766666666666667,3.2566666666666664,0.7263922518159807,0.3070624360286592,0.7028776978417266,0.2971223021582734,0.4057553956834532,0.4057553956834532,1.268,6.76,10.32,0.7886435331230284,0.1479289940828402,0.0968992248062015,0.7631011990290157,0.1431379172143183,0.0937608837566658,home,0.6693403152723498,0.3306596847276501,0
148,12436582,Premier League,24/25,2025-05-16 19:15:00,Chelsea,Manchester United,1.5633333333333337,2.5866666666666664,0.6396588486140724,0.3865979381443299,0.623293172690763,0.376706827309237,0.246586345381526,0.246586345381526,1.576,4.6240000000000006,5.506,0.6345177664974619,0.2162629757785467,0.1816200508536142,0.6146041060022658,0.209475793914267,0.1759201000834672,home,0.4386840059187985,0.5613159940812015,0
145,12436579,Premier League,24/25,2025-05-18 11:00:00,Everton,Southampton,1.7666666666666666,2.1533333333333338,0.5660377358490566,0.4643962848297213,0.5493197278911565,0.4506802721088435,0.0986394557823129,0.0986394557823129,1.43,4.914,7.556,0.6993006993006994,0.2035002035002035,0.1323451561672843,0.6755575150406777,0.1965908112552236,0.1278516737040986,home,0.5477058413365792,0.4522941586634208,0
100,12436533,Premier League,24/25,2025-05-18 13:15:00,West Ham United,Nottingham Forest,2.04,1.89,0.4901960784313725,0.5291005291005292,0.4809160305343511,0.5190839694656489,-0.0381679389312978,0.0381679389312978,3.012,3.4240000000000004,2.424,0.3320053120849934,0.2920560747663551,0.4125412541254125,0.320282139906719,0.2817435179319618,0.3979743421613191,away,0.0776922022546001,0.8837691757706427,1
101,12436534,Premier League,24/25,2025-05-18 14:00:00,Leicester City,Ipswich Town,1.67,2.32,0.5988023952095809,0.4310344827586207,0.581453634085213,0.4185463659147869,0.162907268170426,0.162907268170426,2.286,3.702,3.086,0.4374453193350831,0.2701242571582928,0.3240440699935191,0.4240398727030994,0.2618463395459981,0.3141137877509025,home,0.1099260849521968,0.8378064668428987,0
152,12436586,Premier League,24/25,2025-05-18 14:00:00,Brentford,Fulham,1.65,2.3633333333333333,0.606060606060606,0.4231311706629055,0.5888704318936877,0.4111295681063123,0.1777408637873753,0.1777408637873753,2.032,3.828,3.556,0.4921259842519685,0.2612330198537095,0.281214848143982,0.4756798977490591,0.252503017822907,0.2718170844280337,home,0.2038628133210253,0.7768231200738479,0
151,12436585,Premier League,24/25,2025-05-18 15:30:00,Arsenal,Newcastle United,1.7566666666666666,2.1666666666666665,0.5692599620493359,0.4615384615384615,0.5522514868309261,0.4477485131690738,0.1045029736618522,0.1045029736618522,1.914,3.786,4.055999999999999,0.522466039707419,0.2641310089804543,0.2465483234714004,0.5057042830434065,0.2556571573547491,0.2386385596018442,home,0.2670657234415622,0.7329342765584377,0
156,12436590,Premier League,24/25,2025-05-19 19:00:00,Brighton & Hove Albion,Liverpool FC,1.4766666666666666,2.81,0.6772009029345373,0.3558718861209964,0.6555209953343701,0.3444790046656298,0.3110419906687403,0.3110419906687403,2.246,3.92,3.0,0.4452359750667854,0.2551020408163265,0.3333333333333333,0.4307326263848641,0.2467922139950011,0.3224751596201349,home,0.1082574667647292,0.8160595876101371,1
158,12436592,Premier League,24/25,2025-05-20 19:00:00,Crystal Palace,Wolverhampton,1.9966666666666668,1.9166666666666667,0.5008347245409015,0.5217391304347826,0.489778534923339,0.510221465076661,-0.0204429301533219,0.0204429301533219,2.374,3.336,3.172,0.4212299915754001,0.2997601918465228,0.3152585119798234,0.4064950754047436,0.2892743732046947,0.3042305513905616,home,0.102264524014182,0.8827792977999511,1
380,13854588,Premier League,24/25,2025-05-20 19:00:00,Manchester City,Bournemouth,1.5133333333333334,2.723333333333333,0.6607929515418501,0.3671970624235006,0.6428009441384736,0.3571990558615264,0.2856018882769471,0.2856018882769471,1.346,5.668,8.588,0.7429420505200593,0.1764290755116443,0.1164415463437354,0.7172552241673809,0.170329134038337,0.1124156417942821,home,0.6048395823730988,0.3951604176269012,1
103,12436536,Premier League,24/25,2025-05-25 15:00:00,Bournemouth,Leicester City,1.5066666666666666,2.72,0.6637168141592921,0.3676470588235294,0.6435331230283913,0.3564668769716088,0.2870662460567824,0.2870662460567824,1.352,5.622,8.606,0.7396449704142013,0.1778726431874777,0.116198001394376,0.7155207483414323,0.172071158263539,0.1124080933950286,home,0.6031126549464036,0.3968873450535963,1
105,12436538,Premier League,24/25,2025-05-25 15:00:00,Ipswich Town,West Ham United,1.7433333333333334,2.18,0.5736137667304015,0.4587155963302752,0.5556499575191165,0.4443500424808836,0.1112999150382328,0.1112999150382328,3.266,3.606,2.228,0.3061849357011635,0.2773155851358846,0.4488330341113105,0.2965949660683848,0.2686298278367567,0.4347752060948584,away,0.1381802400264736,0.8338546217418983,1
107,12436540,Premier League,24/25,2025-05-25 15:00:00,Manchester United,Aston Villa,1.596666666666667,2.46,0.6263048016701461,0.4065040650406504,0.6064092029580936,0.3935907970419063,0.2128184059161873,0.2128184059161873,4.66,4.364,1.702,0.2145922746781116,0.229147571035747,0.5875440658049353,0.2080826359077753,0.2221963985632981,0.5697209655289266,away,0.3616383296211513,0.6383616703788487,1
108,12436541,Premier League,24/25,2025-05-25 15:00:00,Newcastle United,Everton,1.47,2.813333333333333,0.6802721088435374,0.3554502369668247,0.6568093385214007,0.3431906614785992,0.3136186770428014,0.3136186770428014,1.278,6.26,11.012,0.7824726134585289,0.1597444089456869,0.0908100254268071,0.7574560754255504,0.1546371987849606,0.087906725789489,home,0.6695493496360613,0.3304506503639387,0
109,12436542,Premier League,24/25,2025-05-25 15:00:00,Wolverhampton,Brentford,1.5200000000000002,2.68,0.6578947368421052,0.373134328358209,0.638095238095238,0.3619047619047619,0.2761904761904761,0.2761904761904761,2.966,3.744,2.318,0.337154416722859,0.2670940170940171,0.4314063848144952,0.3255470941258325,0.2578986862118642,0.4165542196623034,away,0.0910071255364708,0.8413444665495607,0
115,12436548,Premier League,24/25,2025-05-25 15:00:00,Liverpool FC,Crystal Palace,1.3233333333333337,3.61,0.7556675062972291,0.2770083102493075,0.7317567567567567,0.2682432432432433,0.4635135135135134,0.4635135135135134,1.378,6.05,6.709999999999999,0.725689404934688,0.1652892561983471,0.1490312965722802,0.6977715930103724,0.1589304553997178,0.1432979515899095,home,0.5544736414204628,0.4455263585795371,1
116,12436549,Premier League,24/25,2025-05-25 15:00:00,Southampton,Arsenal,1.42,3.046666666666667,0.7042253521126761,0.3282275711159737,0.682089552238806,0.317910447761194,0.364179104477612,0.364179104477612,12.186,6.29,1.256,0.0820613819136714,0.1589825119236884,0.7961783439490446,0.0791164891420023,0.1532771918417234,0.7676063190162743,away,0.688489829874272,0.311510170125728,1
122,12436556,Premier League,24/25,2025-05-25 15:00:00,Nottingham Forest,Chelsea,1.71,2.24,0.5847953216374269,0.4464285714285714,0.5670886075949367,0.4329113924050632,0.1341772151898734,0.1341772151898734,3.47,3.796,2.064,0.2881844380403458,0.2634351949420442,0.4844961240310077,0.2781392292218748,0.254252667386698,0.4676081033914271,away,0.1894688741695522,0.7866445639952708,0
123,12436557,Premier League,24/25,2025-05-25 15:00:00,Tottenham Hotspur,Brighton & Hove Albion,1.5,2.7566666666666664,0.6666666666666666,0.3627569528415961,0.6476115896632733,0.3523884103367267,0.2952231793265465,0.2952231793265465,3.772,4.056,1.904,0.2651113467656416,0.2465483234714004,0.5252100840336135,0.2556843284064386,0.2377813823345873,0.5065342892589739,away,0.2508499608525353,0.7312470930756134,1
125,12436559,Premier League,24/25,2025-05-25 15:00:00,Fulham,Manchester City,1.59,2.4833333333333334,0.6289308176100629,0.4026845637583892,0.6096563011456628,0.3903436988543372,0.2193126022913256,0.2193126022913256,6.182,4.542,1.528,0.1617599482368165,0.2201673271686481,0.6544502617801047,0.1560820670391011,0.21243930833019,0.6314786246307088,away,0.4753965575916077,0.5246034424083923,0
