match_id,sofascore_event_id,match_date,home_team,away_team,cutoff_minute,home_goals_until_cutoff,away_goals_until_cutoff,score_diff_home_until_cutoff,is_draw_until_cutoff,home_leading_until_cutoff,away_leading_until_cutoff,total_goals_until_cutoff,last_goal_minute_until_cutoff,time_since_last_goal_until_cutoff,red_cards_until_cutoff,yellow_cards_until_cutoff,cards_until_cutoff,substitutions_until_cutoff,goal_last_5m_until_cutoff,goal_last_10m_until_cutoff,target_goal_after_cutoff
194,12436870,2024-08-16 19:00:00,Manchester United,Fulham,60,0,0,0,1,0,0,0,,,,,3,0,0,0,1
194,12436870,2024-08-16 19:00:00,Manchester United,Fulham,65,0,0,0,1,0,0,0,,,,,3,3,0,0,1
194,12436870,2024-08-16 19:00:00,Manchester United,Fulham,70,0,0,0,1,0,0,0,,,,,4,3,0,0,1
194,12436870,2024-08-16 19:00:00,Manchester United,Fulham,75,0,0,0,1,0,0,0,,,,,5,3,0,0,1
194,12436870,2024-08-16 19:00:00,Manchester United,Fulham,80,0,0,0,1,0,0,0,,,,,5,5,0,0,1
195,12436871,2024-08-17 11:30:00,Ipswich Town,Liverpool FC,60,0,1,-1,0,0,1,1,60.0,0.0,,,3,2,1,1,1
195,12436871,2024-08-17 11:30:00,Ipswich Town,Liverpool FC,65,0,2,-2,0,0,1,2,65.0,0.0,,,3,4,1,1,0
195,12436871,2024-08-17 11:30:00,Ipswich Town,Liverpool FC,70,0,2,-2,0,0,1,2,65.0,5.0,,,3,4,0,1,0
195,12436871,2024-08-17 11:30:00,Ipswich Town,Liverpool FC,75,0,2,-2,0,0,1,2,65.0,10.0,,,3,6,0,0,0
195,12436871,2024-08-17 11:30:00,Ipswich Town,Liverpool FC,80,0,2,-2,0,0,1,2,65.0,15.0,,,3,9,0,0,0
196,12436872,2024-08-17 14:00:00,Arsenal,Wolverhampton,60,1,0,1,0,1,0,1,25.0,35.0,,,4,1,0,0,1
196,12436872,2024-08-17 14:00:00,Arsenal,Wolverhampton,65,1,0,1,0,1,0,1,25.0,40.0,,,4,1,0,0,1
196,12436872,2024-08-17 14:00:00,Arsenal,Wolverhampton,70,1,0,1,0,1,0,1,25.0,45.0,,,4,2,0,0,1
196,12436872,2024-08-17 14:00:00,Arsenal,Wolverhampton,75,2,0,2,0,1,0,2,74.0,1.0,,,4,3,1,1,0
196,12436872,2024-08-17 14:00:00,Arsenal,Wolverhampton,80,2,0,2,0,1,0,2,74.0,6.0,,,4,4,0,1,0
197,12436873,2024-08-17 14:00:00,Everton,Brighton & Hove Albion,60,0,2,-2,0,0,1,2,56.0,4.0,,,1,1,1,1,1
197,12436873,2024-08-17 14:00:00,Everton,Brighton & Hove Albion,65,0,2,-2,0,0,1,2,56.0,9.0,,,1,2,0,1,1
197,12436873,2024-08-17 14:00:00,Everton,Brighton & Hove Albion,70,0,2,-2,0,0,1,2,56.0,14.0,,,2,2,0,0,1
197,12436873,2024-08-17 14:00:00,Everton,Brighton & Hove Albion,75,0,2,-2,0,0,1,2,56.0,19.0,,,2,2,0,0,1
197,12436873,2024-08-17 14:00:00,Everton,Brighton & Hove Albion,80,0,2,-2,0,0,1,2,56.0,24.0,,,3,4,0,0,1
198,12436874,2024-08-17 14:00:00,Newcastle United,Southampton,60,1,0,1,0,1,0,1,45.0,15.0,,,4,2,0,0,0
198,12436874,2024-08-17 14:00:00,Newcastle United,Southampton,65,1,0,1,0,1,0,1,45.0,20.0,,,4,2,0,0,0
198,12436874,2024-08-17 14:00:00,Newcastle United,Southampton,70,1,0,1,0,1,0,1,45.0,25.0,,,4,5,0,0,0
198,12436874,2024-08-17 14:00:00,Newcastle United,Southampton,75,1,0,1,0,1,0,1,45.0,30.0,,,6,6,0,0,0
198,12436874,2024-08-17 14:00:00,Newcastle United,Southampton,80,1,0,1,0,1,0,1,45.0,35.0,,,6,6,0,0,0
199,12436875,2024-08-17 14:00:00,Nottingham Forest,Bournemouth,60,1,0,1,0,1,0,1,23.0,37.0,,,3,3,0,0,1
199,12436875,2024-08-17 14:00:00,Nottingham Forest,Bournemouth,65,1,0,1,0,1,0,1,23.0,42.0,,,3,6,0,0,1
199,12436875,2024-08-17 14:00:00,Nottingham Forest,Bournemouth,70,1,0,1,0,1,0,1,23.0,47.0,,,3,7,0,0,1
199,12436875,2024-08-17 14:00:00,Nottingham Forest,Bournemouth,75,1,0,1,0,1,0,1,23.0,52.0,,,3,9,0,0,1
199,12436875,2024-08-17 14:00:00,Nottingham Forest,Bournemouth,80,1,0,1,0,1,0,1,23.0,57.0,,,3,9,0,0,1
201,12436877,2024-08-17 16:30:00,West Ham United,Aston Villa,60,1,1,0,1,0,0,2,37.0,23.0,,,2,0,0,0,1
201,12436877,2024-08-17 16:30:00,West Ham United,Aston Villa,65,1,1,0,1,0,0,2,37.0,28.0,,,2,2,0,0,1
201,12436877,2024-08-17 16:30:00,West Ham United,Aston Villa,70,1,1,0,1,0,0,2,37.0,33.0,,,2,2,0,0,1
201,12436877,2024-08-17 16:30:00,West Ham United,Aston Villa,75,1,1,0,1,0,0,2,37.0,38.0,,,2,7,0,0,1
201,12436877,2024-08-17 16:30:00,West Ham United,Aston Villa,80,1,2,-1,0,0,1,3,79.0,1.0,,,2,7,1,1,0
202,12436879,2024-08-18 13:00:00,Brentford,Crystal Palace,60,1,1,0,1,0,0,2,57.0,3.0,,,4,1,1,1,1
202,12436879,2024-08-18 13:00:00,Brentford,Crystal Palace,65,1,1,0,1,0,0,2,57.0,8.0,,,5,1,0,1,1
202,12436879,2024-08-18 13:00:00,Brentford,Crystal Palace,70,1,1,0,1,0,0,2,57.0,13.0,,,5,2,0,0,1
202,12436879,2024-08-18 13:00:00,Brentford,Crystal Palace,75,1,1,0,1,0,0,2,57.0,18.0,,,5,5,0,0,1
202,12436879,2024-08-18 13:00:00,Brentford,Crystal Palace,80,2,1,1,0,1,0,3,76.0,4.0,,,5,5,1,1,0
203,12436880,2024-08-18 15:30:00,Chelsea,Manchester City,60,0,1,-1,0,0,1,1,18.0,42.0,,,0,2,0,0,1
203,12436880,2024-08-18 15:30:00,Chelsea,Manchester City,65,0,1,-1,0,0,1,1,18.0,47.0,,,0,2,0,0,1
203,12436880,2024-08-18 15:30:00,Chelsea,Manchester City,70,0,1,-1,0,0,1,1,18.0,52.0,,,1,4,0,0,1
203,12436880,2024-08-18 15:30:00,Chelsea,Manchester City,75,0,1,-1,0,0,1,1,18.0,57.0,,,1,4,0,0,1
203,12436880,2024-08-18 15:30:00,Chelsea,Manchester City,80,0,1,-1,0,0,1,1,18.0,62.0,,,1,5,0,0,1
204,12436881,2024-08-19 19:00:00,Leicester City,Tottenham Hotspur,60,1,1,0,1,0,0,2,57.0,3.0,,,0,0,1,1,0
204,12436881,2024-08-19 19:00:00,Leicester City,Tottenham Hotspur,65,1,1,0,1,0,0,2,57.0,8.0,,,1,0,0,1,0
204,12436881,2024-08-19 19:00:00,Leicester City,Tottenham Hotspur,70,1,1,0,1,0,0,2,57.0,13.0,,,1,0,0,0,0
204,12436881,2024-08-19 19:00:00,Leicester City,Tottenham Hotspur,75,1,1,0,1,0,0,2,57.0,18.0,,,1,0,0,0,0
204,12436881,2024-08-19 19:00:00,Leicester City,Tottenham Hotspur,80,1,1,0,1,0,0,2,57.0,23.0,,,1,6,0,0,0
211,12436888,2024-08-24 11:30:00,Brighton & Hove Albion,Manchester United,60,1,1,0,1,0,0,2,60.0,0.0,,,0,1,1,1,1
211,12436888,2024-08-24 11:30:00,Brighton & Hove Albion,Manchester United,65,1,1,0,1,0,0,2,60.0,5.0,,,0,2,0,1,1
211,12436888,2024-08-24 11:30:00,Brighton & Hove Albion,Manchester United,70,1,1,0,1,0,0,2,60.0,10.0,,,0,2,0,0,1
211,12436888,2024-08-24 11:30:00,Brighton & Hove Albion,Manchester United,75,1,1,0,1,0,0,2,60.0,15.0,,,1,3,0,0,1
211,12436888,2024-08-24 11:30:00,Brighton & Hove Albion,Manchester United,80,1,1,0,1,0,0,2,60.0,20.0,,,2,6,0,0,1
215,12436892,2024-08-24 14:00:00,Crystal Palace,West Ham United,60,0,0,0,1,0,0,0,,,,,1,0,0,0,1
215,12436892,2024-08-24 14:00:00,Crystal Palace,West Ham United,65,0,0,0,1,0,0,0,,,,,2,3,0,0,1
215,12436892,2024-08-24 14:00:00,Crystal Palace,West Ham United,70,0,1,-1,0,0,1,1,67.0,3.0,,,2,3,1,1,1
215,12436892,2024-08-24 14:00:00,Crystal Palace,West Ham United,75,0,2,-2,0,0,1,2,72.0,3.0,,,2,4,1,1,0
215,12436892,2024-08-24 14:00:00,Crystal Palace,West Ham United,80,0,2,-2,0,0,1,2,72.0,8.0,,,2,5,0,1,0
217,12436894,2024-08-24 14:00:00,Fulham,Leicester City,60,1,1,0,1,0,0,2,38.0,22.0,,,2,0,0,0,1
217,12436894,2024-08-24 14:00:00,Fulham,Leicester City,65,1,1,0,1,0,0,2,38.0,27.0,,,2,1,0,0,1
217,12436894,2024-08-24 14:00:00,Fulham,Leicester City,70,2,1,1,0,1,0,3,70.0,0.0,,,2,3,1,1,0
217,12436894,2024-08-24 14:00:00,Fulham,Leicester City,75,2,1,1,0,1,0,3,70.0,5.0,,,3,5,0,1,0
217,12436894,2024-08-24 14:00:00,Fulham,Leicester City,80,2,1,1,0,1,0,3,70.0,10.0,,,3,6,0,0,0
221,12436898,2024-08-24 14:00:00,Manchester City,Ipswich Town,60,3,1,2,0,1,0,4,16.0,44.0,,,3,1,0,0,1
221,12436898,2024-08-24 14:00:00,Manchester City,Ipswich Town,65,3,1,2,0,1,0,4,16.0,49.0,,,3,1,0,0,1
221,12436898,2024-08-24 14:00:00,Manchester City,Ipswich Town,70,3,1,2,0,1,0,4,16.0,54.0,,,3,1,0,0,1
221,12436898,2024-08-24 14:00:00,Manchester City,Ipswich Town,75,3,1,2,0,1,0,4,16.0,59.0,,,3,5,0,0,1
221,12436898,2024-08-24 14:00:00,Manchester City,Ipswich Town,80,3,1,2,0,1,0,4,16.0,64.0,,,3,5,0,0,1
223,12436900,2024-08-24 14:00:00,Southampton,Nottingham Forest,60,0,0,0,1,0,0,0,,,,,4,0,0,0,1
223,12436900,2024-08-24 14:00:00,Southampton,Nottingham Forest,65,0,0,0,1,0,0,0,,,,,5,0,0,0,1
223,12436900,2024-08-24 14:00:00,Southampton,Nottingham Forest,70,0,1,-1,0,0,1,1,70.0,0.0,,,5,1,1,1,0
223,12436900,2024-08-24 14:00:00,Southampton,Nottingham Forest,75,0,1,-1,0,0,1,1,70.0,5.0,,,5,5,0,1,0
223,12436900,2024-08-24 14:00:00,Southampton,Nottingham Forest,80,0,1,-1,0,0,1,1,70.0,10.0,,,5,7,0,0,0
225,12436902,2024-08-24 14:00:00,Tottenham Hotspur,Everton,60,2,0,2,0,1,0,2,25.0,35.0,,,0,2,0,0,1
225,12436902,2024-08-24 14:00:00,Tottenham Hotspur,Everton,65,2,0,2,0,1,0,2,25.0,40.0,,,0,2,0,0,1
225,12436902,2024-08-24 14:00:00,Tottenham Hotspur,Everton,70,2,0,2,0,1,0,2,25.0,45.0,,,0,4,0,0,1
225,12436902,2024-08-24 14:00:00,Tottenham Hotspur,Everton,75,3,0,3,0,1,0,3,71.0,4.0,,,0,7,1,1,1
225,12436902,2024-08-24 14:00:00,Tottenham Hotspur,Everton,80,4,0,4,0,1,0,4,77.0,3.0,,,0,8,1,1,0
209,12436886,2024-08-24 16:30:00,Aston Villa,Arsenal,60,0,0,0,1,0,0,0,,,,,2,1,0,0,1
209,12436886,2024-08-24 16:30:00,Aston Villa,Arsenal,65,0,0,0,1,0,0,0,,,,,2,4,0,0,1
209,12436886,2024-08-24 16:30:00,Aston Villa,Arsenal,70,0,1,-1,0,0,1,1,67.0,3.0,,,2,4,1,1,1
209,12436886,2024-08-24 16:30:00,Aston Villa,Arsenal,75,0,1,-1,0,0,1,1,67.0,8.0,,,3,4,0,1,1
209,12436886,2024-08-24 16:30:00,Aston Villa,Arsenal,80,0,2,-2,0,0,1,2,77.0,3.0,,,3,7,1,1,0
207,12436884,2024-08-25 13:00:00,Bournemouth,Newcastle United,60,1,0,1,0,1,0,1,37.0,23.0,,,2,2,0,0,1
207,12436884,2024-08-25 13:00:00,Bournemouth,Newcastle United,65,1,0,1,0,1,0,1,37.0,28.0,,,2,3,0,0,1
207,12436884,2024-08-25 13:00:00,Bournemouth,Newcastle United,70,1,0,1,0,1,0,1,37.0,33.0,,,2,5,0,0,1
207,12436884,2024-08-25 13:00:00,Bournemouth,Newcastle United,75,1,0,1,0,1,0,1,37.0,38.0,,,2,7,0,0,1
207,12436884,2024-08-25 13:00:00,Bournemouth,Newcastle United,80,1,1,0,1,0,0,2,77.0,3.0,,,2,7,1,1,0
227,12436904,2024-08-25 13:00:00,Wolverhampton,Chelsea,60,2,4,-2,0,0,1,6,58.0,2.0,,,3,2,1,1,1
227,12436904,2024-08-25 13:00:00,Wolverhampton,Chelsea,65,2,5,-3,0,0,1,7,63.0,2.0,,,3,2,1,1,1
227,12436904,2024-08-25 13:00:00,Wolverhampton,Chelsea,70,2,5,-3,0,0,1,7,63.0,7.0,,,3,6,0,1,1
227,12436904,2024-08-25 13:00:00,Wolverhampton,Chelsea,75,2,5,-3,0,0,1,7,63.0,12.0,,,5,6,0,0,1
227,12436904,2024-08-25 13:00:00,Wolverhampton,Chelsea,80,2,6,-4,0,0,1,8,80.0,0.0,,,5,7,1,1,0
219,12436896,2024-08-25 15:30:00,Liverpool FC,Brentford,60,1,0,1,0,1,0,1,13.0,47.0,,,4,0,0,0,1
219,12436896,2024-08-25 15:30:00,Liverpool FC,Brentford,65,1,0,1,0,1,0,1,13.0,52.0,,,4,0,0,0,1
219,12436896,2024-08-25 15:30:00,Liverpool FC,Brentford,70,2,0,2,0,1,0,2,70.0,0.0,,,4,2,1,1,0
219,12436896,2024-08-25 15:30:00,Liverpool FC,Brentford,75,2,0,2,0,1,0,2,70.0,5.0,,,4,7,0,1,0
219,12436896,2024-08-25 15:30:00,Liverpool FC,Brentford,80,2,0,2,0,1,0,2,70.0,10.0,,,4,7,0,0,0
229,12436906,2024-08-31 11:30:00,Arsenal,Brighton & Hove Albion,60,1,1,0,1,0,0,2,58.0,2.0,,,4,2,1,1,0
229,12436906,2024-08-31 11:30:00,Arsenal,Brighton & Hove Albion,65,1,1,0,1,0,0,2,58.0,7.0,,,4,2,0,1,0
229,12436906,2024-08-31 11:30:00,Arsenal,Brighton & Hove Albion,70,1,1,0,1,0,0,2,58.0,12.0,,,6,2,0,0,0
229,12436906,2024-08-31 11:30:00,Arsenal,Brighton & Hove Albion,75,1,1,0,1,0,0,2,58.0,17.0,,,6,5,0,0,0
229,12436906,2024-08-31 11:30:00,Arsenal,Brighton & Hove Albion,80,1,1,0,1,0,0,2,58.0,22.0,,,6,6,0,0,0
231,12436908,2024-08-31 14:00:00,Brentford,Southampton,60,1,0,1,0,1,0,1,43.0,17.0,,,2,4,0,0,1
231,12436908,2024-08-31 14:00:00,Brentford,Southampton,65,2,0,2,0,1,0,2,65.0,0.0,,,2,4,1,1,1
231,12436908,2024-08-31 14:00:00,Brentford,Southampton,70,3,0,3,0,1,0,3,69.0,1.0,,,2,4,1,1,1
231,12436908,2024-08-31 14:00:00,Brentford,Southampton,75,3,0,3,0,1,0,3,69.0,6.0,,,3,6,0,1,1
231,12436908,2024-08-31 14:00:00,Brentford,Southampton,80,3,0,3,0,1,0,3,69.0,11.0,,,3,6,0,0,1
235,12436912,2024-08-31 14:00:00,Everton,Bournemouth,60,2,0,2,0,1,0,2,57.0,3.0,,,0,0,1,1,1
235,12436912,2024-08-31 14:00:00,Everton,Bournemouth,65,2,0,2,0,1,0,2,57.0,8.0,,,0,1,0,1,1
235,12436912,2024-08-31 14:00:00,Everton,Bournemouth,70,2,0,2,0,1,0,2,57.0,13.0,,,0,3,0,0,1
235,12436912,2024-08-31 14:00:00,Everton,Bournemouth,75,2,0,2,0,1,0,2,57.0,18.0,,,0,3,0,0,1
235,12436912,2024-08-31 14:00:00,Everton,Bournemouth,80,2,0,2,0,1,0,2,57.0,23.0,,,2,5,0,0,1
238,12436915,2024-08-31 14:00:00,Ipswich Town,Fulham,60,1,1,0,1,0,0,2,32.0,28.0,,,3,0,0,0,0
238,12436915,2024-08-31 14:00:00,Ipswich Town,Fulham,65,1,1,0,1,0,0,2,32.0,33.0,,,3,0,0,0,0
238,12436915,2024-08-31 14:00:00,Ipswich Town,Fulham,70,1,1,0,1,0,0,2,32.0,38.0,,,3,1,0,0,0
238,12436915,2024-08-31 14:00:00,Ipswich Town,Fulham,75,1,1,0,1,0,0,2,32.0,43.0,,,3,2,0,0,0
238,12436915,2024-08-31 14:00:00,Ipswich Town,Fulham,80,1,1,0,1,0,0,2,32.0,48.0,,,4,3,0,0,0
240,12436918,2024-08-31 14:00:00,Leicester City,Aston Villa,60,0,1,-1,0,0,1,1,28.0,32.0,,,5,1,0,0,1
240,12436918,2024-08-31 14:00:00,Leicester City,Aston Villa,65,0,2,-2,0,0,1,2,63.0,2.0,,,5,3,1,1,1
240,12436918,2024-08-31 14:00:00,Leicester City,Aston Villa,70,0,2,-2,0,0,1,2,63.0,7.0,,,5,6,0,1,1
240,12436918,2024-08-31 14:00:00,Leicester City,Aston Villa,75,1,2,-1,0,0,1,3,73.0,2.0,,,7,6,1,1,0
240,12436918,2024-08-31 14:00:00,Leicester City,Aston Villa,80,1,2,-1,0,0,1,3,73.0,7.0,,,7,8,0,1,0
248,12436926,2024-08-31 14:00:00,Nottingham Forest,Wolverhampton,60,1,1,0,1,0,0,2,12.0,48.0,,,6,3,0,0,0
248,12436926,2024-08-31 14:00:00,Nottingham Forest,Wolverhampton,65,1,1,0,1,0,0,2,12.0,53.0,,,6,3,0,0,0
248,12436926,2024-08-31 14:00:00,Nottingham Forest,Wolverhampton,70,1,1,0,1,0,0,2,12.0,58.0,,,6,3,0,0,0
248,12436926,2024-08-31 14:00:00,Nottingham Forest,Wolverhampton,75,1,1,0,1,0,0,2,12.0,63.0,,,6,5,0,0,0
248,12436926,2024-08-31 14:00:00,Nottingham Forest,Wolverhampton,80,1,1,0,1,0,0,2,12.0,68.0,,,6,6,0,0,0
249,12436927,2024-08-31 16:30:00,West Ham United,Manchester City,60,1,2,-1,0,0,1,3,30.0,30.0,,,1,1,0,0,1
249,12436927,2024-08-31 16:30:00,West Ham United,Manchester City,65,1,2,-1,0,0,1,3,30.0,35.0,,,3,1,0,0,1
249,12436927,2024-08-31 16:30:00,West Ham United,Manchester City,70,1,2,-1,0,0,1,3,30.0,40.0,,,3,2,0,0,1
249,12436927,2024-08-31 16:30:00,West Ham United,Manchester City,75,1,2,-1,0,0,1,3,30.0,45.0,,,3,5,0,0,1
249,12436927,2024-08-31 16:30:00,West Ham United,Manchester City,80,1,2,-1,0,0,1,3,30.0,50.0,,,4,6,0,0,1
233,12436910,2024-09-01 12:30:00,Chelsea,Crystal Palace,60,1,1,0,1,0,0,2,53.0,7.0,,,3,2,0,1,0
233,12436910,2024-09-01 12:30:00,Chelsea,Crystal Palace,65,1,1,0,1,0,0,2,53.0,12.0,,,4,2,0,0,0
233,12436910,2024-09-01 12:30:00,Chelsea,Crystal Palace,70,1,1,0,1,0,0,2,53.0,17.0,,,4,3,0,0,0
233,12436910,2024-09-01 12:30:00,Chelsea,Crystal Palace,75,1,1,0,1,0,0,2,53.0,22.0,,,4,4,0,0,0
233,12436910,2024-09-01 12:30:00,Chelsea,Crystal Palace,80,1,1,0,1,0,0,2,53.0,27.0,,,4,4,0,0,0
245,12436923,2024-09-01 12:30:00,Newcastle United,Tottenham Hotspur,60,1,1,0,1,0,0,2,56.0,4.0,,,6,1,1,1,1
245,12436923,2024-09-01 12:30:00,Newcastle United,Tottenham Hotspur,65,1,1,0,1,0,0,2,56.0,9.0,,,6,2,0,1,1
245,12436923,2024-09-01 12:30:00,Newcastle United,Tottenham Hotspur,70,1,1,0,1,0,0,2,56.0,14.0,,,7,4,0,0,1
245,12436923,2024-09-01 12:30:00,Newcastle United,Tottenham Hotspur,75,1,1,0,1,0,0,2,56.0,19.0,,,7,5,0,0,1
245,12436923,2024-09-01 12:30:00,Newcastle United,Tottenham Hotspur,80,2,1,1,0,1,0,3,78.0,2.0,,,7,5,1,1,0
242,12436920,2024-09-01 15:00:00,Manchester United,Liverpool FC,60,0,3,-3,0,0,1,3,56.0,4.0,,,4,1,1,1,0
242,12436920,2024-09-01 15:00:00,Manchester United,Liverpool FC,65,0,3,-3,0,0,1,3,56.0,9.0,,,5,1,0,1,0
242,12436920,2024-09-01 15:00:00,Manchester United,Liverpool FC,70,0,3,-3,0,0,1,3,56.0,14.0,,,5,4,0,0,0
242,12436920,2024-09-01 15:00:00,Manchester United,Liverpool FC,75,0,3,-3,0,0,1,3,56.0,19.0,,,5,4,0,0,0
242,12436920,2024-09-01 15:00:00,Manchester United,Liverpool FC,80,0,3,-3,0,0,1,3,56.0,24.0,,,5,6,0,0,0
270,12436949,2024-09-14 11:30:00,Southampton,Manchester United,60,0,2,-2,0,0,1,2,41.0,19.0,,,3,0,0,0,1
270,12436949,2024-09-14 11:30:00,Southampton,Manchester United,65,0,2,-2,0,0,1,2,41.0,24.0,,,3,4,0,0,1
270,12436949,2024-09-14 11:30:00,Southampton,Manchester United,70,0,2,-2,0,0,1,2,41.0,29.0,,,4,4,0,0,1
270,12436949,2024-09-14 11:30:00,Southampton,Manchester United,75,0,2,-2,0,0,1,2,41.0,34.0,,,6,7,0,0,1
270,12436949,2024-09-14 11:30:00,Southampton,Manchester United,80,0,2,-2,0,0,1,2,41.0,39.0,,,7,8,0,0,1
257,12436936,2024-09-14 14:00:00,Brighton & Hove Albion,Ipswich Town,60,0,0,0,1,0,0,0,,,,,5,3,0,0,0
257,12436936,2024-09-14 14:00:00,Brighton & Hove Albion,Ipswich Town,65,0,0,0,1,0,0,0,,,,,5,3,0,0,0
257,12436936,2024-09-14 14:00:00,Brighton & Hove Albion,Ipswich Town,70,0,0,0,1,0,0,0,,,,,5,6,0,0,0
257,12436936,2024-09-14 14:00:00,Brighton & Hove Albion,Ipswich Town,75,0,0,0,1,0,0,0,,,,,5,6,0,0,0
257,12436936,2024-09-14 14:00:00,Brighton & Hove Albion,Ipswich Town,80,0,0,0,1,0,0,0,,,,,5,6,0,0,0
259,12436938,2024-09-14 14:00:00,Crystal Palace,Leicester City,60,1,2,-1,0,0,1,3,47.0,13.0,,,1,1,0,0,1
259,12436938,2024-09-14 14:00:00,Crystal Palace,Leicester City,65,1,2,-1,0,0,1,3,47.0,18.0,,,1,2,0,0,1
259,12436938,2024-09-14 14:00:00,Crystal Palace,Leicester City,70,1,2,-1,0,0,1,3,47.0,23.0,,,1,2,0,0,1
259,12436938,2024-09-14 14:00:00,Crystal Palace,Leicester City,75,1,2,-1,0,0,1,3,47.0,28.0,,,1,3,0,0,1
259,12436938,2024-09-14 14:00:00,Crystal Palace,Leicester City,80,1,2,-1,0,0,1,3,47.0,33.0,,,2,4,0,0,1
262,12436941,2024-09-14 14:00:00,Fulham,West Ham United,60,1,0,1,0,1,0,1,24.0,36.0,,,2,3,0,0,1
262,12436941,2024-09-14 14:00:00,Fulham,West Ham United,65,1,0,1,0,1,0,1,24.0,41.0,,,2,3,0,0,1
262,12436941,2024-09-14 14:00:00,Fulham,West Ham United,70,1,0,1,0,1,0,1,24.0,46.0,,,3,6,0,0,1
262,12436941,2024-09-14 14:00:00,Fulham,West Ham United,75,1,0,1,0,1,0,1,24.0,51.0,,,4,8,0,0,1
262,12436941,2024-09-14 14:00:00,Fulham,West Ham United,80,1,0,1,0,1,0,1,24.0,56.0,,,4,8,0,0,1
265,12436944,2024-09-14 14:00:00,Liverpool FC,Nottingham Forest,60,0,0,0,1,0,0,0,,,,,2,3,0,0,1
265,12436944,2024-09-14 14:00:00,Liverpool FC,Nottingham Forest,65,0,0,0,1,0,0,0,,,,,3,5,0,0,1
265,12436944,2024-09-14 14:00:00,Liverpool FC,Nottingham Forest,70,0,0,0,1,0,0,0,,,,,4,5,0,0,1
265,12436944,2024-09-14 14:00:00,Liverpool FC,Nottingham Forest,75,0,1,-1,0,0,1,1,72.0,3.0,,,4,7,1,1,0
265,12436944,2024-09-14 14:00:00,Liverpool FC,Nottingham Forest,80,0,1,-1,0,0,1,1,72.0,8.0,,,4,8,0,1,0
267,12436946,2024-09-14 14:00:00,Manchester City,Brentford,60,2,1,1,0,1,0,3,32.0,28.0,,,2,3,0,0,0
267,12436946,2024-09-14 14:00:00,Manchester City,Brentford,65,2,1,1,0,1,0,3,32.0,33.0,,,2,3,0,0,0
267,12436946,2024-09-14 14:00:00,Manchester City,Brentford,70,2,1,1,0,1,0,3,32.0,38.0,,,2,3,0,0,0
267,12436946,2024-09-14 14:00:00,Manchester City,Brentford,75,2,1,1,0,1,0,3,32.0,43.0,,,2,5,0,0,0
267,12436946,2024-09-14 14:00:00,Manchester City,Brentford,80,2,1,1,0,1,0,3,32.0,48.0,,,3,5,0,0,0
254,12436933,2024-09-14 16:30:00,Aston Villa,Everton,60,2,2,0,1,0,0,4,58.0,2.0,,,4,2,1,1,1
254,12436933,2024-09-14 16:30:00,Aston Villa,Everton,65,2,2,0,1,0,0,4,58.0,7.0,,,4,4,0,1,1
254,12436933,2024-09-14 16:30:00,Aston Villa,Everton,70,2,2,0,1,0,0,4,58.0,12.0,,,4,6,0,0,1
254,12436933,2024-09-14 16:30:00,Aston Villa,Everton,75,2,2,0,1,0,0,4,58.0,17.0,,,4,6,0,0,1
254,12436933,2024-09-14 16:30:00,Aston Villa,Everton,80,3,2,1,0,1,0,5,76.0,4.0,,,5,6,1,1,0
252,12436931,2024-09-14 19:00:00,Bournemouth,Chelsea,60,0,0,0,1,0,0,0,,,,,11,1,0,0,1
252,12436931,2024-09-14 19:00:00,Bournemouth,Chelsea,65,0,0,0,1,0,0,0,,,,,11,3,0,0,1
252,12436931,2024-09-14 19:00:00,Bournemouth,Chelsea,70,0,0,0,1,0,0,0,,,,,11,5,0,0,1
252,12436931,2024-09-14 19:00:00,Bournemouth,Chelsea,75,0,0,0,1,0,0,0,,,,,11,7,0,0,1
252,12436931,2024-09-14 19:00:00,Bournemouth,Chelsea,80,0,0,0,1,0,0,0,,,,,12,8,0,0,1
272,12436951,2024-09-15 13:00:00,Tottenham Hotspur,Arsenal,60,0,0,0,1,0,0,0,,,,,8,0,0,0,1
272,12436951,2024-09-15 13:00:00,Tottenham Hotspur,Arsenal,65,0,1,-1,0,0,1,1,64.0,1.0,,,8,0,1,1,0
272,12436951,2024-09-15 13:00:00,Tottenham Hotspur,Arsenal,70,0,1,-1,0,0,1,1,64.0,6.0,,,8,2,0,1,0
272,12436951,2024-09-15 13:00:00,Tottenham Hotspur,Arsenal,75,0,1,-1,0,0,1,1,64.0,11.0,,,8,2,0,0,0
272,12436951,2024-09-15 13:00:00,Tottenham Hotspur,Arsenal,80,0,1,-1,0,0,1,1,64.0,16.0,,,8,5,0,0,0
274,12436954,2024-09-15 15:30:00,Wolverhampton,Newcastle United,60,1,0,1,0,1,0,1,36.0,24.0,,,2,3,0,0,1
274,12436954,2024-09-15 15:30:00,Wolverhampton,Newcastle United,65,1,0,1,0,1,0,1,36.0,29.0,,,3,4,0,0,1
274,12436954,2024-09-15 15:30:00,Wolverhampton,Newcastle United,70,1,0,1,0,1,0,1,36.0,34.0,,,4,5,0,0,1
274,12436954,2024-09-15 15:30:00,Wolverhampton,Newcastle United,75,1,1,0,1,0,0,2,75.0,0.0,,,5,5,1,1,1
274,12436954,2024-09-15 15:30:00,Wolverhampton,Newcastle United,80,1,2,-1,0,0,1,3,80.0,0.0,,,5,7,1,1,0
298,12436980,2024-09-21 11:30:00,West Ham United,Chelsea,60,0,3,-3,0,0,1,3,47.0,13.0,,,3,5,0,0,0
298,12436980,2024-09-21 11:30:00,West Ham United,Chelsea,65,0,3,-3,0,0,1,3,47.0,18.0,,,3,7,0,0,0
298,12436980,2024-09-21 11:30:00,West Ham United,Chelsea,70,0,3,-3,0,0,1,3,47.0,23.0,,,3,7,0,0,0
298,12436980,2024-09-21 11:30:00,West Ham United,Chelsea,75,0,3,-3,0,0,1,3,47.0,28.0,,,4,9,0,0,0
298,12436980,2024-09-21 11:30:00,West Ham United,Chelsea,80,0,3,-3,0,0,1,3,47.0,33.0,,,5,9,0,0,0
277,12436957,2024-09-21 14:00:00,Aston Villa,Wolverhampton,60,0,1,-1,0,0,1,1,25.0,35.0,,,5,2,0,0,1
277,12436957,2024-09-21 14:00:00,Aston Villa,Wolverhampton,65,0,1,-1,0,0,1,1,25.0,40.0,,,6,5,0,0,1
277,12436957,2024-09-21 14:00:00,Aston Villa,Wolverhampton,70,0,1,-1,0,0,1,1,25.0,45.0,,,6,5,0,0,1
277,12436957,2024-09-21 14:00:00,Aston Villa,Wolverhampton,75,1,1,0,1,0,0,2,73.0,2.0,,,7,6,1,1,1
277,12436957,2024-09-21 14:00:00,Aston Villa,Wolverhampton,80,1,1,0,1,0,0,2,73.0,7.0,,,7,6,0,1,1
284,12436964,2024-09-21 14:00:00,Fulham,Newcastle United,60,2,1,1,0,1,0,3,46.0,14.0,,,4,3,0,0,1
284,12436964,2024-09-21 14:00:00,Fulham,Newcastle United,65,2,1,1,0,1,0,3,46.0,19.0,,,4,3,0,0,1
284,12436964,2024-09-21 14:00:00,Fulham,Newcastle United,70,2,1,1,0,1,0,3,46.0,24.0,,,4,4,0,0,1
284,12436964,2024-09-21 14:00:00,Fulham,Newcastle United,75,2,1,1,0,1,0,3,46.0,29.0,,,4,8,0,0,1
284,12436964,2024-09-21 14:00:00,Fulham,Newcastle United,80,2,1,1,0,1,0,3,46.0,34.0,,,4,8,0,0,1
287,12436967,2024-09-21 14:00:00,Leicester City,Everton,60,0,1,-1,0,0,1,1,12.0,48.0,,,2,1,0,0,1
287,12436967,2024-09-21 14:00:00,Leicester City,Everton,65,0,1,-1,0,0,1,1,12.0,53.0,,,2,2,0,0,1
287,12436967,2024-09-21 14:00:00,Leicester City,Everton,70,0,1,-1,0,0,1,1,12.0,58.0,,,2,2,0,0,1
287,12436967,2024-09-21 14:00:00,Leicester City,Everton,75,1,1,0,1,0,0,2,73.0,2.0,,,2,2,1,1,0
287,12436967,2024-09-21 14:00:00,Leicester City,Everton,80,1,1,0,1,0,0,2,73.0,7.0,,,4,2,0,1,0
289,12436969,2024-09-21 14:00:00,Liverpool FC,Bournemouth,60,3,0,3,0,1,0,3,37.0,23.0,,,5,1,0,0,0
289,12436969,2024-09-21 14:00:00,Liverpool FC,Bournemouth,65,3,0,3,0,1,0,3,37.0,28.0,,,5,2,0,0,0
289,12436969,2024-09-21 14:00:00,Liverpool FC,Bournemouth,70,3,0,3,0,1,0,3,37.0,33.0,,,5,5,0,0,0
289,12436969,2024-09-21 14:00:00,Liverpool FC,Bournemouth,75,3,0,3,0,1,0,3,37.0,38.0,,,5,7,0,0,0
289,12436969,2024-09-21 14:00:00,Liverpool FC,Bournemouth,80,3,0,3,0,1,0,3,37.0,43.0,,,5,8,0,0,0
293,12436973,2024-09-21 14:00:00,Southampton,Ipswich Town,60,1,0,1,0,1,0,1,5.0,55.0,,,3,3,0,0,1
293,12436973,2024-09-21 14:00:00,Southampton,Ipswich Town,65,1,0,1,0,1,0,1,5.0,60.0,,,6,5,0,0,1
293,12436973,2024-09-21 14:00:00,Southampton,Ipswich Town,70,1,0,1,0,1,0,1,5.0,65.0,,,6,5,0,0,1
293,12436973,2024-09-21 14:00:00,Southampton,Ipswich Town,75,1,0,1,0,1,0,1,5.0,70.0,,,6,7,0,0,1
293,12436973,2024-09-21 14:00:00,Southampton,Ipswich Town,80,1,0,1,0,1,0,1,5.0,75.0,,,6,7,0,0,1
296,12436977,2024-09-21 14:00:00,Tottenham Hotspur,Brentford,60,2,1,1,0,1,0,3,28.0,32.0,,,3,0,0,0,1
296,12436977,2024-09-21 14:00:00,Tottenham Hotspur,Brentford,65,2,1,1,0,1,0,3,28.0,37.0,,,3,2,0,0,1
296,12436977,2024-09-21 14:00:00,Tottenham Hotspur,Brentford,70,2,1,1,0,1,0,3,28.0,42.0,,,4,3,0,0,1
296,12436977,2024-09-21 14:00:00,Tottenham Hotspur,Brentford,75,2,1,1,0,1,0,3,28.0,47.0,,,4,3,0,0,1
296,12436977,2024-09-21 14:00:00,Tottenham Hotspur,Brentford,80,2,1,1,0,1,0,3,28.0,52.0,,,4,5,0,0,1
282,12436962,2024-09-21 16:30:00,Crystal Palace,Manchester United,60,0,0,0,1,0,0,0,,,,,1,2,0,0,0
282,12436962,2024-09-21 16:30:00,Crystal Palace,Manchester United,65,0,0,0,1,0,0,0,,,,,3,3,0,0,0
282,12436962,2024-09-21 16:30:00,Crystal Palace,Manchester United,70,0,0,0,1,0,0,0,,,,,3,4,0,0,0
282,12436962,2024-09-21 16:30:00,Crystal Palace,Manchester United,75,0,0,0,1,0,0,0,,,,,3,4,0,0,0
282,12436962,2024-09-21 16:30:00,Crystal Palace,Manchester United,80,0,0,0,1,0,0,0,,,,,3,6,0,0,0
279,12436959,2024-09-22 13:00:00,Brighton & Hove Albion,Nottingham Forest,60,2,1,1,0,1,0,3,45.0,15.0,,,7,4,0,0,1
279,12436959,2024-09-22 13:00:00,Brighton & Hove Albion,Nottingham Forest,65,2,1,1,0,1,0,3,45.0,20.0,,,8,6,0,0,1
279,12436959,2024-09-22 13:00:00,Brighton & Hove Albion,Nottingham Forest,70,2,2,0,1,0,0,4,70.0,0.0,,,8,6,1,1,0
279,12436959,2024-09-22 13:00:00,Brighton & Hove Albion,Nottingham Forest,75,2,2,0,1,0,0,4,70.0,5.0,,,8,8,0,1,0
279,12436959,2024-09-22 13:00:00,Brighton & Hove Albion,Nottingham Forest,80,2,2,0,1,0,0,4,70.0,10.0,,,8,8,0,0,0
291,12436971,2024-09-22 15:30:00,Manchester City,Arsenal,60,1,2,-1,0,0,1,3,45.0,15.0,,,7,2,0,0,1
291,12436971,2024-09-22 15:30:00,Manchester City,Arsenal,65,1,2,-1,0,0,1,3,45.0,20.0,,,7,2,0,0,1
291,12436971,2024-09-22 15:30:00,Manchester City,Arsenal,70,1,2,-1,0,0,1,3,45.0,25.0,,,7,3,0,0,1
291,12436971,2024-09-22 15:30:00,Manchester City,Arsenal,75,1,2,-1,0,0,1,3,45.0,30.0,,,7,4,0,0,1
291,12436971,2024-09-22 15:30:00,Manchester City,Arsenal,80,1,2,-1,0,0,1,3,45.0,35.0,,,7,6,0,0,1
316,12436999,2024-09-28 11:30:00,Newcastle United,Manchester City,60,1,1,0,1,0,0,2,58.0,2.0,,,4,0,1,1,0
316,12436999,2024-09-28 11:30:00,Newcastle United,Manchester City,65,1,1,0,1,0,0,2,58.0,7.0,,,7,0,0,1,0
316,12436999,2024-09-28 11:30:00,Newcastle United,Manchester City,70,1,1,0,1,0,0,2,58.0,12.0,,,7,1,0,0,0
316,12436999,2024-09-28 11:30:00,Newcastle United,Manchester City,75,1,1,0,1,0,0,2,58.0,17.0,,,7,1,0,0,0
316,12436999,2024-09-28 11:30:00,Newcastle United,Manchester City,80,1,1,0,1,0,0,2,58.0,22.0,,,7,4,0,0,0
303,12436985,2024-09-28 14:00:00,Arsenal,Leicester City,60,2,1,1,0,1,0,3,47.0,13.0,,,6,0,0,0,1
303,12436985,2024-09-28 14:00:00,Arsenal,Leicester City,65,2,2,0,1,0,0,4,63.0,2.0,,,6,0,1,1,1
303,12436985,2024-09-28 14:00:00,Arsenal,Leicester City,70,2,2,0,1,0,0,4,63.0,7.0,,,7,0,0,1,1
303,12436985,2024-09-28 14:00:00,Arsenal,Leicester City,75,2,2,0,1,0,0,4,63.0,12.0,,,7,1,0,0,1
303,12436985,2024-09-28 14:00:00,Arsenal,Leicester City,80,2,2,0,1,0,0,4,63.0,17.0,,,7,1,0,0,1
305,12436987,2024-09-28 14:00:00,Brentford,West Ham United,60,1,1,0,1,0,0,2,54.0,6.0,,,1,3,0,1,0
305,12436987,2024-09-28 14:00:00,Brentford,West Ham United,65,1,1,0,1,0,0,2,54.0,11.0,,,1,3,0,0,0
305,12436987,2024-09-28 14:00:00,Brentford,West Ham United,70,1,1,0,1,0,0,2,54.0,16.0,,,2,3,0,0,0
305,12436987,2024-09-28 14:00:00,Brentford,West Ham United,75,1,1,0,1,0,0,2,54.0,21.0,,,2,4,0,0,0
305,12436987,2024-09-28 14:00:00,Brentford,West Ham United,80,1,1,0,1,0,0,2,54.0,26.0,,,2,5,0,0,0
307,12436989,2024-09-28 14:00:00,Chelsea,Brighton & Hove Albion,60,4,2,2,0,1,0,6,41.0,19.0,,,4,2,0,0,0
307,12436989,2024-09-28 14:00:00,Chelsea,Brighton & Hove Albion,65,4,2,2,0,1,0,6,41.0,24.0,,,4,3,0,0,0
307,12436989,2024-09-28 14:00:00,Chelsea,Brighton & Hove Albion,70,4,2,2,0,1,0,6,41.0,29.0,,,4,4,0,0,0
307,12436989,2024-09-28 14:00:00,Chelsea,Brighton & Hove Albion,75,4,2,2,0,1,0,6,41.0,34.0,,,4,7,0,0,0
307,12436989,2024-09-28 14:00:00,Chelsea,Brighton & Hove Albion,80,4,2,2,0,1,0,6,41.0,39.0,,,5,9,0,0,0
310,12436992,2024-09-28 14:00:00,Everton,Crystal Palace,60,2,1,1,0,1,0,3,54.0,6.0,,,0,1,0,1,0
310,12436992,2024-09-28 14:00:00,Everton,Crystal Palace,65,2,1,1,0,1,0,3,54.0,11.0,,,0,2,0,0,0
310,12436992,2024-09-28 14:00:00,Everton,Crystal Palace,70,2,1,1,0,1,0,3,54.0,16.0,,,0,2,0,0,0
310,12436992,2024-09-28 14:00:00,Everton,Crystal Palace,75,2,1,1,0,1,0,3,54.0,21.0,,,0,3,0,0,0
310,12436992,2024-09-28 14:00:00,Everton,Crystal Palace,80,2,1,1,0,1,0,3,54.0,26.0,,,0,3,0,0,0
318,12437001,2024-09-28 14:00:00,Nottingham Forest,Fulham,60,0,1,-1,0,0,1,1,51.0,9.0,,,4,3,0,1,0
318,12437001,2024-09-28 14:00:00,Nottingham Forest,Fulham,65,0,1,-1,0,0,1,1,51.0,14.0,,,4,3,0,0,0
318,12437001,2024-09-28 14:00:00,Nottingham Forest,Fulham,70,0,1,-1,0,0,1,1,51.0,19.0,,,4,5,0,0,0
318,12437001,2024-09-28 14:00:00,Nottingham Forest,Fulham,75,0,1,-1,0,0,1,1,51.0,24.0,,,4,6,0,0,0
318,12437001,2024-09-28 14:00:00,Nottingham Forest,Fulham,80,0,1,-1,0,0,1,1,51.0,29.0,,,4,6,0,0,0
319,12437002,2024-09-28 16:30:00,Wolverhampton,Liverpool FC,60,1,1,0,1,0,0,2,56.0,4.0,,,3,1,1,1,1
319,12437002,2024-09-28 16:30:00,Wolverhampton,Liverpool FC,65,1,2,-1,0,0,1,3,61.0,4.0,,,4,1,1,1,0
319,12437002,2024-09-28 16:30:00,Wolverhampton,Liverpool FC,70,1,2,-1,0,0,1,3,61.0,9.0,,,4,2,0,1,0
319,12437002,2024-09-28 16:30:00,Wolverhampton,Liverpool FC,75,1,2,-1,0,0,1,3,61.0,14.0,,,4,4,0,0,0
319,12437002,2024-09-28 16:30:00,Wolverhampton,Liverpool FC,80,1,2,-1,0,0,1,3,61.0,19.0,,,4,5,0,0,0
311,12436993,2024-09-29 13:00:00,Ipswich Town,Aston Villa,60,1,2,-1,0,0,1,3,32.0,28.0,,,4,0,0,0,1
311,12436993,2024-09-29 13:00:00,Ipswich Town,Aston Villa,65,1,2,-1,0,0,1,3,32.0,33.0,,,4,2,0,0,1
311,12436993,2024-09-29 13:00:00,Ipswich Town,Aston Villa,70,1,2,-1,0,0,1,3,32.0,38.0,,,4,4,0,0,1
311,12436993,2024-09-29 13:00:00,Ipswich Town,Aston Villa,75,2,2,0,1,0,0,4,72.0,3.0,,,5,4,1,1,0
311,12436993,2024-09-29 13:00:00,Ipswich Town,Aston Villa,80,2,2,0,1,0,0,4,72.0,8.0,,,5,4,0,1,0
313,12436995,2024-09-29 15:30:00,Manchester United,Tottenham Hotspur,60,0,2,-2,0,0,1,2,47.0,13.0,,,7,3,0,0,1
313,12436995,2024-09-29 15:30:00,Manchester United,Tottenham Hotspur,65,0,2,-2,0,0,1,2,47.0,18.0,,,7,3,0,0,1
313,12436995,2024-09-29 15:30:00,Manchester United,Tottenham Hotspur,70,0,2,-2,0,0,1,2,47.0,23.0,,,8,3,0,0,1
313,12436995,2024-09-29 15:30:00,Manchester United,Tottenham Hotspur,75,0,2,-2,0,0,1,2,47.0,28.0,,,9,5,0,0,1
313,12436995,2024-09-29 15:30:00,Manchester United,Tottenham Hotspur,80,0,3,-3,0,0,1,3,77.0,3.0,,,9,8,1,1,0
300,12436982,2024-09-30 19:00:00,Bournemouth,Southampton,60,3,1,2,0,1,0,4,51.0,9.0,,,6,3,0,1,0
300,12436982,2024-09-30 19:00:00,Bournemouth,Southampton,65,3,1,2,0,1,0,4,51.0,14.0,,,6,4,0,0,0
300,12436982,2024-09-30 19:00:00,Bournemouth,Southampton,70,3,1,2,0,1,0,4,51.0,19.0,,,6,5,0,0,0
300,12436982,2024-09-30 19:00:00,Bournemouth,Southampton,75,3,1,2,0,1,0,4,51.0,24.0,,,6,5,0,0,0
300,12436982,2024-09-30 19:00:00,Bournemouth,Southampton,80,3,1,2,0,1,0,4,51.0,29.0,,,6,8,0,0,0
332,12437015,2024-10-05 11:30:00,Crystal Palace,Liverpool FC,60,0,1,-1,0,0,1,1,9.0,51.0,,,2,4,0,0,0
332,12437015,2024-10-05 11:30:00,Crystal Palace,Liverpool FC,65,0,1,-1,0,0,1,1,9.0,56.0,,,2,4,0,0,0
332,12437015,2024-10-05 11:30:00,Crystal Palace,Liverpool FC,70,0,1,-1,0,0,1,1,9.0,61.0,,,2,4,0,0,0
332,12437015,2024-10-05 11:30:00,Crystal Palace,Liverpool FC,75,0,1,-1,0,0,1,1,9.0,66.0,,,5,5,0,0,0
332,12437015,2024-10-05 11:30:00,Crystal Palace,Liverpool FC,80,0,1,-1,0,0,1,1,9.0,71.0,,,6,7,0,0,0
321,12437004,2024-10-05 14:00:00,Arsenal,Southampton,60,1,1,0,1,0,0,2,58.0,2.0,,,3,3,1,1,1
321,12437004,2024-10-05 14:00:00,Arsenal,Southampton,65,1,1,0,1,0,0,2,58.0,7.0,,,3,4,0,1,1
321,12437004,2024-10-05 14:00:00,Arsenal,Southampton,70,2,1,1,0,1,0,3,68.0,2.0,,,3,4,1,1,1
321,12437004,2024-10-05 14:00:00,Arsenal,Southampton,75,2,1,1,0,1,0,3,68.0,7.0,,,3,6,0,1,1
321,12437004,2024-10-05 14:00:00,Arsenal,Southampton,80,2,1,1,0,1,0,3,68.0,12.0,,,3,6,0,0,1
325,12437008,2024-10-05 14:00:00,Brentford,Wolverhampton,60,4,2,2,0,1,0,6,45.0,15.0,,,3,1,0,0,1
325,12437008,2024-10-05 14:00:00,Brentford,Wolverhampton,65,4,2,2,0,1,0,6,45.0,20.0,,,3,1,0,0,1
325,12437008,2024-10-05 14:00:00,Brentford,Wolverhampton,70,4,2,2,0,1,0,6,45.0,25.0,,,4,2,0,0,1
325,12437008,2024-10-05 14:00:00,Brentford,Wolverhampton,75,4,2,2,0,1,0,6,45.0,30.0,,,4,2,0,0,1
325,12437008,2024-10-05 14:00:00,Brentford,Wolverhampton,80,4,2,2,0,1,0,6,45.0,35.0,,,4,5,0,0,1
336,12437020,2024-10-05 14:00:00,Leicester City,Bournemouth,60,1,0,1,0,1,0,1,16.0,44.0,,,2,1,0,0,0
336,12437020,2024-10-05 14:00:00,Leicester City,Bournemouth,65,1,0,1,0,1,0,1,16.0,49.0,,,3,3,0,0,0
336,12437020,2024-10-05 14:00:00,Leicester City,Bournemouth,70,1,0,1,0,1,0,1,16.0,54.0,,,3,3,0,0,0
336,12437020,2024-10-05 14:00:00,Leicester City,Bournemouth,75,1,0,1,0,1,0,1,16.0,59.0,,,3,5,0,0,0
336,12437020,2024-10-05 14:00:00,Leicester City,Bournemouth,80,1,0,1,0,1,0,1,16.0,64.0,,,3,5,0,0,0
338,12437022,2024-10-05 14:00:00,Manchester City,Fulham,60,2,1,1,0,1,0,3,47.0,13.0,,,1,0,0,0,1
338,12437022,2024-10-05 14:00:00,Manchester City,Fulham,65,2,1,1,0,1,0,3,47.0,18.0,,,2,4,0,0,1
338,12437022,2024-10-05 14:00:00,Manchester City,Fulham,70,2,1,1,0,1,0,3,47.0,23.0,,,2,4,0,0,1
338,12437022,2024-10-05 14:00:00,Manchester City,Fulham,75,2,1,1,0,1,0,3,47.0,28.0,,,2,4,0,0,1
338,12437022,2024-10-05 14:00:00,Manchester City,Fulham,80,2,1,1,0,1,0,3,47.0,33.0,,,2,8,0,0,1
340,12437024,2024-10-05 14:00:00,West Ham United,Ipswich Town,60,3,1,2,0,1,0,4,49.0,11.0,,,1,0,0,0,1
340,12437024,2024-10-05 14:00:00,West Ham United,Ipswich Town,65,3,1,2,0,1,0,4,49.0,16.0,,,1,0,0,0,1
340,12437024,2024-10-05 14:00:00,West Ham United,Ipswich Town,70,4,1,3,0,1,0,5,69.0,1.0,,,1,2,1,1,0
340,12437024,2024-10-05 14:00:00,West Ham United,Ipswich Town,75,4,1,3,0,1,0,5,69.0,6.0,,,1,5,0,1,0
340,12437024,2024-10-05 14:00:00,West Ham United,Ipswich Town,80,4,1,3,0,1,0,5,69.0,11.0,,,1,5,0,0,0
334,12437018,2024-10-05 16:30:00,Everton,Newcastle United,60,0,0,0,1,0,0,0,,,,,1,1,0,0,0
334,12437018,2024-10-05 16:30:00,Everton,Newcastle United,65,0,0,0,1,0,0,0,,,,,1,2,0,0,0
334,12437018,2024-10-05 16:30:00,Everton,Newcastle United,70,0,0,0,1,0,0,0,,,,,1,4,0,0,0
334,12437018,2024-10-05 16:30:00,Everton,Newcastle United,75,0,0,0,1,0,0,0,,,,,1,6,0,0,0
334,12437018,2024-10-05 16:30:00,Everton,Newcastle United,80,0,0,0,1,0,0,0,,,,,1,6,0,0,0
323,12437006,2024-10-06 13:00:00,Aston Villa,Manchester United,60,0,0,0,1,0,0,0,,,,,4,3,0,0,0
323,12437006,2024-10-06 13:00:00,Aston Villa,Manchester United,65,0,0,0,1,0,0,0,,,,,4,6,0,0,0
323,12437006,2024-10-06 13:00:00,Aston Villa,Manchester United,70,0,0,0,1,0,0,0,,,,,4,6,0,0,0
323,12437006,2024-10-06 13:00:00,Aston Villa,Manchester United,75,0,0,0,1,0,0,0,,,,,4,6,0,0,0
323,12437006,2024-10-06 13:00:00,Aston Villa,Manchester United,80,0,0,0,1,0,0,0,,,,,4,6,0,0,0
330,12437013,2024-10-06 13:00:00,Chelsea,Nottingham Forest,60,1,1,0,1,0,0,2,57.0,3.0,,,3,0,1,1,0
330,12437013,2024-10-06 13:00:00,Chelsea,Nottingham Forest,65,1,1,0,1,0,0,2,57.0,8.0,,,3,0,0,1,0
330,12437013,2024-10-06 13:00:00,Chelsea,Nottingham Forest,70,1,1,0,1,0,0,2,57.0,13.0,,,3,1,0,0,0
330,12437013,2024-10-06 13:00:00,Chelsea,Nottingham Forest,75,1,1,0,1,0,0,2,57.0,18.0,,,4,1,0,0,0
330,12437013,2024-10-06 13:00:00,Chelsea,Nottingham Forest,80,1,1,0,1,0,0,2,57.0,23.0,,,5,2,0,0,0
328,12437011,2024-10-06 15:30:00,Brighton & Hove Albion,Tottenham Hotspur,60,2,2,0,1,0,0,4,58.0,2.0,,,1,2,1,1,1
328,12437011,2024-10-06 15:30:00,Brighton & Hove Albion,Tottenham Hotspur,65,2,2,0,1,0,0,4,58.0,7.0,,,1,2,0,1,1
328,12437011,2024-10-06 15:30:00,Brighton & Hove Albion,Tottenham Hotspur,70,3,2,1,0,1,0,5,66.0,4.0,,,3,2,1,1,0
328,12437011,2024-10-06 15:30:00,Brighton & Hove Albion,Tottenham Hotspur,75,3,2,1,0,1,0,5,66.0,9.0,,,3,4,0,1,0
328,12437011,2024-10-06 15:30:00,Brighton & Hove Albion,Tottenham Hotspur,80,3,2,1,0,1,0,5,66.0,14.0,,,4,6,0,0,0
353,12437038,2024-10-19 11:30:00,Tottenham Hotspur,West Ham United,60,4,1,3,0,1,0,5,60.0,0.0,,,2,1,1,1,0
353,12437038,2024-10-19 11:30:00,Tottenham Hotspur,West Ham United,65,4,1,3,0,1,0,5,60.0,5.0,,,2,4,0,1,0
353,12437038,2024-10-19 11:30:00,Tottenham Hotspur,West Ham United,70,4,1,3,0,1,0,5,60.0,10.0,,,3,6,0,0,0
353,12437038,2024-10-19 11:30:00,Tottenham Hotspur,West Ham United,75,4,1,3,0,1,0,5,60.0,15.0,,,3,6,0,0,0
353,12437038,2024-10-19 11:30:00,Tottenham Hotspur,West Ham United,80,4,1,3,0,1,0,5,60.0,20.0,,,3,6,0,0,0
344,12437028,2024-10-19 14:00:00,Fulham,Aston Villa,60,1,2,-1,0,0,1,3,59.0,1.0,,,2,0,1,1,1
344,12437028,2024-10-19 14:00:00,Fulham,Aston Villa,65,1,2,-1,0,0,1,3,59.0,6.0,,,4,1,0,1,1
344,12437028,2024-10-19 14:00:00,Fulham,Aston Villa,70,1,3,-2,0,0,1,4,69.0,1.0,,,5,3,1,1,0
344,12437028,2024-10-19 14:00:00,Fulham,Aston Villa,75,1,3,-2,0,0,1,4,69.0,6.0,,,5,5,0,1,0
344,12437028,2024-10-19 14:00:00,Fulham,Aston Villa,80,1,3,-2,0,0,1,4,69.0,11.0,,,5,7,0,0,0
349,12437034,2024-10-19 14:00:00,Manchester United,Brentford,60,1,1,0,1,0,0,2,47.0,13.0,,,4,0,0,0,1
349,12437034,2024-10-19 14:00:00,Manchester United,Brentford,65,2,1,1,0,1,0,3,62.0,3.0,,,4,0,1,1,0
349,12437034,2024-10-19 14:00:00,Manchester United,Brentford,70,2,1,1,0,1,0,3,62.0,8.0,,,4,1,0,1,0
349,12437034,2024-10-19 14:00:00,Manchester United,Brentford,75,2,1,1,0,1,0,3,62.0,13.0,,,5,4,0,0,0
349,12437034,2024-10-19 14:00:00,Manchester United,Brentford,80,2,1,1,0,1,0,3,62.0,18.0,,,5,4,0,0,0
350,12437035,2024-10-19 14:00:00,Newcastle United,Brighton & Hove Albion,60,0,1,-1,0,0,1,1,35.0,25.0,,,3,1,0,0,0
350,12437035,2024-10-19 14:00:00,Newcastle United,Brighton & Hove Albion,65,0,1,-1,0,0,1,1,35.0,30.0,,,3,2,0,0,0
350,12437035,2024-10-19 14:00:00,Newcastle United,Brighton & Hove Albion,70,0,1,-1,0,0,1,1,35.0,35.0,,,3,3,0,0,0
350,12437035,2024-10-19 14:00:00,Newcastle United,Brighton & Hove Albion,75,0,1,-1,0,0,1,1,35.0,40.0,,,4,5,0,0,0
350,12437035,2024-10-19 14:00:00,Newcastle United,Brighton & Hove Albion,80,0,1,-1,0,0,1,1,35.0,45.0,,,4,5,0,0,0
352,12437037,2024-10-19 14:00:00,Southampton,Leicester City,60,2,0,2,0,1,0,2,28.0,32.0,,,7,2,0,0,1
352,12437037,2024-10-19 14:00:00,Southampton,Leicester City,65,2,1,1,0,1,0,3,64.0,1.0,,,8,3,1,1,1
352,12437037,2024-10-19 14:00:00,Southampton,Leicester City,70,2,1,1,0,1,0,3,64.0,6.0,,,9,6,0,1,1
352,12437037,2024-10-19 14:00:00,Southampton,Leicester City,75,2,2,0,1,0,0,4,74.0,1.0,,,10,6,1,1,1
352,12437037,2024-10-19 14:00:00,Southampton,Leicester City,80,2,2,0,1,0,0,4,74.0,6.0,,,10,8,0,1,1
346,12437030,2024-10-19 14:15:00,Ipswich Town,Everton,60,0,2,-2,0,0,1,2,40.0,20.0,,,1,0,0,0,0
346,12437030,2024-10-19 14:15:00,Ipswich Town,Everton,65,0,2,-2,0,0,1,2,40.0,25.0,,,1,2,0,0,0
346,12437030,2024-10-19 14:15:00,Ipswich Town,Everton,70,0,2,-2,0,0,1,2,40.0,30.0,,,1,2,0,0,0
346,12437030,2024-10-19 14:15:00,Ipswich Town,Everton,75,0,2,-2,0,0,1,2,40.0,35.0,,,1,4,0,0,0
346,12437030,2024-10-19 14:15:00,Ipswich Town,Everton,80,0,2,-2,0,0,1,2,40.0,40.0,,,1,5,0,0,0
342,12437026,2024-10-19 16:30:00,Bournemouth,Arsenal,60,0,0,0,1,0,0,0,,,,,1,2,0,0,1
342,12437026,2024-10-19 16:30:00,Bournemouth,Arsenal,65,0,0,0,1,0,0,0,,,,,2,6,0,0,1
342,12437026,2024-10-19 16:30:00,Bournemouth,Arsenal,70,1,0,1,0,1,0,1,70.0,0.0,,,3,6,1,1,1
342,12437026,2024-10-19 16:30:00,Bournemouth,Arsenal,75,1,0,1,0,1,0,1,70.0,5.0,,,3,6,0,1,1
342,12437026,2024-10-19 16:30:00,Bournemouth,Arsenal,80,2,0,2,0,1,0,2,79.0,1.0,,,3,7,1,1,0
354,12437039,2024-10-20 13:00:00,Wolverhampton,Manchester City,60,1,1,0,1,0,0,2,33.0,27.0,,,4,1,0,0,1
354,12437039,2024-10-20 13:00:00,Wolverhampton,Manchester City,65,1,1,0,1,0,0,2,33.0,32.0,,,5,1,0,0,1
354,12437039,2024-10-20 13:00:00,Wolverhampton,Manchester City,70,1,1,0,1,0,0,2,33.0,37.0,,,5,3,0,0,1
354,12437039,2024-10-20 13:00:00,Wolverhampton,Manchester City,75,1,1,0,1,0,0,2,33.0,42.0,,,5,4,0,0,1
354,12437039,2024-10-20 13:00:00,Wolverhampton,Manchester City,80,1,1,0,1,0,0,2,33.0,47.0,,,5,5,0,0,1
348,12437032,2024-10-20 15:30:00,Liverpool FC,Chelsea,60,2,1,1,0,1,0,3,51.0,9.0,,,4,5,0,1,0
348,12437032,2024-10-20 15:30:00,Liverpool FC,Chelsea,65,2,1,1,0,1,0,3,51.0,14.0,,,4,5,0,0,0
348,12437032,2024-10-20 15:30:00,Liverpool FC,Chelsea,70,2,1,1,0,1,0,3,51.0,19.0,,,5,6,0,0,0
348,12437032,2024-10-20 15:30:00,Liverpool FC,Chelsea,75,2,1,1,0,1,0,3,51.0,24.0,,,5,6,0,0,0
348,12437032,2024-10-20 15:30:00,Liverpool FC,Chelsea,80,2,1,1,0,1,0,3,51.0,29.0,,,7,7,0,0,0
351,12437036,2024-10-21 19:00:00,Nottingham Forest,Crystal Palace,60,0,0,0,1,0,0,0,,,,,3,0,0,0,1
351,12437036,2024-10-21 19:00:00,Nottingham Forest,Crystal Palace,65,1,0,1,0,1,0,1,65.0,0.0,,,3,1,1,1,0
351,12437036,2024-10-21 19:00:00,Nottingham Forest,Crystal Palace,70,1,0,1,0,1,0,1,65.0,5.0,,,4,2,0,1,0
351,12437036,2024-10-21 19:00:00,Nottingham Forest,Crystal Palace,75,1,0,1,0,1,0,1,65.0,10.0,,,4,4,0,0,0
351,12437036,2024-10-21 19:00:00,Nottingham Forest,Crystal Palace,80,1,0,1,0,1,0,1,65.0,15.0,,,4,6,0,0,0
362,12437048,2024-10-25 19:00:00,Leicester City,Nottingham Forest,60,1,3,-2,0,0,1,4,60.0,0.0,,,4,0,1,1,0
362,12437048,2024-10-25 19:00:00,Leicester City,Nottingham Forest,65,1,3,-2,0,0,1,4,60.0,5.0,,,4,0,0,1,0
362,12437048,2024-10-25 19:00:00,Leicester City,Nottingham Forest,70,1,3,-2,0,0,1,4,60.0,10.0,,,4,2,0,0,0
362,12437048,2024-10-25 19:00:00,Leicester City,Nottingham Forest,75,1,3,-2,0,0,1,4,60.0,15.0,,,4,5,0,0,0
362,12437048,2024-10-25 19:00:00,Leicester City,Nottingham Forest,80,1,3,-2,0,0,1,4,60.0,20.0,,,5,7,0,0,0
356,12437041,2024-10-26 14:00:00,Aston Villa,Bournemouth,60,0,0,0,1,0,0,0,,,,,9,3,0,0,1
356,12437041,2024-10-26 14:00:00,Aston Villa,Bournemouth,65,0,0,0,1,0,0,0,,,,,9,5,0,0,1
356,12437041,2024-10-26 14:00:00,Aston Villa,Bournemouth,70,0,0,0,1,0,0,0,,,,,9,5,0,0,1
356,12437041,2024-10-26 14:00:00,Aston Villa,Bournemouth,75,0,0,0,1,0,0,0,,,,,9,7,0,0,1
356,12437041,2024-10-26 14:00:00,Aston Villa,Bournemouth,80,1,0,1,0,1,0,1,76.0,4.0,,,10,7,1,1,1
357,12437043,2024-10-26 14:00:00,Brentford,Ipswich Town,60,3,2,1,0,1,0,5,51.0,9.0,,,2,1,0,1,1
357,12437043,2024-10-26 14:00:00,Brentford,Ipswich Town,65,3,2,1,0,1,0,5,51.0,14.0,,,2,1,0,0,1
357,12437043,2024-10-26 14:00:00,Brentford,Ipswich Town,70,3,2,1,0,1,0,5,51.0,19.0,,,3,1,0,0,1
357,12437043,2024-10-26 14:00:00,Brentford,Ipswich Town,75,3,2,1,0,1,0,5,51.0,24.0,,,3,4,0,0,1
357,12437043,2024-10-26 14:00:00,Brentford,Ipswich Town,80,3,2,1,0,1,0,5,51.0,29.0,,,3,6,0,0,1
358,12437044,2024-10-26 14:00:00,Brighton & Hove Albion,Wolverhampton,60,1,0,1,0,1,0,1,45.0,15.0,,,4,2,0,0,1
358,12437044,2024-10-26 14:00:00,Brighton & Hove Albion,Wolverhampton,65,1,0,1,0,1,0,1,45.0,20.0,,,4,2,0,0,1
358,12437044,2024-10-26 14:00:00,Brighton & Hove Albion,Wolverhampton,70,1,0,1,0,1,0,1,45.0,25.0,,,5,2,0,0,1
358,12437044,2024-10-26 14:00:00,Brighton & Hove Albion,Wolverhampton,75,1,0,1,0,1,0,1,45.0,30.0,,,6,4,0,0,1
358,12437044,2024-10-26 14:00:00,Brighton & Hove Albion,Wolverhampton,80,1,0,1,0,1,0,1,45.0,35.0,,,6,6,0,0,1
363,12437049,2024-10-26 14:00:00,Manchester City,Southampton,60,1,0,1,0,1,0,1,5.0,55.0,,,4,2,0,0,0
363,12437049,2024-10-26 14:00:00,Manchester City,Southampton,65,1,0,1,0,1,0,1,5.0,60.0,,,4,2,0,0,0
363,12437049,2024-10-26 14:00:00,Manchester City,Southampton,70,1,0,1,0,1,0,1,5.0,65.0,,,4,2,0,0,0
363,12437049,2024-10-26 14:00:00,Manchester City,Southampton,75,1,0,1,0,1,0,1,5.0,70.0,,,4,2,0,0,0
363,12437049,2024-10-26 14:00:00,Manchester City,Southampton,80,1,0,1,0,1,0,1,5.0,75.0,,,4,3,0,0,0
361,12437047,2024-10-26 16:30:00,Everton,Fulham,60,0,0,0,1,0,0,0,,,,,0,0,0,0,1
361,12437047,2024-10-26 16:30:00,Everton,Fulham,65,0,1,-1,0,0,1,1,61.0,4.0,,,0,0,1,1,1
361,12437047,2024-10-26 16:30:00,Everton,Fulham,70,0,1,-1,0,0,1,1,61.0,9.0,,,0,2,0,1,1
361,12437047,2024-10-26 16:30:00,Everton,Fulham,75,0,1,-1,0,0,1,1,61.0,14.0,,,0,2,0,0,1
361,12437047,2024-10-26 16:30:00,Everton,Fulham,80,0,1,-1,0,0,1,1,61.0,19.0,,,1,5,0,0,1
359,12437045,2024-10-27 14:00:00,Chelsea,Newcastle United,60,2,1,1,0,1,0,3,47.0,13.0,,,4,0,0,0,0
359,12437045,2024-10-27 14:00:00,Chelsea,Newcastle United,65,2,1,1,0,1,0,3,47.0,18.0,,,6,0,0,0,0
359,12437045,2024-10-27 14:00:00,Chelsea,Newcastle United,70,2,1,1,0,1,0,3,47.0,23.0,,,6,4,0,0,0
359,12437045,2024-10-27 14:00:00,Chelsea,Newcastle United,75,2,1,1,0,1,0,3,47.0,28.0,,,6,5,0,0,0
359,12437045,2024-10-27 14:00:00,Chelsea,Newcastle United,80,2,1,1,0,1,0,3,47.0,33.0,,,6,7,0,0,0
360,12437046,2024-10-27 14:00:00,Crystal Palace,Tottenham Hotspur,60,1,0,1,0,1,0,1,31.0,29.0,,,4,1,0,0,0
360,12437046,2024-10-27 14:00:00,Crystal Palace,Tottenham Hotspur,65,1,0,1,0,1,0,1,31.0,34.0,,,6,4,0,0,0
360,12437046,2024-10-27 14:00:00,Crystal Palace,Tottenham Hotspur,70,1,0,1,0,1,0,1,31.0,39.0,,,6,5,0,0,0
360,12437046,2024-10-27 14:00:00,Crystal Palace,Tottenham Hotspur,75,1,0,1,0,1,0,1,31.0,44.0,,,6,5,0,0,0
360,12437046,2024-10-27 14:00:00,Crystal Palace,Tottenham Hotspur,80,1,0,1,0,1,0,1,31.0,49.0,,,7,5,0,0,0
364,12437050,2024-10-27 14:00:00,West Ham United,Manchester United,60,0,0,0,1,0,0,0,,,,,3,4,0,0,1
364,12437050,2024-10-27 14:00:00,West Ham United,Manchester United,65,0,0,0,1,0,0,0,,,,,3,4,0,0,1
364,12437050,2024-10-27 14:00:00,West Ham United,Manchester United,70,0,0,0,1,0,0,0,,,,,3,4,0,0,1
364,12437050,2024-10-27 14:00:00,West Ham United,Manchester United,75,1,0,1,0,1,0,1,74.0,1.0,,,4,5,1,1,1
364,12437050,2024-10-27 14:00:00,West Ham United,Manchester United,80,1,0,1,0,1,0,1,74.0,6.0,,,4,6,0,1,1
355,12437040,2024-10-27 16:30:00,Arsenal,Liverpool FC,60,2,1,1,0,1,0,3,43.0,17.0,,,2,1,0,0,1
355,12437040,2024-10-27 16:30:00,Arsenal,Liverpool FC,65,2,1,1,0,1,0,3,43.0,22.0,,,2,4,0,0,1
355,12437040,2024-10-27 16:30:00,Arsenal,Liverpool FC,70,2,1,1,0,1,0,3,43.0,27.0,,,3,4,0,0,1
355,12437040,2024-10-27 16:30:00,Arsenal,Liverpool FC,75,2,1,1,0,1,0,3,43.0,32.0,,,3,4,0,0,1
355,12437040,2024-10-27 16:30:00,Arsenal,Liverpool FC,80,2,1,1,0,1,0,3,43.0,37.0,,,3,5,0,0,1
370,12437056,2024-11-02 12:30:00,Newcastle United,Arsenal,60,1,0,1,0,1,0,1,12.0,48.0,,,2,0,0,0,0
370,12437056,2024-11-02 12:30:00,Newcastle United,Arsenal,65,1,0,1,0,1,0,1,12.0,53.0,,,3,3,0,0,0
370,12437056,2024-11-02 12:30:00,Newcastle United,Arsenal,70,1,0,1,0,1,0,1,12.0,58.0,,,4,3,0,0,0
370,12437056,2024-11-02 12:30:00,Newcastle United,Arsenal,75,1,0,1,0,1,0,1,12.0,63.0,,,5,5,0,0,0
370,12437056,2024-11-02 12:30:00,Newcastle United,Arsenal,80,1,0,1,0,1,0,1,12.0,68.0,,,5,5,0,0,0
365,12437051,2024-11-02 15:00:00,Bournemouth,Manchester City,60,1,0,1,0,1,0,1,9.0,51.0,,,1,0,0,0,1
365,12437051,2024-11-02 15:00:00,Bournemouth,Manchester City,65,2,0,2,0,1,0,2,64.0,1.0,,,1,0,1,1,1
365,12437051,2024-11-02 15:00:00,Bournemouth,Manchester City,70,2,0,2,0,1,0,2,64.0,6.0,,,1,1,0,1,1
365,12437051,2024-11-02 15:00:00,Bournemouth,Manchester City,75,2,0,2,0,1,0,2,64.0,11.0,,,2,2,0,0,1
365,12437051,2024-11-02 15:00:00,Bournemouth,Manchester City,80,2,0,2,0,1,0,2,64.0,16.0,,,2,4,0,0,1
367,12437053,2024-11-02 15:00:00,Ipswich Town,Leicester City,60,1,0,1,0,1,0,1,55.0,5.0,,,4,0,0,1,1
367,12437053,2024-11-02 15:00:00,Ipswich Town,Leicester City,65,1,0,1,0,1,0,1,55.0,10.0,,,4,0,0,0,1
367,12437053,2024-11-02 15:00:00,Ipswich Town,Leicester City,70,1,0,1,0,1,0,1,55.0,15.0,,,4,0,0,0,1
367,12437053,2024-11-02 15:00:00,Ipswich Town,Leicester City,75,1,0,1,0,1,0,1,55.0,20.0,,,4,4,0,0,1
367,12437053,2024-11-02 15:00:00,Ipswich Town,Leicester City,80,1,0,1,0,1,0,1,55.0,25.0,,,5,5,0,0,1
368,12437054,2024-11-02 15:00:00,Liverpool FC,Brighton & Hove Albion,60,0,1,-1,0,0,1,1,14.0,46.0,,,1,1,0,0,1
368,12437054,2024-11-02 15:00:00,Liverpool FC,Brighton & Hove Albion,65,0,1,-1,0,0,1,1,14.0,51.0,,,1,1,0,0,1
368,12437054,2024-11-02 15:00:00,Liverpool FC,Brighton & Hove Albion,70,1,1,0,1,0,0,2,70.0,0.0,,,1,3,1,1,1
368,12437054,2024-11-02 15:00:00,Liverpool FC,Brighton & Hove Albion,75,2,1,1,0,1,0,3,72.0,3.0,,,1,3,1,1,0
368,12437054,2024-11-02 15:00:00,Liverpool FC,Brighton & Hove Albion,80,2,1,1,0,1,0,3,72.0,8.0,,,1,6,0,1,0
371,12437057,2024-11-02 15:00:00,Nottingham Forest,West Ham United,60,1,0,1,0,1,0,1,27.0,33.0,,,4,2,0,0,1
371,12437057,2024-11-02 15:00:00,Nottingham Forest,West Ham United,65,2,0,2,0,1,0,2,65.0,0.0,,,4,4,1,1,1
371,12437057,2024-11-02 15:00:00,Nottingham Forest,West Ham United,70,2,0,2,0,1,0,2,65.0,5.0,,,4,4,0,1,1
371,12437057,2024-11-02 15:00:00,Nottingham Forest,West Ham United,75,2,0,2,0,1,0,2,65.0,10.0,,,4,4,0,0,1
371,12437057,2024-11-02 15:00:00,Nottingham Forest,West Ham United,80,3,0,3,0,1,0,3,78.0,2.0,,,5,6,1,1,0
372,12437058,2024-11-02 15:00:00,Southampton,Everton,60,0,0,0,1,0,0,0,,,,,2,2,0,0,1
372,12437058,2024-11-02 15:00:00,Southampton,Everton,65,0,0,0,1,0,0,0,,,,,2,4,0,0,1
372,12437058,2024-11-02 15:00:00,Southampton,Everton,70,0,0,0,1,0,0,0,,,,,2,4,0,0,1
372,12437058,2024-11-02 15:00:00,Southampton,Everton,75,0,0,0,1,0,0,0,,,,,2,4,0,0,1
372,12437058,2024-11-02 15:00:00,Southampton,Everton,80,0,0,0,1,0,0,0,,,,,3,5,0,0,1
374,12437060,2024-11-02 17:30:00,Wolverhampton,Crystal Palace,60,0,1,-1,0,0,1,1,60.0,0.0,,,0,0,1,1,1
374,12437060,2024-11-02 17:30:00,Wolverhampton,Crystal Palace,65,0,1,-1,0,0,1,1,60.0,5.0,,,0,3,0,1,1
374,12437060,2024-11-02 17:30:00,Wolverhampton,Crystal Palace,70,1,1,0,1,0,0,2,67.0,3.0,,,0,3,1,1,1
374,12437060,2024-11-02 17:30:00,Wolverhampton,Crystal Palace,75,2,1,1,0,1,0,3,72.0,3.0,,,0,3,1,1,1
374,12437060,2024-11-02 17:30:00,Wolverhampton,Crystal Palace,80,2,2,0,1,0,0,4,77.0,3.0,,,1,4,1,1,0
373,12437059,2024-11-03 14:00:00,Tottenham Hotspur,Aston Villa,60,1,1,0,1,0,0,2,49.0,11.0,,,2,3,0,0,1
373,12437059,2024-11-03 14:00:00,Tottenham Hotspur,Aston Villa,65,1,1,0,1,0,0,2,49.0,16.0,,,2,4,0,0,1
373,12437059,2024-11-03 14:00:00,Tottenham Hotspur,Aston Villa,70,1,1,0,1,0,0,2,49.0,21.0,,,2,5,0,0,1
373,12437059,2024-11-03 14:00:00,Tottenham Hotspur,Aston Villa,75,2,1,1,0,1,0,3,75.0,0.0,,,2,5,1,1,1
373,12437059,2024-11-03 14:00:00,Tottenham Hotspur,Aston Villa,80,3,1,2,0,1,0,4,79.0,1.0,,,2,5,1,1,1
369,12437055,2024-11-03 16:30:00,Manchester United,Chelsea,60,0,0,0,1,0,0,0,,,,,3,1,0,0,1
369,12437055,2024-11-03 16:30:00,Manchester United,Chelsea,65,0,0,0,1,0,0,0,,,,,3,1,0,0,1
369,12437055,2024-11-03 16:30:00,Manchester United,Chelsea,70,1,0,1,0,1,0,1,70.0,0.0,,,4,1,1,1,1
369,12437055,2024-11-03 16:30:00,Manchester United,Chelsea,75,1,1,0,1,0,0,2,74.0,1.0,,,4,4,1,1,0
369,12437055,2024-11-03 16:30:00,Manchester United,Chelsea,80,1,1,0,1,0,0,2,74.0,6.0,,,4,4,0,1,0
366,12437052,2024-11-04 20:00:00,Fulham,Brentford,60,0,1,-1,0,0,1,1,24.0,36.0,,,1,0,0,0,1
366,12437052,2024-11-04 20:00:00,Fulham,Brentford,65,0,1,-1,0,0,1,1,24.0,41.0,,,1,1,0,0,1
366,12437052,2024-11-04 20:00:00,Fulham,Brentford,70,0,1,-1,0,0,1,1,24.0,46.0,,,1,1,0,0,1
366,12437052,2024-11-04 20:00:00,Fulham,Brentford,75,0,1,-1,0,0,1,1,24.0,51.0,,,1,6,0,0,1
366,12437052,2024-11-04 20:00:00,Fulham,Brentford,80,0,1,-1,0,0,1,1,24.0,56.0,,,1,6,0,0,1
50,12436483,2024-11-09 15:00:00,Crystal Palace,Fulham,60,0,1,-1,0,0,1,1,45.0,15.0,,,0,0,0,0,1
50,12436483,2024-11-09 15:00:00,Crystal Palace,Fulham,65,0,1,-1,0,0,1,1,45.0,20.0,,,1,1,0,0,1
50,12436483,2024-11-09 15:00:00,Crystal Palace,Fulham,70,0,1,-1,0,0,1,1,45.0,25.0,,,1,1,0,0,1
50,12436483,2024-11-09 15:00:00,Crystal Palace,Fulham,75,0,1,-1,0,0,1,1,45.0,30.0,,,1,3,0,0,1
50,12436483,2024-11-09 15:00:00,Crystal Palace,Fulham,80,0,1,-1,0,0,1,1,45.0,35.0,,,2,3,0,0,1
52,12436485,2024-11-09 15:00:00,Wolverhampton,Southampton,60,2,0,2,0,1,0,2,51.0,9.0,,,2,4,0,1,0
52,12436485,2024-11-09 15:00:00,Wolverhampton,Southampton,65,2,0,2,0,1,0,2,51.0,14.0,,,2,4,0,0,0
52,12436485,2024-11-09 15:00:00,Wolverhampton,Southampton,70,2,0,2,0,1,0,2,51.0,19.0,,,2,4,0,0,0
52,12436485,2024-11-09 15:00:00,Wolverhampton,Southampton,75,2,0,2,0,1,0,2,51.0,24.0,,,2,7,0,0,0
52,12436485,2024-11-09 15:00:00,Wolverhampton,Southampton,80,2,0,2,0,1,0,2,51.0,29.0,,,3,7,0,0,0
53,12436486,2024-11-09 15:00:00,West Ham United,Everton,60,0,0,0,1,0,0,0,,,,,1,0,0,0,0
53,12436486,2024-11-09 15:00:00,West Ham United,Everton,65,0,0,0,1,0,0,0,,,,,1,0,0,0,0
53,12436486,2024-11-09 15:00:00,West Ham United,Everton,70,0,0,0,1,0,0,0,,,,,1,3,0,0,0
53,12436486,2024-11-09 15:00:00,West Ham United,Everton,75,0,0,0,1,0,0,0,,,,,1,4,0,0,0
53,12436486,2024-11-09 15:00:00,West Ham United,Everton,80,0,0,0,1,0,0,0,,,,,2,4,0,0,0
200,12436876,2024-11-09 15:00:00,Brentford,Bournemouth,60,3,2,1,0,1,0,5,58.0,2.0,,,1,0,1,1,0
200,12436876,2024-11-09 15:00:00,Brentford,Bournemouth,65,3,2,1,0,1,0,5,58.0,7.0,,,1,0,0,1,0
200,12436876,2024-11-09 15:00:00,Brentford,Bournemouth,70,3,2,1,0,1,0,5,58.0,12.0,,,2,2,0,0,0
200,12436876,2024-11-09 15:00:00,Brentford,Bournemouth,75,3,2,1,0,1,0,5,58.0,17.0,,,2,2,0,0,0
200,12436876,2024-11-09 15:00:00,Brentford,Bournemouth,80,3,2,1,0,1,0,5,58.0,22.0,,,2,5,0,0,0
205,12436882,2024-11-09 17:30:00,Brighton & Hove Albion,Manchester City,60,0,1,-1,0,0,1,1,23.0,37.0,,,3,2,0,0,1
205,12436882,2024-11-09 17:30:00,Brighton & Hove Albion,Manchester City,65,0,1,-1,0,0,1,1,23.0,42.0,,,3,3,0,0,1
205,12436882,2024-11-09 17:30:00,Brighton & Hove Albion,Manchester City,70,0,1,-1,0,0,1,1,23.0,47.0,,,3,4,0,0,1
205,12436882,2024-11-09 17:30:00,Brighton & Hove Albion,Manchester City,75,0,1,-1,0,0,1,1,23.0,52.0,,,3,6,0,0,1
205,12436882,2024-11-09 17:30:00,Brighton & Hove Albion,Manchester City,80,1,1,0,1,0,0,2,78.0,2.0,,,4,6,1,1,1
51,12436484,2024-11-09 20:00:00,Liverpool FC,Aston Villa,60,1,0,1,0,1,0,1,20.0,40.0,,,2,2,0,0,1
51,12436484,2024-11-09 20:00:00,Liverpool FC,Aston Villa,65,1,0,1,0,1,0,1,20.0,45.0,,,2,6,0,0,1
51,12436484,2024-11-09 20:00:00,Liverpool FC,Aston Villa,70,1,0,1,0,1,0,1,20.0,50.0,,,2,6,0,0,1
51,12436484,2024-11-09 20:00:00,Liverpool FC,Aston Villa,75,1,0,1,0,1,0,1,20.0,55.0,,,2,8,0,0,1
51,12436484,2024-11-09 20:00:00,Liverpool FC,Aston Villa,80,1,0,1,0,1,0,1,20.0,60.0,,,3,8,0,0,1
54,12436487,2024-11-10 14:00:00,Nottingham Forest,Newcastle United,60,1,1,0,1,0,0,2,54.0,6.0,,,1,2,0,1,1
54,12436487,2024-11-10 14:00:00,Nottingham Forest,Newcastle United,65,1,1,0,1,0,0,2,54.0,11.0,,,2,2,0,0,1
54,12436487,2024-11-10 14:00:00,Nottingham Forest,Newcastle United,70,1,1,0,1,0,0,2,54.0,16.0,,,2,3,0,0,1
54,12436487,2024-11-10 14:00:00,Nottingham Forest,Newcastle United,75,1,2,-1,0,0,1,3,72.0,3.0,,,2,4,1,1,1
54,12436487,2024-11-10 14:00:00,Nottingham Forest,Newcastle United,80,1,2,-1,0,0,1,3,72.0,8.0,,,2,5,0,1,1
59,12436492,2024-11-10 14:00:00,Tottenham Hotspur,Ipswich Town,60,0,2,-2,0,0,1,2,43.0,17.0,,,2,0,0,0,1
59,12436492,2024-11-10 14:00:00,Tottenham Hotspur,Ipswich Town,65,0,2,-2,0,0,1,2,43.0,22.0,,,3,0,0,0,1
59,12436492,2024-11-10 14:00:00,Tottenham Hotspur,Ipswich Town,70,1,2,-1,0,0,1,3,69.0,1.0,,,3,2,1,1,0
59,12436492,2024-11-10 14:00:00,Tottenham Hotspur,Ipswich Town,75,1,2,-1,0,0,1,3,69.0,6.0,,,3,3,0,1,0
59,12436492,2024-11-10 14:00:00,Tottenham Hotspur,Ipswich Town,80,1,2,-1,0,0,1,3,69.0,11.0,,,4,3,0,0,0
61,12436494,2024-11-10 14:00:00,Manchester United,Leicester City,60,2,0,2,0,1,0,2,38.0,22.0,,,0,2,0,0,1
61,12436494,2024-11-10 14:00:00,Manchester United,Leicester City,65,2,0,2,0,1,0,2,38.0,27.0,,,1,2,0,0,1
61,12436494,2024-11-10 14:00:00,Manchester United,Leicester City,70,2,0,2,0,1,0,2,38.0,32.0,,,1,3,0,0,1
61,12436494,2024-11-10 14:00:00,Manchester United,Leicester City,75,2,0,2,0,1,0,2,38.0,37.0,,,1,4,0,0,1
61,12436494,2024-11-10 14:00:00,Manchester United,Leicester City,80,2,0,2,0,1,0,2,38.0,42.0,,,1,5,0,0,1
213,12436890,2024-11-10 16:30:00,Chelsea,Arsenal,60,0,1,-1,0,0,1,1,60.0,0.0,,,5,0,1,1,1
213,12436890,2024-11-10 16:30:00,Chelsea,Arsenal,65,0,1,-1,0,0,1,1,60.0,5.0,,,5,0,0,1,1
213,12436890,2024-11-10 16:30:00,Chelsea,Arsenal,70,1,1,0,1,0,0,2,70.0,0.0,,,5,2,1,1,0
213,12436890,2024-11-10 16:30:00,Chelsea,Arsenal,75,1,1,0,1,0,0,2,70.0,5.0,,,5,4,0,1,0
213,12436890,2024-11-10 16:30:00,Chelsea,Arsenal,80,1,1,0,1,0,0,2,70.0,10.0,,,6,5,0,0,0
62,12436495,2024-11-23 12:30:00,Leicester City,Chelsea,60,0,1,-1,0,0,1,1,15.0,45.0,,,5,1,0,0,1
62,12436495,2024-11-23 12:30:00,Leicester City,Chelsea,65,0,1,-1,0,0,1,1,15.0,50.0,,,5,1,0,0,1
62,12436495,2024-11-23 12:30:00,Leicester City,Chelsea,70,0,1,-1,0,0,1,1,15.0,55.0,,,6,1,0,0,1
62,12436495,2024-11-23 12:30:00,Leicester City,Chelsea,75,0,2,-2,0,0,1,2,75.0,0.0,,,6,3,1,1,1
62,12436495,2024-11-23 12:30:00,Leicester City,Chelsea,80,0,2,-2,0,0,1,2,75.0,5.0,,,7,5,0,1,1
55,12436488,2024-11-23 15:00:00,Everton,Brentford,60,0,0,0,1,0,0,0,,,,,2,0,0,0,0
55,12436488,2024-11-23 15:00:00,Everton,Brentford,65,0,0,0,1,0,0,0,,,,,2,0,0,0,0
55,12436488,2024-11-23 15:00:00,Everton,Brentford,70,0,0,0,1,0,0,0,,,,,2,0,0,0,0
55,12436488,2024-11-23 15:00:00,Everton,Brentford,75,0,0,0,1,0,0,0,,,,,2,4,0,0,0
55,12436488,2024-11-23 15:00:00,Everton,Brentford,80,0,0,0,1,0,0,0,,,,,2,4,0,0,0
56,12436489,2024-11-23 15:00:00,Arsenal,Nottingham Forest,60,2,0,2,0,1,0,2,52.0,8.0,,,4,2,0,1,1
56,12436489,2024-11-23 15:00:00,Arsenal,Nottingham Forest,65,2,0,2,0,1,0,2,52.0,13.0,,,4,4,0,0,1
56,12436489,2024-11-23 15:00:00,Arsenal,Nottingham Forest,70,2,0,2,0,1,0,2,52.0,18.0,,,5,5,0,0,1
56,12436489,2024-11-23 15:00:00,Arsenal,Nottingham Forest,75,2,0,2,0,1,0,2,52.0,23.0,,,5,6,0,0,1
56,12436489,2024-11-23 15:00:00,Arsenal,Nottingham Forest,80,2,0,2,0,1,0,2,52.0,28.0,,,5,6,0,0,1
57,12436490,2024-11-23 15:00:00,Fulham,Wolverhampton,60,1,2,-1,0,0,1,3,53.0,7.0,,,2,2,0,1,1
57,12436490,2024-11-23 15:00:00,Fulham,Wolverhampton,65,1,2,-1,0,0,1,3,53.0,12.0,,,2,2,0,0,1
57,12436490,2024-11-23 15:00:00,Fulham,Wolverhampton,70,1,2,-1,0,0,1,3,53.0,17.0,,,3,2,0,0,1
57,12436490,2024-11-23 15:00:00,Fulham,Wolverhampton,75,1,2,-1,0,0,1,3,53.0,22.0,,,3,5,0,0,1
57,12436490,2024-11-23 15:00:00,Fulham,Wolverhampton,80,1,2,-1,0,0,1,3,53.0,27.0,,,3,6,0,0,1
58,12436491,2024-11-23 15:00:00,Bournemouth,Brighton & Hove Albion,60,0,2,-2,0,0,1,2,49.0,11.0,,,4,0,0,0,1
58,12436491,2024-11-23 15:00:00,Bournemouth,Brighton & Hove Albion,65,0,2,-2,0,0,1,2,49.0,16.0,,,4,4,0,0,1
58,12436491,2024-11-23 15:00:00,Bournemouth,Brighton & Hove Albion,70,0,2,-2,0,0,1,2,49.0,21.0,,,4,4,0,0,1
58,12436491,2024-11-23 15:00:00,Bournemouth,Brighton & Hove Albion,75,0,2,-2,0,0,1,2,49.0,26.0,,,4,6,0,0,1
58,12436491,2024-11-23 15:00:00,Bournemouth,Brighton & Hove Albion,80,0,2,-2,0,0,1,2,49.0,31.0,,,4,8,0,0,1
60,12436493,2024-11-23 15:00:00,Aston Villa,Crystal Palace,60,1,2,-1,0,0,1,3,45.0,15.0,,,1,1,0,0,1
60,12436493,2024-11-23 15:00:00,Aston Villa,Crystal Palace,65,1,2,-1,0,0,1,3,45.0,20.0,,,1,2,0,0,1
60,12436493,2024-11-23 15:00:00,Aston Villa,Crystal Palace,70,1,2,-1,0,0,1,3,45.0,25.0,,,2,4,0,0,1
60,12436493,2024-11-23 15:00:00,Aston Villa,Crystal Palace,75,1,2,-1,0,0,1,3,45.0,30.0,,,2,5,0,0,1
60,12436493,2024-11-23 15:00:00,Aston Villa,Crystal Palace,80,2,2,0,1,0,0,4,77.0,3.0,,,3,5,1,1,0
66,12436499,2024-11-23 17:30:00,Manchester City,Tottenham Hotspur,60,0,3,-3,0,0,1,3,52.0,8.0,,,2,1,0,1,1
66,12436499,2024-11-23 17:30:00,Manchester City,Tottenham Hotspur,65,0,3,-3,0,0,1,3,52.0,13.0,,,2,2,0,0,1
66,12436499,2024-11-23 17:30:00,Manchester City,Tottenham Hotspur,70,0,3,-3,0,0,1,3,52.0,18.0,,,2,2,0,0,1
66,12436499,2024-11-23 17:30:00,Manchester City,Tottenham Hotspur,75,0,3,-3,0,0,1,3,52.0,23.0,,,2,4,0,0,1
66,12436499,2024-11-23 17:30:00,Manchester City,Tottenham Hotspur,80,0,3,-3,0,0,1,3,52.0,28.0,,,5,4,0,0,1
73,12436506,2024-11-24 14:00:00,Southampton,Liverpool FC,60,2,1,1,0,1,0,3,56.0,4.0,,,4,2,1,1,1
73,12436506,2024-11-24 14:00:00,Southampton,Liverpool FC,65,2,2,0,1,0,0,4,65.0,0.0,,,4,4,1,1,1
73,12436506,2024-11-24 14:00:00,Southampton,Liverpool FC,70,2,2,0,1,0,0,4,65.0,5.0,,,4,4,0,1,1
73,12436506,2024-11-24 14:00:00,Southampton,Liverpool FC,75,2,2,0,1,0,0,4,65.0,10.0,,,5,4,0,0,1
73,12436506,2024-11-24 14:00:00,Southampton,Liverpool FC,80,2,2,0,1,0,0,4,65.0,15.0,,,5,6,0,0,1
64,12436497,2024-11-24 16:30:00,Ipswich Town,Manchester United,60,1,1,0,1,0,0,2,43.0,17.0,,,0,2,0,0,0
64,12436497,2024-11-24 16:30:00,Ipswich Town,Manchester United,65,1,1,0,1,0,0,2,43.0,22.0,,,0,4,0,0,0
64,12436497,2024-11-24 16:30:00,Ipswich Town,Manchester United,70,1,1,0,1,0,0,2,43.0,27.0,,,0,6,0,0,0
64,12436497,2024-11-24 16:30:00,Ipswich Town,Manchester United,75,1,1,0,1,0,0,2,43.0,32.0,,,0,6,0,0,0
64,12436497,2024-11-24 16:30:00,Ipswich Town,Manchester United,80,1,1,0,1,0,0,2,43.0,37.0,,,0,6,0,0,0
63,12436496,2024-11-25 20:00:00,Newcastle United,West Ham United,60,0,2,-2,0,0,1,2,53.0,7.0,,,1,3,0,1,0
63,12436496,2024-11-25 20:00:00,Newcastle United,West Ham United,65,0,2,-2,0,0,1,2,53.0,12.0,,,2,3,0,0,0
63,12436496,2024-11-25 20:00:00,Newcastle United,West Ham United,70,0,2,-2,0,0,1,2,53.0,17.0,,,2,5,0,0,0
63,12436496,2024-11-25 20:00:00,Newcastle United,West Ham United,75,0,2,-2,0,0,1,2,53.0,22.0,,,2,7,0,0,0
63,12436496,2024-11-25 20:00:00,Newcastle United,West Ham United,80,0,2,-2,0,0,1,2,53.0,27.0,,,2,7,0,0,0
68,12436501,2024-11-29 20:00:00,Brighton & Hove Albion,Southampton,60,1,1,0,1,0,0,2,59.0,1.0,,,5,0,1,1,0
68,12436501,2024-11-29 20:00:00,Brighton & Hove Albion,Southampton,65,1,1,0,1,0,0,2,59.0,6.0,,,5,0,0,1,0
68,12436501,2024-11-29 20:00:00,Brighton & Hove Albion,Southampton,70,1,1,0,1,0,0,2,59.0,11.0,,,5,2,0,0,0
68,12436501,2024-11-29 20:00:00,Brighton & Hove Albion,Southampton,75,1,1,0,1,0,0,2,59.0,16.0,,,5,5,0,0,0
68,12436501,2024-11-29 20:00:00,Brighton & Hove Albion,Southampton,80,1,1,0,1,0,0,2,59.0,21.0,,,5,6,0,0,0
67,12436500,2024-11-30 15:00:00,Brentford,Leicester City,60,4,1,3,0,1,0,5,59.0,1.0,,,0,2,1,1,0
67,12436500,2024-11-30 15:00:00,Brentford,Leicester City,65,4,1,3,0,1,0,5,59.0,6.0,,,1,5,0,1,0
67,12436500,2024-11-30 15:00:00,Brentford,Leicester City,70,4,1,3,0,1,0,5,59.0,11.0,,,1,8,0,0,0
67,12436500,2024-11-30 15:00:00,Brentford,Leicester City,75,4,1,3,0,1,0,5,59.0,16.0,,,1,8,0,0,0
67,12436500,2024-11-30 15:00:00,Brentford,Leicester City,80,4,1,3,0,1,0,5,59.0,21.0,,,1,9,0,0,0
69,12436502,2024-11-30 15:00:00,Crystal Palace,Newcastle United,60,0,1,-1,0,0,1,1,53.0,7.0,,,3,1,0,1,1
69,12436502,2024-11-30 15:00:00,Crystal Palace,Newcastle United,65,0,1,-1,0,0,1,1,53.0,12.0,,,4,2,0,0,1
69,12436502,2024-11-30 15:00:00,Crystal Palace,Newcastle United,70,0,1,-1,0,0,1,1,53.0,17.0,,,4,2,0,0,1
69,12436502,2024-11-30 15:00:00,Crystal Palace,Newcastle United,75,0,1,-1,0,0,1,1,53.0,22.0,,,4,4,0,0,1
69,12436502,2024-11-30 15:00:00,Crystal Palace,Newcastle United,80,0,1,-1,0,0,1,1,53.0,27.0,,,4,5,0,0,1
70,12436503,2024-11-30 15:00:00,Nottingham Forest,Ipswich Town,60,1,0,1,0,1,0,1,49.0,11.0,,,4,0,0,0,0
70,12436503,2024-11-30 15:00:00,Nottingham Forest,Ipswich Town,65,1,0,1,0,1,0,1,49.0,16.0,,,4,1,0,0,0
70,12436503,2024-11-30 15:00:00,Nottingham Forest,Ipswich Town,70,1,0,1,0,1,0,1,49.0,21.0,,,4,1,0,0,0
70,12436503,2024-11-30 15:00:00,Nottingham Forest,Ipswich Town,75,1,0,1,0,1,0,1,49.0,26.0,,,4,4,0,0,0
70,12436503,2024-11-30 15:00:00,Nottingham Forest,Ipswich Town,80,1,0,1,0,1,0,1,49.0,31.0,,,4,9,0,0,0
244,12436922,2024-11-30 15:00:00,Wolverhampton,Bournemouth,60,1,3,-2,0,0,1,4,18.0,42.0,,,3,1,0,0,1
244,12436922,2024-11-30 15:00:00,Wolverhampton,Bournemouth,65,1,3,-2,0,0,1,4,18.0,47.0,,,3,4,0,0,1
244,12436922,2024-11-30 15:00:00,Wolverhampton,Bournemouth,70,2,3,-1,0,0,1,5,69.0,1.0,,,3,4,1,1,1
244,12436922,2024-11-30 15:00:00,Wolverhampton,Bournemouth,75,2,4,-2,0,0,1,6,74.0,1.0,,,4,4,1,1,0
244,12436922,2024-11-30 15:00:00,Wolverhampton,Bournemouth,80,2,4,-2,0,0,1,6,74.0,6.0,,,5,6,0,1,0
237,12436914,2024-11-30 17:30:00,West Ham United,Arsenal,60,2,5,-3,0,0,1,7,45.0,15.0,,,4,3,0,0,0
237,12436914,2024-11-30 17:30:00,West Ham United,Arsenal,65,2,5,-3,0,0,1,7,45.0,20.0,,,4,5,0,0,0
237,12436914,2024-11-30 17:30:00,West Ham United,Arsenal,70,2,5,-3,0,0,1,7,45.0,25.0,,,4,5,0,0,0
237,12436914,2024-11-30 17:30:00,West Ham United,Arsenal,75,2,5,-3,0,0,1,7,45.0,30.0,,,4,7,0,0,0
237,12436914,2024-11-30 17:30:00,West Ham United,Arsenal,80,2,5,-3,0,0,1,7,45.0,35.0,,,4,9,0,0,0
65,12436498,2024-12-01 13:30:00,Chelsea,Aston Villa,60,2,0,2,0,1,0,2,36.0,24.0,,,1,2,0,0,1
65,12436498,2024-12-01 13:30:00,Chelsea,Aston Villa,65,2,0,2,0,1,0,2,36.0,29.0,,,2,3,0,0,1
65,12436498,2024-12-01 13:30:00,Chelsea,Aston Villa,70,2,0,2,0,1,0,2,36.0,34.0,,,2,5,0,0,1
65,12436498,2024-12-01 13:30:00,Chelsea,Aston Villa,75,2,0,2,0,1,0,2,36.0,39.0,,,2,7,0,0,1
65,12436498,2024-12-01 13:30:00,Chelsea,Aston Villa,80,2,0,2,0,1,0,2,36.0,44.0,,,2,7,0,0,1
72,12436505,2024-12-01 13:30:00,Manchester United,Everton,60,3,0,3,0,1,0,3,46.0,14.0,,,4,2,0,0,1
72,12436505,2024-12-01 13:30:00,Manchester United,Everton,65,4,0,4,0,1,0,4,64.0,1.0,,,4,2,1,1,0
72,12436505,2024-12-01 13:30:00,Manchester United,Everton,70,4,0,4,0,1,0,4,64.0,6.0,,,5,7,0,1,0
72,12436505,2024-12-01 13:30:00,Manchester United,Everton,75,4,0,4,0,1,0,4,64.0,11.0,,,5,8,0,0,0
72,12436505,2024-12-01 13:30:00,Manchester United,Everton,80,4,0,4,0,1,0,4,64.0,16.0,,,5,9,0,0,0
74,12436507,2024-12-01 13:30:00,Tottenham Hotspur,Fulham,60,1,0,1,0,1,0,1,54.0,6.0,,,1,0,0,1,1
74,12436507,2024-12-01 13:30:00,Tottenham Hotspur,Fulham,65,1,0,1,0,1,0,1,54.0,11.0,,,1,2,0,0,1
74,12436507,2024-12-01 13:30:00,Tottenham Hotspur,Fulham,70,1,1,0,1,0,0,2,67.0,3.0,,,1,3,1,1,0
74,12436507,2024-12-01 13:30:00,Tottenham Hotspur,Fulham,75,1,1,0,1,0,0,2,67.0,8.0,,,1,3,0,1,0
74,12436507,2024-12-01 13:30:00,Tottenham Hotspur,Fulham,80,1,1,0,1,0,0,2,67.0,13.0,,,1,4,0,0,0
71,12436504,2024-12-01 16:00:00,Liverpool FC,Manchester City,60,1,0,1,0,1,0,1,12.0,48.0,,,4,2,0,0,1
71,12436504,2024-12-01 16:00:00,Liverpool FC,Manchester City,65,1,0,1,0,1,0,1,12.0,53.0,,,4,2,0,0,1
71,12436504,2024-12-01 16:00:00,Liverpool FC,Manchester City,70,1,0,1,0,1,0,1,12.0,58.0,,,4,2,0,0,1
71,12436504,2024-12-01 16:00:00,Liverpool FC,Manchester City,75,1,0,1,0,1,0,1,12.0,63.0,,,4,4,0,0,1
71,12436504,2024-12-01 16:00:00,Liverpool FC,Manchester City,80,2,0,2,0,1,0,2,78.0,2.0,,,4,6,1,1,0
281,12436961,2024-12-03 19:30:00,Ipswich Town,Crystal Palace,60,0,1,-1,0,0,1,1,59.0,1.0,,,3,1,1,1,0
281,12436961,2024-12-03 19:30:00,Ipswich Town,Crystal Palace,65,0,1,-1,0,0,1,1,59.0,6.0,,,3,1,0,1,0
281,12436961,2024-12-03 19:30:00,Ipswich Town,Crystal Palace,70,0,1,-1,0,0,1,1,59.0,11.0,,,3,4,0,0,0
281,12436961,2024-12-03 19:30:00,Ipswich Town,Crystal Palace,75,0,1,-1,0,0,1,1,59.0,16.0,,,3,4,0,0,0
281,12436961,2024-12-03 19:30:00,Ipswich Town,Crystal Palace,80,0,1,-1,0,0,1,1,59.0,21.0,,,4,6,0,0,0
286,12436966,2024-12-03 20:15:00,Leicester City,West Ham United,60,1,0,1,0,1,0,1,2.0,58.0,,,3,3,0,0,1
286,12436966,2024-12-03 20:15:00,Leicester City,West Ham United,65,2,0,2,0,1,0,2,61.0,4.0,,,3,6,1,1,1
286,12436966,2024-12-03 20:15:00,Leicester City,West Ham United,70,2,0,2,0,1,0,2,61.0,9.0,,,3,6,0,1,1
286,12436966,2024-12-03 20:15:00,Leicester City,West Ham United,75,2,0,2,0,1,0,2,61.0,14.0,,,3,8,0,0,1
286,12436966,2024-12-03 20:15:00,Leicester City,West Ham United,80,2,0,2,0,1,0,2,61.0,19.0,,,4,9,0,0,1
268,12436947,2024-12-04 19:30:00,Everton,Wolverhampton,60,3,0,3,0,1,0,3,49.0,11.0,,,1,1,0,0,1
268,12436947,2024-12-04 19:30:00,Everton,Wolverhampton,65,3,0,3,0,1,0,3,49.0,16.0,,,1,1,0,0,1
268,12436947,2024-12-04 19:30:00,Everton,Wolverhampton,70,3,0,3,0,1,0,3,49.0,21.0,,,1,1,0,0,1
268,12436947,2024-12-04 19:30:00,Everton,Wolverhampton,75,4,0,4,0,1,0,4,72.0,3.0,,,1,2,1,1,0
268,12436947,2024-12-04 19:30:00,Everton,Wolverhampton,80,4,0,4,0,1,0,4,72.0,8.0,,,1,4,0,1,0
292,12436972,2024-12-04 19:30:00,Manchester City,Nottingham Forest,60,3,0,3,0,1,0,3,57.0,3.0,,,4,2,1,1,0
292,12436972,2024-12-04 19:30:00,Manchester City,Nottingham Forest,65,3,0,3,0,1,0,3,57.0,8.0,,,4,5,0,1,0
292,12436972,2024-12-04 19:30:00,Manchester City,Nottingham Forest,70,3,0,3,0,1,0,3,57.0,13.0,,,5,5,0,0,0
292,12436972,2024-12-04 19:30:00,Manchester City,Nottingham Forest,75,3,0,3,0,1,0,3,57.0,18.0,,,5,7,0,0,0
292,12436972,2024-12-04 19:30:00,Manchester City,Nottingham Forest,80,3,0,3,0,1,0,3,57.0,23.0,,,6,7,0,0,0
297,12436978,2024-12-04 19:30:00,Newcastle United,Liverpool FC,60,1,1,0,1,0,0,2,50.0,10.0,,,4,0,0,0,1
297,12436978,2024-12-04 19:30:00,Newcastle United,Liverpool FC,65,2,1,1,0,1,0,3,62.0,3.0,,,4,0,1,1,1
297,12436978,2024-12-04 19:30:00,Newcastle United,Liverpool FC,70,2,2,0,1,0,0,4,68.0,2.0,,,5,3,1,1,1
297,12436978,2024-12-04 19:30:00,Newcastle United,Liverpool FC,75,2,2,0,1,0,0,4,68.0,7.0,,,6,4,0,1,1
297,12436978,2024-12-04 19:30:00,Newcastle United,Liverpool FC,80,2,2,0,1,0,0,4,68.0,12.0,,,6,4,0,0,1
302,12436984,2024-12-04 19:30:00,Southampton,Chelsea,60,1,3,-2,0,0,1,4,34.0,26.0,,,2,0,0,0,1
302,12436984,2024-12-04 19:30:00,Southampton,Chelsea,65,1,3,-2,0,0,1,4,34.0,31.0,,,2,2,0,0,1
302,12436984,2024-12-04 19:30:00,Southampton,Chelsea,70,1,3,-2,0,0,1,4,34.0,36.0,,,2,2,0,0,1
302,12436984,2024-12-04 19:30:00,Southampton,Chelsea,75,1,3,-2,0,0,1,4,34.0,41.0,,,2,4,0,0,1
302,12436984,2024-12-04 19:30:00,Southampton,Chelsea,80,1,4,-3,0,0,1,5,76.0,4.0,,,2,8,1,1,1
256,12436935,2024-12-04 20:15:00,Arsenal,Manchester United,60,1,0,1,0,1,0,1,54.0,6.0,,,3,4,0,1,1
256,12436935,2024-12-04 20:15:00,Arsenal,Manchester United,65,1,0,1,0,1,0,1,54.0,11.0,,,3,4,0,0,1
256,12436935,2024-12-04 20:15:00,Arsenal,Manchester United,70,1,0,1,0,1,0,1,54.0,16.0,,,4,4,0,0,1
256,12436935,2024-12-04 20:15:00,Arsenal,Manchester United,75,2,0,2,0,1,0,2,73.0,2.0,,,4,6,1,1,0
256,12436935,2024-12-04 20:15:00,Arsenal,Manchester United,80,2,0,2,0,1,0,2,73.0,7.0,,,4,7,0,1,0
263,12436942,2024-12-04 20:15:00,Aston Villa,Brentford,60,3,1,2,0,1,0,4,54.0,6.0,,,2,0,0,1,0
263,12436942,2024-12-04 20:15:00,Aston Villa,Brentford,65,3,1,2,0,1,0,4,54.0,11.0,,,3,3,0,0,0
263,12436942,2024-12-04 20:15:00,Aston Villa,Brentford,70,3,1,2,0,1,0,4,54.0,16.0,,,3,5,0,0,0
263,12436942,2024-12-04 20:15:00,Aston Villa,Brentford,75,3,1,2,0,1,0,4,54.0,21.0,,,3,6,0,0,0
263,12436942,2024-12-04 20:15:00,Aston Villa,Brentford,80,3,1,2,0,1,0,4,54.0,26.0,,,3,7,0,0,0
275,12436955,2024-12-05 19:30:00,Fulham,Brighton & Hove Albion,60,1,1,0,1,0,0,2,56.0,4.0,,,1,0,1,1,1
275,12436955,2024-12-05 19:30:00,Fulham,Brighton & Hove Albion,65,1,1,0,1,0,0,2,56.0,9.0,,,2,0,0,1,1
275,12436955,2024-12-05 19:30:00,Fulham,Brighton & Hove Albion,70,1,1,0,1,0,0,2,56.0,14.0,,,2,0,0,0,1
275,12436955,2024-12-05 19:30:00,Fulham,Brighton & Hove Albion,75,1,1,0,1,0,0,2,56.0,19.0,,,2,3,0,0,1
275,12436955,2024-12-05 19:30:00,Fulham,Brighton & Hove Albion,80,2,1,1,0,1,0,3,79.0,1.0,,,3,7,1,1,1
375,13015216,2024-12-05 20:15:00,Bournemouth,Tottenham Hotspur,60,1,0,1,0,1,0,1,17.0,43.0,,,2,1,0,0,0
375,13015216,2024-12-05 20:15:00,Bournemouth,Tottenham Hotspur,65,1,0,1,0,1,0,1,17.0,48.0,,,3,3,0,0,0
375,13015216,2024-12-05 20:15:00,Bournemouth,Tottenham Hotspur,70,1,0,1,0,1,0,1,17.0,53.0,,,4,3,0,0,0
375,13015216,2024-12-05 20:15:00,Bournemouth,Tottenham Hotspur,75,1,0,1,0,1,0,1,17.0,58.0,,,4,3,0,0,0
375,13015216,2024-12-05 20:15:00,Bournemouth,Tottenham Hotspur,80,1,0,1,0,1,0,1,17.0,63.0,,,4,6,0,0,0
13,12436445,2024-12-07 15:00:00,Crystal Palace,Manchester City,60,2,1,1,0,1,0,3,56.0,4.0,,,0,0,1,1,1
13,12436445,2024-12-07 15:00:00,Crystal Palace,Manchester City,65,2,1,1,0,1,0,3,56.0,9.0,,,0,0,0,1,1
13,12436445,2024-12-07 15:00:00,Crystal Palace,Manchester City,70,2,2,0,1,0,0,4,68.0,2.0,,,1,0,1,1,0
13,12436445,2024-12-07 15:00:00,Crystal Palace,Manchester City,75,2,2,0,1,0,0,4,68.0,7.0,,,1,1,0,1,0
13,12436445,2024-12-07 15:00:00,Crystal Palace,Manchester City,80,2,2,0,1,0,0,4,68.0,12.0,,,1,3,0,0,0
18,12436450,2024-12-07 15:00:00,Brentford,Newcastle United,60,3,2,1,0,1,0,5,56.0,4.0,,,1,2,1,1,1
18,12436450,2024-12-07 15:00:00,Brentford,Newcastle United,65,3,2,1,0,1,0,5,56.0,9.0,,,1,2,0,1,1
18,12436450,2024-12-07 15:00:00,Brentford,Newcastle United,70,3,2,1,0,1,0,5,56.0,14.0,,,2,2,0,0,1
18,12436450,2024-12-07 15:00:00,Brentford,Newcastle United,75,3,2,1,0,1,0,5,56.0,19.0,,,2,6,0,0,1
18,12436450,2024-12-07 15:00:00,Brentford,Newcastle United,80,3,2,1,0,1,0,5,56.0,24.0,,,2,6,0,0,1
308,12436990,2024-12-07 15:00:00,Aston Villa,Southampton,60,1,0,1,0,1,0,1,24.0,36.0,,,0,5,0,0,0
308,12436990,2024-12-07 15:00:00,Aston Villa,Southampton,65,1,0,1,0,1,0,1,24.0,41.0,,,0,5,0,0,0
308,12436990,2024-12-07 15:00:00,Aston Villa,Southampton,70,1,0,1,0,1,0,1,24.0,46.0,,,1,5,0,0,0
308,12436990,2024-12-07 15:00:00,Aston Villa,Southampton,75,1,0,1,0,1,0,1,24.0,51.0,,,1,6,0,0,0
308,12436990,2024-12-07 15:00:00,Aston Villa,Southampton,80,1,0,1,0,1,0,1,24.0,56.0,,,2,7,0,0,0
17,12436449,2024-12-07 17:30:00,Manchester United,Nottingham Forest,60,1,3,-2,0,0,1,4,54.0,6.0,,,1,1,0,1,1
17,12436449,2024-12-07 17:30:00,Manchester United,Nottingham Forest,65,2,3,-1,0,0,1,5,61.0,4.0,,,1,2,1,1,0
17,12436449,2024-12-07 17:30:00,Manchester United,Nottingham Forest,70,2,3,-1,0,0,1,5,61.0,9.0,,,1,4,0,1,0
17,12436449,2024-12-07 17:30:00,Manchester United,Nottingham Forest,75,2,3,-1,0,0,1,5,61.0,14.0,,,1,4,0,0,0
17,12436449,2024-12-07 17:30:00,Manchester United,Nottingham Forest,80,2,3,-1,0,0,1,5,61.0,19.0,,,1,8,0,0,0
12,12436444,2024-12-08 14:00:00,Leicester City,Brighton & Hove Albion,60,0,1,-1,0,0,1,1,37.0,23.0,,,1,2,0,0,1
12,12436444,2024-12-08 14:00:00,Leicester City,Brighton & Hove Albion,65,0,1,-1,0,0,1,1,37.0,28.0,,,1,4,0,0,1
12,12436444,2024-12-08 14:00:00,Leicester City,Brighton & Hove Albion,70,0,1,-1,0,0,1,1,37.0,33.0,,,1,6,0,0,1
12,12436444,2024-12-08 14:00:00,Leicester City,Brighton & Hove Albion,75,0,1,-1,0,0,1,1,37.0,38.0,,,2,7,0,0,1
12,12436444,2024-12-08 14:00:00,Leicester City,Brighton & Hove Albion,80,0,2,-2,0,0,1,2,79.0,1.0,,,2,7,1,1,1
26,12436459,2024-12-08 14:00:00,Fulham,Arsenal,60,1,1,0,1,0,0,2,52.0,8.0,,,1,3,0,1,0
26,12436459,2024-12-08 14:00:00,Fulham,Arsenal,65,1,1,0,1,0,0,2,52.0,13.0,,,1,3,0,0,0
26,12436459,2024-12-08 14:00:00,Fulham,Arsenal,70,1,1,0,1,0,0,2,52.0,18.0,,,1,3,0,0,0
26,12436459,2024-12-08 14:00:00,Fulham,Arsenal,75,1,1,0,1,0,0,2,52.0,23.0,,,2,5,0,0,0
26,12436459,2024-12-08 14:00:00,Fulham,Arsenal,80,1,1,0,1,0,0,2,52.0,28.0,,,3,7,0,0,0
29,12436462,2024-12-08 14:00:00,Ipswich Town,Bournemouth,60,1,0,1,0,1,0,1,21.0,39.0,,,3,0,0,0,1
29,12436462,2024-12-08 14:00:00,Ipswich Town,Bournemouth,65,1,0,1,0,1,0,1,21.0,44.0,,,3,2,0,0,1
29,12436462,2024-12-08 14:00:00,Ipswich Town,Bournemouth,70,1,0,1,0,1,0,1,21.0,49.0,,,3,2,0,0,1
29,12436462,2024-12-08 14:00:00,Ipswich Town,Bournemouth,75,1,0,1,0,1,0,1,21.0,54.0,,,3,4,0,0,1
29,12436462,2024-12-08 14:00:00,Ipswich Town,Bournemouth,80,1,0,1,0,1,0,1,21.0,59.0,,,3,5,0,0,1
9,12436441,2024-12-08 16:30:00,Tottenham Hotspur,Chelsea,60,2,1,1,0,1,0,3,17.0,43.0,,,3,3,0,0,1
9,12436441,2024-12-08 16:30:00,Tottenham Hotspur,Chelsea,65,2,2,0,1,0,0,4,61.0,4.0,,,3,3,1,1,1
9,12436441,2024-12-08 16:30:00,Tottenham Hotspur,Chelsea,70,2,2,0,1,0,0,4,61.0,9.0,,,3,3,0,1,1
9,12436441,2024-12-08 16:30:00,Tottenham Hotspur,Chelsea,75,2,3,-1,0,0,1,5,73.0,2.0,,,3,3,1,1,1
9,12436441,2024-12-08 16:30:00,Tottenham Hotspur,Chelsea,80,2,3,-1,0,0,1,5,73.0,7.0,,,3,7,0,1,1
21,12436454,2024-12-09 20:00:00,West Ham United,Wolverhampton,60,1,0,1,0,1,0,1,54.0,6.0,,,4,0,0,1,1
21,12436454,2024-12-09 20:00:00,West Ham United,Wolverhampton,65,1,0,1,0,1,0,1,54.0,11.0,,,5,3,0,0,1
21,12436454,2024-12-09 20:00:00,West Ham United,Wolverhampton,70,1,1,0,1,0,0,2,69.0,1.0,,,5,3,1,1,1
21,12436454,2024-12-09 20:00:00,West Ham United,Wolverhampton,75,2,1,1,0,1,0,3,72.0,3.0,,,5,4,1,1,0
21,12436454,2024-12-09 20:00:00,West Ham United,Wolverhampton,80,2,1,1,0,1,0,3,72.0,8.0,,,5,5,0,1,0
6,12436438,2024-12-14 15:00:00,Arsenal,Everton,60,0,0,0,1,0,0,0,,,,,0,0,0,0,0
6,12436438,2024-12-14 15:00:00,Arsenal,Everton,65,0,0,0,1,0,0,0,,,,,0,2,0,0,0
6,12436438,2024-12-14 15:00:00,Arsenal,Everton,70,0,0,0,1,0,0,0,,,,,0,6,0,0,0
6,12436438,2024-12-14 15:00:00,Arsenal,Everton,75,0,0,0,1,0,0,0,,,,,1,7,0,0,0
6,12436438,2024-12-14 15:00:00,Arsenal,Everton,80,0,0,0,1,0,0,0,,,,,2,7,0,0,0
14,12436446,2024-12-14 15:00:00,Liverpool FC,Fulham,60,1,1,0,1,0,0,2,47.0,13.0,,,7,1,0,0,1
14,12436446,2024-12-14 15:00:00,Liverpool FC,Fulham,65,1,1,0,1,0,0,2,47.0,18.0,,,7,1,0,0,1
14,12436446,2024-12-14 15:00:00,Liverpool FC,Fulham,70,1,1,0,1,0,0,2,47.0,23.0,,,7,5,0,0,1
14,12436446,2024-12-14 15:00:00,Liverpool FC,Fulham,75,1,1,0,1,0,0,2,47.0,28.0,,,7,5,0,0,1
14,12436446,2024-12-14 15:00:00,Liverpool FC,Fulham,80,1,2,-1,0,0,1,3,76.0,4.0,,,7,7,1,1,1
23,12436456,2024-12-14 15:00:00,Wolverhampton,Ipswich Town,60,0,1,-1,0,0,1,1,15.0,45.0,,,2,1,0,0,1
23,12436456,2024-12-14 15:00:00,Wolverhampton,Ipswich Town,65,0,1,-1,0,0,1,1,15.0,50.0,,,3,2,0,0,1
23,12436456,2024-12-14 15:00:00,Wolverhampton,Ipswich Town,70,0,1,-1,0,0,1,1,15.0,55.0,,,3,2,0,0,1
23,12436456,2024-12-14 15:00:00,Wolverhampton,Ipswich Town,75,1,1,0,1,0,0,2,72.0,3.0,,,3,5,1,1,1
23,12436456,2024-12-14 15:00:00,Wolverhampton,Ipswich Town,80,1,1,0,1,0,0,2,72.0,8.0,,,3,5,0,1,1
27,12436460,2024-12-14 15:00:00,Newcastle United,Leicester City,60,4,0,4,0,1,0,4,60.0,0.0,,,3,4,1,1,0
27,12436460,2024-12-14 15:00:00,Newcastle United,Leicester City,65,4,0,4,0,1,0,4,60.0,5.0,,,3,7,0,1,0
27,12436460,2024-12-14 15:00:00,Newcastle United,Leicester City,70,4,0,4,0,1,0,4,60.0,10.0,,,3,7,0,0,0
27,12436460,2024-12-14 15:00:00,Newcastle United,Leicester City,75,4,0,4,0,1,0,4,60.0,15.0,,,4,8,0,0,0
27,12436460,2024-12-14 15:00:00,Newcastle United,Leicester City,80,4,0,4,0,1,0,4,60.0,20.0,,,4,8,0,0,0
15,12436447,2024-12-14 17:30:00,Nottingham Forest,Aston Villa,60,0,0,0,1,0,0,0,,,,,0,0,0,0,1
15,12436447,2024-12-14 17:30:00,Nottingham Forest,Aston Villa,65,0,1,-1,0,0,1,1,63.0,2.0,,,0,0,1,1,1
15,12436447,2024-12-14 17:30:00,Nottingham Forest,Aston Villa,70,0,1,-1,0,0,1,1,63.0,7.0,,,1,2,0,1,1
15,12436447,2024-12-14 17:30:00,Nottingham Forest,Aston Villa,75,0,1,-1,0,0,1,1,63.0,12.0,,,1,4,0,0,1
15,12436447,2024-12-14 17:30:00,Nottingham Forest,Aston Villa,80,0,1,-1,0,0,1,1,63.0,17.0,,,1,5,0,0,1
24,12436457,2024-12-15 14:00:00,Brighton & Hove Albion,Crystal Palace,60,0,2,-2,0,0,1,2,33.0,27.0,,,3,3,0,0,1
24,12436457,2024-12-15 14:00:00,Brighton & Hove Albion,Crystal Palace,65,0,2,-2,0,0,1,2,33.0,32.0,,,3,3,0,0,1
24,12436457,2024-12-15 14:00:00,Brighton & Hove Albion,Crystal Palace,70,0,2,-2,0,0,1,2,33.0,37.0,,,4,3,0,0,1
24,12436457,2024-12-15 14:00:00,Brighton & Hove Albion,Crystal Palace,75,0,2,-2,0,0,1,2,33.0,42.0,,,4,6,0,0,1
24,12436457,2024-12-15 14:00:00,Brighton & Hove Albion,Crystal Palace,80,0,2,-2,0,0,1,2,33.0,47.0,,,5,6,0,0,1
19,12436451,2024-12-15 16:30:00,Manchester City,Manchester United,60,1,0,1,0,1,0,1,36.0,24.0,,,2,1,0,0,1
19,12436451,2024-12-15 16:30:00,Manchester City,Manchester United,65,1,0,1,0,1,0,1,36.0,29.0,,,2,1,0,0,1
19,12436451,2024-12-15 16:30:00,Manchester City,Manchester United,70,1,0,1,0,1,0,1,36.0,34.0,,,2,2,0,0,1
19,12436451,2024-12-15 16:30:00,Manchester City,Manchester United,75,1,0,1,0,1,0,1,36.0,39.0,,,2,2,0,0,1
19,12436451,2024-12-15 16:30:00,Manchester City,Manchester United,80,1,0,1,0,1,0,1,36.0,44.0,,,2,6,0,0,1
25,12436458,2024-12-15 19:00:00,Southampton,Tottenham Hotspur,60,0,5,-5,0,0,1,5,45.0,15.0,,,4,3,0,0,0
25,12436458,2024-12-15 19:00:00,Southampton,Tottenham Hotspur,65,0,5,-5,0,0,1,5,45.0,20.0,,,4,4,0,0,0
25,12436458,2024-12-15 19:00:00,Southampton,Tottenham Hotspur,70,0,5,-5,0,0,1,5,45.0,25.0,,,4,4,0,0,0
25,12436458,2024-12-15 19:00:00,Southampton,Tottenham Hotspur,75,0,5,-5,0,0,1,5,45.0,30.0,,,4,4,0,0,0
25,12436458,2024-12-15 19:00:00,Southampton,Tottenham Hotspur,80,0,5,-5,0,0,1,5,45.0,35.0,,,4,6,0,0,0
28,12436461,2024-12-15 19:00:00,Chelsea,Brentford,60,1,0,1,0,1,0,1,43.0,17.0,,,0,0,0,0,1
28,12436461,2024-12-15 19:00:00,Chelsea,Brentford,65,1,0,1,0,1,0,1,43.0,22.0,,,0,1,0,0,1
28,12436461,2024-12-15 19:00:00,Chelsea,Brentford,70,1,0,1,0,1,0,1,43.0,27.0,,,0,1,0,0,1
28,12436461,2024-12-15 19:00:00,Chelsea,Brentford,75,1,0,1,0,1,0,1,43.0,32.0,,,0,2,0,0,1
28,12436461,2024-12-15 19:00:00,Chelsea,Brentford,80,2,0,2,0,1,0,2,80.0,0.0,,,0,4,1,1,1
32,12436465,2024-12-16 20:00:00,Bournemouth,West Ham United,60,0,0,0,1,0,0,0,,,,,2,1,0,0,1
32,12436465,2024-12-16 20:00:00,Bournemouth,West Ham United,65,0,0,0,1,0,0,0,,,,,3,1,0,0,1
32,12436465,2024-12-16 20:00:00,Bournemouth,West Ham United,70,0,0,0,1,0,0,0,,,,,3,3,0,0,1
32,12436465,2024-12-16 20:00:00,Bournemouth,West Ham United,75,0,0,0,1,0,0,0,,,,,3,5,0,0,1
32,12436465,2024-12-16 20:00:00,Bournemouth,West Ham United,80,0,0,0,1,0,0,0,,,,,3,7,0,0,1
20,12436453,2024-12-21 12:30:00,Aston Villa,Manchester City,60,1,0,1,0,1,0,1,16.0,44.0,,,3,1,0,0,1
20,12436453,2024-12-21 12:30:00,Aston Villa,Manchester City,65,2,0,2,0,1,0,2,65.0,0.0,,,3,1,1,1,1
20,12436453,2024-12-21 12:30:00,Aston Villa,Manchester City,70,2,0,2,0,1,0,2,65.0,5.0,,,3,1,0,1,1
20,12436453,2024-12-21 12:30:00,Aston Villa,Manchester City,75,2,0,2,0,1,0,2,65.0,10.0,,,3,2,0,0,1
20,12436453,2024-12-21 12:30:00,Aston Villa,Manchester City,80,2,0,2,0,1,0,2,65.0,15.0,,,3,3,0,0,1
30,12436463,2024-12-21 15:00:00,Brentford,Nottingham Forest,60,0,2,-2,0,0,1,2,51.0,9.0,,,4,0,0,1,0
30,12436463,2024-12-21 15:00:00,Brentford,Nottingham Forest,65,0,2,-2,0,0,1,2,51.0,14.0,,,4,2,0,0,0
30,12436463,2024-12-21 15:00:00,Brentford,Nottingham Forest,70,0,2,-2,0,0,1,2,51.0,19.0,,,4,4,0,0,0
30,12436463,2024-12-21 15:00:00,Brentford,Nottingham Forest,75,0,2,-2,0,0,1,2,51.0,24.0,,,4,5,0,0,0
30,12436463,2024-12-21 15:00:00,Brentford,Nottingham Forest,80,0,2,-2,0,0,1,2,51.0,29.0,,,5,5,0,0,0
34,12436467,2024-12-21 15:00:00,Ipswich Town,Newcastle United,60,0,4,-4,0,0,1,4,54.0,6.0,,,0,1,0,1,0
34,12436467,2024-12-21 15:00:00,Ipswich Town,Newcastle United,65,0,4,-4,0,0,1,4,54.0,11.0,,,1,6,0,0,0
34,12436467,2024-12-21 15:00:00,Ipswich Town,Newcastle United,70,0,4,-4,0,0,1,4,54.0,16.0,,,1,6,0,0,0
34,12436467,2024-12-21 15:00:00,Ipswich Town,Newcastle United,75,0,4,-4,0,0,1,4,54.0,21.0,,,1,7,0,0,0
34,12436467,2024-12-21 15:00:00,Ipswich Town,Newcastle United,80,0,4,-4,0,0,1,4,54.0,26.0,,,2,10,0,0,0
45,12436478,2024-12-21 15:00:00,West Ham United,Brighton & Hove Albion,60,1,1,0,1,0,0,2,58.0,2.0,,,3,3,1,1,0
45,12436478,2024-12-21 15:00:00,West Ham United,Brighton & Hove Albion,65,1,1,0,1,0,0,2,58.0,7.0,,,3,3,0,1,0
45,12436478,2024-12-21 15:00:00,West Ham United,Brighton & Hove Albion,70,1,1,0,1,0,0,2,58.0,12.0,,,3,6,0,0,0
45,12436478,2024-12-21 15:00:00,West Ham United,Brighton & Hove Albion,75,1,1,0,1,0,0,2,58.0,17.0,,,3,8,0,0,0
45,12436478,2024-12-21 15:00:00,West Ham United,Brighton & Hove Albion,80,1,1,0,1,0,0,2,58.0,22.0,,,3,8,0,0,0
31,12436464,2024-12-21 17:30:00,Crystal Palace,Arsenal,60,1,4,-3,0,0,1,5,60.0,0.0,,,2,3,1,1,1
31,12436464,2024-12-21 17:30:00,Crystal Palace,Arsenal,65,1,4,-3,0,0,1,5,60.0,5.0,,,3,4,0,1,1
31,12436464,2024-12-21 17:30:00,Crystal Palace,Arsenal,70,1,4,-3,0,0,1,5,60.0,10.0,,,3,6,0,0,1
31,12436464,2024-12-21 17:30:00,Crystal Palace,Arsenal,75,1,4,-3,0,0,1,5,60.0,15.0,,,3,6,0,0,1
31,12436464,2024-12-21 17:30:00,Crystal Palace,Arsenal,80,1,4,-3,0,0,1,5,60.0,20.0,,,4,7,0,0,1
33,12436466,2024-12-22 14:00:00,Everton,Chelsea,60,0,0,0,1,0,0,0,,,,,3,0,0,0,0
33,12436466,2024-12-22 14:00:00,Everton,Chelsea,65,0,0,0,1,0,0,0,,,,,3,0,0,0,0
33,12436466,2024-12-22 14:00:00,Everton,Chelsea,70,0,0,0,1,0,0,0,,,,,3,0,0,0,0
33,12436466,2024-12-22 14:00:00,Everton,Chelsea,75,0,0,0,1,0,0,0,,,,,3,4,0,0,0
33,12436466,2024-12-22 14:00:00,Everton,Chelsea,80,0,0,0,1,0,0,0,,,,,3,5,0,0,0
35,12436468,2024-12-22 14:00:00,Fulham,Southampton,60,0,0,0,1,0,0,0,,,,,2,2,0,0,0
35,12436468,2024-12-22 14:00:00,Fulham,Southampton,65,0,0,0,1,0,0,0,,,,,2,4,0,0,0
35,12436468,2024-12-22 14:00:00,Fulham,Southampton,70,0,0,0,1,0,0,0,,,,,2,4,0,0,0
35,12436468,2024-12-22 14:00:00,Fulham,Southampton,75,0,0,0,1,0,0,0,,,,,2,4,0,0,0
35,12436468,2024-12-22 14:00:00,Fulham,Southampton,80,0,0,0,1,0,0,0,,,,,3,7,0,0,0
36,12436469,2024-12-22 14:00:00,Leicester City,Wolverhampton,60,0,3,-3,0,0,1,3,44.0,16.0,,,2,4,0,0,0
36,12436469,2024-12-22 14:00:00,Leicester City,Wolverhampton,65,0,3,-3,0,0,1,3,44.0,21.0,,,2,4,0,0,0
36,12436469,2024-12-22 14:00:00,Leicester City,Wolverhampton,70,0,3,-3,0,0,1,3,44.0,26.0,,,2,4,0,0,0
36,12436469,2024-12-22 14:00:00,Leicester City,Wolverhampton,75,0,3,-3,0,0,1,3,44.0,31.0,,,2,5,0,0,0
36,12436469,2024-12-22 14:00:00,Leicester City,Wolverhampton,80,0,3,-3,0,0,1,3,44.0,36.0,,,2,5,0,0,0
37,12436470,2024-12-22 14:00:00,Manchester United,Bournemouth,60,0,1,-1,0,0,1,1,29.0,31.0,,,2,4,0,0,1
37,12436470,2024-12-22 14:00:00,Manchester United,Bournemouth,65,0,3,-3,0,0,1,3,63.0,2.0,,,2,4,1,1,0
37,12436470,2024-12-22 14:00:00,Manchester United,Bournemouth,70,0,3,-3,0,0,1,3,63.0,7.0,,,2,4,0,1,0
37,12436470,2024-12-22 14:00:00,Manchester United,Bournemouth,75,0,3,-3,0,0,1,3,63.0,12.0,,,2,5,0,0,0
37,12436470,2024-12-22 14:00:00,Manchester United,Bournemouth,80,0,3,-3,0,0,1,3,63.0,17.0,,,2,6,0,0,0
38,12436471,2024-12-22 16:30:00,Tottenham Hotspur,Liverpool FC,60,1,4,-3,0,0,1,5,54.0,6.0,,,2,2,0,1,1
38,12436471,2024-12-22 16:30:00,Tottenham Hotspur,Liverpool FC,65,1,5,-4,0,0,1,6,61.0,4.0,,,2,2,1,1,1
38,12436471,2024-12-22 16:30:00,Tottenham Hotspur,Liverpool FC,70,1,5,-4,0,0,1,6,61.0,9.0,,,2,4,0,1,1
38,12436471,2024-12-22 16:30:00,Tottenham Hotspur,Liverpool FC,75,2,5,-3,0,0,1,7,72.0,3.0,,,2,4,1,1,1
38,12436471,2024-12-22 16:30:00,Tottenham Hotspur,Liverpool FC,80,2,5,-3,0,0,1,7,72.0,8.0,,,3,4,0,1,1
48,12436481,2024-12-26 12:30:00,Manchester City,Everton,60,1,1,0,1,0,0,2,36.0,24.0,,,2,0,0,0,0
48,12436481,2024-12-26 12:30:00,Manchester City,Everton,65,1,1,0,1,0,0,2,36.0,29.0,,,2,0,0,0,0
48,12436481,2024-12-26 12:30:00,Manchester City,Everton,70,1,1,0,1,0,0,2,36.0,34.0,,,2,1,0,0,0
48,12436481,2024-12-26 12:30:00,Manchester City,Everton,75,1,1,0,1,0,0,2,36.0,39.0,,,2,2,0,0,0
48,12436481,2024-12-26 12:30:00,Manchester City,Everton,80,1,1,0,1,0,0,2,36.0,44.0,,,3,2,0,0,0
40,12436473,2024-12-26 15:00:00,Chelsea,Fulham,60,1,0,1,0,1,0,1,16.0,44.0,,,3,0,0,0,1
40,12436473,2024-12-26 15:00:00,Chelsea,Fulham,65,1,0,1,0,1,0,1,16.0,49.0,,,3,0,0,0,1
40,12436473,2024-12-26 15:00:00,Chelsea,Fulham,70,1,0,1,0,1,0,1,16.0,54.0,,,3,1,0,0,1
40,12436473,2024-12-26 15:00:00,Chelsea,Fulham,75,1,0,1,0,1,0,1,16.0,59.0,,,3,4,0,0,1
40,12436473,2024-12-26 15:00:00,Chelsea,Fulham,80,1,0,1,0,1,0,1,16.0,64.0,,,3,4,0,0,1
43,12436476,2024-12-26 15:00:00,Bournemouth,Crystal Palace,60,0,0,0,1,0,0,0,,,,,3,1,0,0,0
43,12436476,2024-12-26 15:00:00,Bournemouth,Crystal Palace,65,0,0,0,1,0,0,0,,,,,3,3,0,0,0
43,12436476,2024-12-26 15:00:00,Bournemouth,Crystal Palace,70,0,0,0,1,0,0,0,,,,,4,3,0,0,0
43,12436476,2024-12-26 15:00:00,Bournemouth,Crystal Palace,75,0,0,0,1,0,0,0,,,,,4,4,0,0,0
43,12436476,2024-12-26 15:00:00,Bournemouth,Crystal Palace,80,0,0,0,1,0,0,0,,,,,4,4,0,0,0
44,12436477,2024-12-26 15:00:00,Newcastle United,Aston Villa,60,2,0,2,0,1,0,2,59.0,1.0,,,4,1,1,1,1
44,12436477,2024-12-26 15:00:00,Newcastle United,Aston Villa,65,2,0,2,0,1,0,2,59.0,6.0,,,4,1,0,1,1
44,12436477,2024-12-26 15:00:00,Newcastle United,Aston Villa,70,2,0,2,0,1,0,2,59.0,11.0,,,4,4,0,0,1
44,12436477,2024-12-26 15:00:00,Newcastle United,Aston Villa,75,2,0,2,0,1,0,2,59.0,16.0,,,4,4,0,0,1
44,12436477,2024-12-26 15:00:00,Newcastle United,Aston Villa,80,2,0,2,0,1,0,2,59.0,21.0,,,4,8,0,0,1
46,12436479,2024-12-26 15:00:00,Nottingham Forest,Tottenham Hotspur,60,1,0,1,0,1,0,1,28.0,32.0,,,3,0,0,0,0
46,12436479,2024-12-26 15:00:00,Nottingham Forest,Tottenham Hotspur,65,1,0,1,0,1,0,1,28.0,37.0,,,4,2,0,0,0
46,12436479,2024-12-26 15:00:00,Nottingham Forest,Tottenham Hotspur,70,1,0,1,0,1,0,1,28.0,42.0,,,4,2,0,0,0
46,12436479,2024-12-26 15:00:00,Nottingham Forest,Tottenham Hotspur,75,1,0,1,0,1,0,1,28.0,47.0,,,5,3,0,0,0
46,12436479,2024-12-26 15:00:00,Nottingham Forest,Tottenham Hotspur,80,1,0,1,0,1,0,1,28.0,52.0,,,6,3,0,0,0
47,12436480,2024-12-26 15:00:00,Southampton,West Ham United,60,0,1,-1,0,0,1,1,59.0,1.0,,,3,3,1,1,0
47,12436480,2024-12-26 15:00:00,Southampton,West Ham United,65,0,1,-1,0,0,1,1,59.0,6.0,,,3,5,0,1,0
47,12436480,2024-12-26 15:00:00,Southampton,West Ham United,70,0,1,-1,0,0,1,1,59.0,11.0,,,3,7,0,0,0
47,12436480,2024-12-26 15:00:00,Southampton,West Ham United,75,0,1,-1,0,0,1,1,59.0,16.0,,,3,9,0,0,0
47,12436480,2024-12-26 15:00:00,Southampton,West Ham United,80,0,1,-1,0,0,1,1,59.0,21.0,,,3,9,0,0,0
49,12436482,2024-12-26 17:30:00,Wolverhampton,Manchester United,60,1,0,1,0,1,0,1,58.0,2.0,,,5,0,1,1,1
49,12436482,2024-12-26 17:30:00,Wolverhampton,Manchester United,65,1,0,1,0,1,0,1,58.0,7.0,,,5,3,0,1,1
49,12436482,2024-12-26 17:30:00,Wolverhampton,Manchester United,70,1,0,1,0,1,0,1,58.0,12.0,,,5,3,0,0,1
49,12436482,2024-12-26 17:30:00,Wolverhampton,Manchester United,75,1,0,1,0,1,0,1,58.0,17.0,,,5,5,0,0,1
49,12436482,2024-12-26 17:30:00,Wolverhampton,Manchester United,80,1,0,1,0,1,0,1,58.0,22.0,,,5,7,0,0,1
41,12436474,2024-12-26 20:00:00,Liverpool FC,Leicester City,60,2,1,1,0,1,0,3,49.0,11.0,,,4,0,0,0,1
41,12436474,2024-12-26 20:00:00,Liverpool FC,Leicester City,65,2,1,1,0,1,0,3,49.0,16.0,,,4,2,0,0,1
41,12436474,2024-12-26 20:00:00,Liverpool FC,Leicester City,70,2,1,1,0,1,0,3,49.0,21.0,,,4,2,0,0,1
41,12436474,2024-12-26 20:00:00,Liverpool FC,Leicester City,75,2,1,1,0,1,0,3,49.0,26.0,,,4,2,0,0,1
41,12436474,2024-12-26 20:00:00,Liverpool FC,Leicester City,80,2,1,1,0,1,0,3,49.0,31.0,,,5,4,0,0,1
42,12436475,2024-12-27 19:30:00,Brighton & Hove Albion,Brentford,60,0,0,0,1,0,0,0,,,,,2,1,0,0,0
42,12436475,2024-12-27 19:30:00,Brighton & Hove Albion,Brentford,65,0,0,0,1,0,0,0,,,,,2,1,0,0,0
42,12436475,2024-12-27 19:30:00,Brighton & Hove Albion,Brentford,70,0,0,0,1,0,0,0,,,,,2,4,0,0,0
42,12436475,2024-12-27 19:30:00,Brighton & Hove Albion,Brentford,75,0,0,0,1,0,0,0,,,,,3,5,0,0,0
42,12436475,2024-12-27 19:30:00,Brighton & Hove Albion,Brentford,80,0,0,0,1,0,0,0,,,,,3,7,0,0,0
39,12436472,2024-12-27 20:15:00,Arsenal,Ipswich Town,60,1,0,1,0,1,0,1,23.0,37.0,,,1,0,0,0,0
39,12436472,2024-12-27 20:15:00,Arsenal,Ipswich Town,65,1,0,1,0,1,0,1,23.0,42.0,,,2,0,0,0,0
39,12436472,2024-12-27 20:15:00,Arsenal,Ipswich Town,70,1,0,1,0,1,0,1,23.0,47.0,,,2,0,0,0,0
39,12436472,2024-12-27 20:15:00,Arsenal,Ipswich Town,75,1,0,1,0,1,0,1,23.0,52.0,,,2,2,0,0,0
39,12436472,2024-12-27 20:15:00,Arsenal,Ipswich Town,80,1,0,1,0,1,0,1,23.0,57.0,,,2,5,0,0,0
79,12436512,2024-12-29 14:30:00,Leicester City,Manchester City,60,0,1,-1,0,0,1,1,21.0,39.0,,,1,0,0,0,1
79,12436512,2024-12-29 14:30:00,Leicester City,Manchester City,65,0,1,-1,0,0,1,1,21.0,44.0,,,2,0,0,0,1
79,12436512,2024-12-29 14:30:00,Leicester City,Manchester City,70,0,1,-1,0,0,1,1,21.0,49.0,,,2,3,0,0,1
79,12436512,2024-12-29 14:30:00,Leicester City,Manchester City,75,0,2,-2,0,0,1,2,74.0,1.0,,,2,3,1,1,0
79,12436512,2024-12-29 14:30:00,Leicester City,Manchester City,80,0,2,-2,0,0,1,2,74.0,6.0,,,3,3,0,1,0
82,12436515,2024-12-29 15:00:00,Fulham,Bournemouth,60,1,1,0,1,0,0,2,51.0,9.0,,,2,0,0,1,1
82,12436515,2024-12-29 15:00:00,Fulham,Bournemouth,65,1,1,0,1,0,0,2,51.0,14.0,,,2,1,0,0,1
82,12436515,2024-12-29 15:00:00,Fulham,Bournemouth,70,1,1,0,1,0,0,2,51.0,19.0,,,2,3,0,0,1
82,12436515,2024-12-29 15:00:00,Fulham,Bournemouth,75,2,1,1,0,1,0,3,72.0,3.0,,,2,4,1,1,1
82,12436515,2024-12-29 15:00:00,Fulham,Bournemouth,80,2,1,1,0,1,0,3,72.0,8.0,,,2,5,0,1,1
84,12436517,2024-12-29 15:00:00,Everton,Nottingham Forest,60,0,1,-1,0,0,1,1,15.0,45.0,,,3,1,0,0,1
84,12436517,2024-12-29 15:00:00,Everton,Nottingham Forest,65,0,2,-2,0,0,1,2,61.0,4.0,,,4,1,1,1,0
84,12436517,2024-12-29 15:00:00,Everton,Nottingham Forest,70,0,2,-2,0,0,1,2,61.0,9.0,,,5,4,0,1,0
84,12436517,2024-12-29 15:00:00,Everton,Nottingham Forest,75,0,2,-2,0,0,1,2,61.0,14.0,,,5,5,0,0,0
84,12436517,2024-12-29 15:00:00,Everton,Nottingham Forest,80,0,2,-2,0,0,1,2,61.0,19.0,,,5,7,0,0,0
88,12436521,2024-12-29 15:00:00,Tottenham Hotspur,Wolverhampton,60,2,1,1,0,1,0,3,45.0,15.0,,,2,3,0,0,1
88,12436521,2024-12-29 15:00:00,Tottenham Hotspur,Wolverhampton,65,2,1,1,0,1,0,3,45.0,20.0,,,2,6,0,0,1
88,12436521,2024-12-29 15:00:00,Tottenham Hotspur,Wolverhampton,70,2,1,1,0,1,0,3,45.0,25.0,,,2,7,0,0,1
88,12436521,2024-12-29 15:00:00,Tottenham Hotspur,Wolverhampton,75,2,1,1,0,1,0,3,45.0,30.0,,,2,7,0,0,1
88,12436521,2024-12-29 15:00:00,Tottenham Hotspur,Wolverhampton,80,2,1,1,0,1,0,3,45.0,35.0,,,2,9,0,0,1
99,12436532,2024-12-29 15:00:00,Crystal Palace,Southampton,60,2,1,1,0,1,0,3,52.0,8.0,,,1,1,0,1,0
99,12436532,2024-12-29 15:00:00,Crystal Palace,Southampton,65,2,1,1,0,1,0,3,52.0,13.0,,,1,3,0,0,0
99,12436532,2024-12-29 15:00:00,Crystal Palace,Southampton,70,2,1,1,0,1,0,3,52.0,18.0,,,2,3,0,0,0
99,12436532,2024-12-29 15:00:00,Crystal Palace,Southampton,75,2,1,1,0,1,0,3,52.0,23.0,,,2,3,0,0,0
99,12436532,2024-12-29 15:00:00,Crystal Palace,Southampton,80,2,1,1,0,1,0,3,52.0,28.0,,,4,3,0,0,0
80,12436513,2024-12-29 17:15:00,West Ham United,Liverpool FC,60,0,4,-4,0,0,1,4,54.0,6.0,,,0,6,0,1,1
80,12436513,2024-12-29 17:15:00,West Ham United,Liverpool FC,65,0,4,-4,0,0,1,4,54.0,11.0,,,0,6,0,0,1
80,12436513,2024-12-29 17:15:00,West Ham United,Liverpool FC,70,0,4,-4,0,0,1,4,54.0,16.0,,,0,6,0,0,1
80,12436513,2024-12-29 17:15:00,West Ham United,Liverpool FC,75,0,4,-4,0,0,1,4,54.0,21.0,,,0,9,0,0,1
80,12436513,2024-12-29 17:15:00,West Ham United,Liverpool FC,80,0,4,-4,0,0,1,4,54.0,26.0,,,0,9,0,0,1
77,12436510,2024-12-30 19:45:00,Ipswich Town,Chelsea,60,2,0,2,0,1,0,2,53.0,7.0,,,1,1,0,1,0
77,12436510,2024-12-30 19:45:00,Ipswich Town,Chelsea,65,2,0,2,0,1,0,2,53.0,12.0,,,1,2,0,0,0
77,12436510,2024-12-30 19:45:00,Ipswich Town,Chelsea,70,2,0,2,0,1,0,2,53.0,17.0,,,2,2,0,0,0
77,12436510,2024-12-30 19:45:00,Ipswich Town,Chelsea,75,2,0,2,0,1,0,2,53.0,22.0,,,2,2,0,0,0
77,12436510,2024-12-30 19:45:00,Ipswich Town,Chelsea,80,2,0,2,0,1,0,2,53.0,27.0,,,2,6,0,0,0
97,12436530,2024-12-30 19:45:00,Aston Villa,Brighton & Hove Albion,60,2,1,1,0,1,0,3,47.0,13.0,,,4,4,0,0,1
97,12436530,2024-12-30 19:45:00,Aston Villa,Brighton & Hove Albion,65,2,1,1,0,1,0,3,47.0,18.0,,,4,4,0,0,1
97,12436530,2024-12-30 19:45:00,Aston Villa,Brighton & Hove Albion,70,2,1,1,0,1,0,3,47.0,23.0,,,4,5,0,0,1
97,12436530,2024-12-30 19:45:00,Aston Villa,Brighton & Hove Albion,75,2,1,1,0,1,0,3,47.0,28.0,,,5,5,0,0,1
97,12436530,2024-12-30 19:45:00,Aston Villa,Brighton & Hove Albion,80,2,1,1,0,1,0,3,47.0,33.0,,,5,6,0,0,1
89,12436522,2024-12-30 20:00:00,Manchester United,Newcastle United,60,0,2,-2,0,0,1,2,19.0,41.0,,,0,2,0,0,0
89,12436522,2024-12-30 20:00:00,Manchester United,Newcastle United,65,0,2,-2,0,0,1,2,19.0,46.0,,,1,4,0,0,0
89,12436522,2024-12-30 20:00:00,Manchester United,Newcastle United,70,0,2,-2,0,0,1,2,19.0,51.0,,,1,4,0,0,0
89,12436522,2024-12-30 20:00:00,Manchester United,Newcastle United,75,0,2,-2,0,0,1,2,19.0,56.0,,,1,4,0,0,0
89,12436522,2024-12-30 20:00:00,Manchester United,Newcastle United,80,0,2,-2,0,0,1,2,19.0,61.0,,,1,4,0,0,0
1,12436410,2025-01-01 17:30:00,Brentford,Arsenal,60,1,3,-2,0,0,1,4,53.0,7.0,,,3,0,0,1,0
1,12436410,2025-01-01 17:30:00,Brentford,Arsenal,65,1,3,-2,0,0,1,4,53.0,12.0,,,3,0,0,0,0
1,12436410,2025-01-01 17:30:00,Brentford,Arsenal,70,1,3,-2,0,0,1,4,53.0,17.0,,,3,0,0,0,0
1,12436410,2025-01-01 17:30:00,Brentford,Arsenal,75,1,3,-2,0,0,1,4,53.0,22.0,,,3,4,0,0,0
1,12436410,2025-01-01 17:30:00,Brentford,Arsenal,80,1,3,-2,0,0,1,4,53.0,27.0,,,3,7,0,0,0
86,12436519,2025-01-04 12:30:00,Tottenham Hotspur,Newcastle United,60,1,2,-1,0,0,1,3,38.0,22.0,,,1,1,0,0,0
86,12436519,2025-01-04 12:30:00,Tottenham Hotspur,Newcastle United,65,1,2,-1,0,0,1,3,38.0,27.0,,,1,4,0,0,0
86,12436519,2025-01-04 12:30:00,Tottenham Hotspur,Newcastle United,70,1,2,-1,0,0,1,3,38.0,32.0,,,1,4,0,0,0
86,12436519,2025-01-04 12:30:00,Tottenham Hotspur,Newcastle United,75,1,2,-1,0,0,1,3,38.0,37.0,,,2,4,0,0,0
86,12436519,2025-01-04 12:30:00,Tottenham Hotspur,Newcastle United,80,1,2,-1,0,0,1,3,38.0,42.0,,,3,5,0,0,0
2,12436419,2025-01-04 15:00:00,Crystal Palace,Chelsea,60,0,1,-1,0,0,1,1,14.0,46.0,,,0,0,0,0,1
2,12436419,2025-01-04 15:00:00,Crystal Palace,Chelsea,65,0,1,-1,0,0,1,1,14.0,51.0,,,1,0,0,0,1
2,12436419,2025-01-04 15:00:00,Crystal Palace,Chelsea,70,0,1,-1,0,0,1,1,14.0,56.0,,,1,1,0,0,1
2,12436419,2025-01-04 15:00:00,Crystal Palace,Chelsea,75,0,1,-1,0,0,1,1,14.0,61.0,,,1,1,0,0,1
2,12436419,2025-01-04 15:00:00,Crystal Palace,Chelsea,80,0,1,-1,0,0,1,1,14.0,66.0,,,2,1,0,0,1
75,12436508,2025-01-04 15:00:00,Manchester City,West Ham United,60,4,0,4,0,1,0,4,58.0,2.0,,,3,1,1,1,1
75,12436508,2025-01-04 15:00:00,Manchester City,West Ham United,65,4,0,4,0,1,0,4,58.0,7.0,,,4,3,0,1,1
75,12436508,2025-01-04 15:00:00,Manchester City,West Ham United,70,4,0,4,0,1,0,4,58.0,12.0,,,4,3,0,0,1
75,12436508,2025-01-04 15:00:00,Manchester City,West Ham United,75,4,1,3,0,1,0,5,71.0,4.0,,,4,4,1,1,0
75,12436508,2025-01-04 15:00:00,Manchester City,West Ham United,80,4,1,3,0,1,0,5,71.0,9.0,,,4,5,0,1,0
85,12436518,2025-01-04 15:00:00,Bournemouth,Everton,60,0,0,0,1,0,0,0,,,,,1,3,0,0,1
85,12436518,2025-01-04 15:00:00,Bournemouth,Everton,65,0,0,0,1,0,0,0,,,,,1,3,0,0,1
85,12436518,2025-01-04 15:00:00,Bournemouth,Everton,70,0,0,0,1,0,0,0,,,,,1,6,0,0,1
85,12436518,2025-01-04 15:00:00,Bournemouth,Everton,75,0,0,0,1,0,0,0,,,,,1,6,0,0,1
85,12436518,2025-01-04 15:00:00,Bournemouth,Everton,80,1,0,1,0,1,0,1,77.0,3.0,,,1,6,1,1,0
87,12436520,2025-01-04 15:00:00,Southampton,Brentford,60,0,1,-1,0,0,1,1,6.0,54.0,,,1,4,0,0,1
87,12436520,2025-01-04 15:00:00,Southampton,Brentford,65,0,2,-2,0,0,1,2,62.0,3.0,,,2,4,1,1,1
87,12436520,2025-01-04 15:00:00,Southampton,Brentford,70,0,3,-3,0,0,1,3,69.0,1.0,,,2,4,1,1,1
87,12436520,2025-01-04 15:00:00,Southampton,Brentford,75,0,3,-3,0,0,1,3,69.0,6.0,,,2,5,0,1,1
87,12436520,2025-01-04 15:00:00,Southampton,Brentford,80,0,3,-3,0,0,1,3,69.0,11.0,,,2,5,0,0,1
90,12436523,2025-01-04 15:00:00,Aston Villa,Leicester City,60,1,0,1,0,1,0,1,58.0,2.0,,,0,1,1,1,1
90,12436523,2025-01-04 15:00:00,Aston Villa,Leicester City,65,1,1,0,1,0,0,2,63.0,2.0,,,0,2,1,1,1
90,12436523,2025-01-04 15:00:00,Aston Villa,Leicester City,70,1,1,0,1,0,0,2,63.0,7.0,,,0,2,0,1,1
90,12436523,2025-01-04 15:00:00,Aston Villa,Leicester City,75,1,1,0,1,0,0,2,63.0,12.0,,,0,2,0,0,1
90,12436523,2025-01-04 15:00:00,Aston Villa,Leicester City,80,2,1,1,0,1,0,3,76.0,4.0,,,0,4,1,1,0
95,12436528,2025-01-04 17:30:00,Brighton & Hove Albion,Arsenal,60,0,1,-1,0,0,1,1,16.0,44.0,,,1,3,0,0,1
95,12436528,2025-01-04 17:30:00,Brighton & Hove Albion,Arsenal,65,1,1,0,1,0,0,2,61.0,4.0,,,2,5,1,1,0
95,12436528,2025-01-04 17:30:00,Brighton & Hove Albion,Arsenal,70,1,1,0,1,0,0,2,61.0,9.0,,,2,6,0,1,0
95,12436528,2025-01-04 17:30:00,Brighton & Hove Albion,Arsenal,75,1,1,0,1,0,0,2,61.0,14.0,,,2,6,0,0,0
95,12436528,2025-01-04 17:30:00,Brighton & Hove Albion,Arsenal,80,1,1,0,1,0,0,2,61.0,19.0,,,2,6,0,0,0
92,12436525,2025-01-05 14:00:00,Fulham,Ipswich Town,60,0,1,-1,0,0,1,1,38.0,22.0,,,2,1,0,0,1
92,12436525,2025-01-05 14:00:00,Fulham,Ipswich Town,65,0,1,-1,0,0,1,1,38.0,27.0,,,2,3,0,0,1
92,12436525,2025-01-05 14:00:00,Fulham,Ipswich Town,70,1,1,0,1,0,0,2,69.0,1.0,,,4,3,1,1,1
92,12436525,2025-01-05 14:00:00,Fulham,Ipswich Town,75,1,2,-1,0,0,1,3,71.0,4.0,,,4,5,1,1,1
92,12436525,2025-01-05 14:00:00,Fulham,Ipswich Town,80,1,2,-1,0,0,1,3,71.0,9.0,,,5,8,0,1,1
81,12436514,2025-01-05 16:30:00,Liverpool FC,Manchester United,60,1,1,0,1,0,0,2,59.0,1.0,,,2,1,1,1,1
81,12436514,2025-01-05 16:30:00,Liverpool FC,Manchester United,65,1,1,0,1,0,0,2,59.0,6.0,,,3,2,0,1,1
81,12436514,2025-01-05 16:30:00,Liverpool FC,Manchester United,70,2,1,1,0,1,0,3,70.0,0.0,,,3,2,1,1,1
81,12436514,2025-01-05 16:30:00,Liverpool FC,Manchester United,75,2,1,1,0,1,0,3,70.0,5.0,,,4,3,0,1,1
81,12436514,2025-01-05 16:30:00,Liverpool FC,Manchester United,80,2,2,0,1,0,0,4,80.0,0.0,,,5,3,1,1,0
5,12436437,2025-01-06 20:00:00,Wolverhampton,Nottingham Forest,60,0,2,-2,0,0,1,2,44.0,16.0,,,3,3,0,0,1
5,12436437,2025-01-06 20:00:00,Wolverhampton,Nottingham Forest,65,0,2,-2,0,0,1,2,44.0,21.0,,,3,3,0,0,1
5,12436437,2025-01-06 20:00:00,Wolverhampton,Nottingham Forest,70,0,2,-2,0,0,1,2,44.0,26.0,,,3,5,0,0,1
5,12436437,2025-01-06 20:00:00,Wolverhampton,Nottingham Forest,75,0,2,-2,0,0,1,2,44.0,31.0,,,3,7,0,0,1
5,12436437,2025-01-06 20:00:00,Wolverhampton,Nottingham Forest,80,0,2,-2,0,0,1,2,44.0,36.0,,,3,7,0,0,1
4,12436436,2025-01-14 19:30:00,Brentford,Manchester City,60,0,0,0,1,0,0,0,,,,,0,0,0,0,1
4,12436436,2025-01-14 19:30:00,Brentford,Manchester City,65,0,0,0,1,0,0,0,,,,,0,0,0,0,1
4,12436436,2025-01-14 19:30:00,Brentford,Manchester City,70,0,1,-1,0,0,1,1,66.0,4.0,,,0,1,1,1,1
4,12436436,2025-01-14 19:30:00,Brentford,Manchester City,75,0,1,-1,0,0,1,1,66.0,9.0,,,0,1,0,1,1
4,12436436,2025-01-14 19:30:00,Brentford,Manchester City,80,0,2,-2,0,0,1,2,78.0,2.0,,,0,3,1,1,1
76,12436509,2025-01-14 19:30:00,West Ham United,Fulham,60,2,1,1,0,1,0,3,51.0,9.0,,,2,0,0,1,1
76,12436509,2025-01-14 19:30:00,West Ham United,Fulham,65,2,1,1,0,1,0,3,51.0,14.0,,,3,1,0,0,1
76,12436509,2025-01-14 19:30:00,West Ham United,Fulham,70,3,1,2,0,1,0,4,67.0,3.0,,,5,3,1,1,1
76,12436509,2025-01-14 19:30:00,West Ham United,Fulham,75,3,1,2,0,1,0,4,67.0,8.0,,,5,4,0,1,1
76,12436509,2025-01-14 19:30:00,West Ham United,Fulham,80,3,2,1,0,1,0,5,78.0,2.0,,,5,4,1,1,0
98,12436531,2025-01-14 19:30:00,Chelsea,Bournemouth,60,1,1,0,1,0,0,2,50.0,10.0,,,4,2,0,0,1
98,12436531,2025-01-14 19:30:00,Chelsea,Bournemouth,65,1,1,0,1,0,0,2,50.0,15.0,,,4,2,0,0,1
98,12436531,2025-01-14 19:30:00,Chelsea,Bournemouth,70,1,2,-1,0,0,1,3,68.0,2.0,,,4,2,1,1,1
98,12436531,2025-01-14 19:30:00,Chelsea,Bournemouth,75,1,2,-1,0,0,1,3,68.0,7.0,,,4,3,0,1,1
98,12436531,2025-01-14 19:30:00,Chelsea,Bournemouth,80,1,2,-1,0,0,1,3,68.0,12.0,,,4,3,0,0,1
93,12436526,2025-01-14 20:00:00,Nottingham Forest,Liverpool FC,60,1,0,1,0,1,0,1,8.0,52.0,,,2,0,0,0,1
93,12436526,2025-01-14 20:00:00,Nottingham Forest,Liverpool FC,65,1,0,1,0,1,0,1,8.0,57.0,,,2,1,0,0,1
93,12436526,2025-01-14 20:00:00,Nottingham Forest,Liverpool FC,70,1,1,0,1,0,0,2,66.0,4.0,,,3,2,1,1,0
93,12436526,2025-01-14 20:00:00,Nottingham Forest,Liverpool FC,75,1,1,0,1,0,0,2,66.0,9.0,,,3,3,0,1,0
93,12436526,2025-01-14 20:00:00,Nottingham Forest,Liverpool FC,80,1,1,0,1,0,0,2,66.0,14.0,,,3,4,0,0,0
3,12436434,2025-01-15 19:30:00,Everton,Aston Villa,60,0,1,-1,0,0,1,1,51.0,9.0,,,3,1,0,1,0
3,12436434,2025-01-15 19:30:00,Everton,Aston Villa,65,0,1,-1,0,0,1,1,51.0,14.0,,,3,1,0,0,0
3,12436434,2025-01-15 19:30:00,Everton,Aston Villa,70,0,1,-1,0,0,1,1,51.0,19.0,,,3,1,0,0,0
3,12436434,2025-01-15 19:30:00,Everton,Aston Villa,75,0,1,-1,0,0,1,1,51.0,24.0,,,3,1,0,0,0
3,12436434,2025-01-15 19:30:00,Everton,Aston Villa,80,0,1,-1,0,0,1,1,51.0,29.0,,,3,1,0,0,0
94,12436527,2025-01-15 19:30:00,Leicester City,Crystal Palace,60,0,1,-1,0,0,1,1,52.0,8.0,,,0,1,0,1,1
94,12436527,2025-01-15 19:30:00,Leicester City,Crystal Palace,65,0,1,-1,0,0,1,1,52.0,13.0,,,0,2,0,0,1
94,12436527,2025-01-15 19:30:00,Leicester City,Crystal Palace,70,0,1,-1,0,0,1,1,52.0,18.0,,,0,5,0,0,1
94,12436527,2025-01-15 19:30:00,Leicester City,Crystal Palace,75,0,1,-1,0,0,1,1,52.0,23.0,,,0,5,0,0,1
94,12436527,2025-01-15 19:30:00,Leicester City,Crystal Palace,80,0,2,-2,0,0,1,2,78.0,2.0,,,0,9,1,1,0
96,12436529,2025-01-15 19:30:00,Newcastle United,Wolverhampton,60,2,0,2,0,1,0,2,57.0,3.0,,,1,1,1,1,1
96,12436529,2025-01-15 19:30:00,Newcastle United,Wolverhampton,65,2,0,2,0,1,0,2,57.0,8.0,,,1,1,0,1,1
96,12436529,2025-01-15 19:30:00,Newcastle United,Wolverhampton,70,2,0,2,0,1,0,2,57.0,13.0,,,1,3,0,0,1
96,12436529,2025-01-15 19:30:00,Newcastle United,Wolverhampton,75,3,0,3,0,1,0,3,74.0,1.0,,,1,3,1,1,0
96,12436529,2025-01-15 19:30:00,Newcastle United,Wolverhampton,80,3,0,3,0,1,0,3,74.0,6.0,,,1,6,0,1,0
78,12436511,2025-01-15 20:00:00,Arsenal,Tottenham Hotspur,60,2,1,1,0,1,0,3,44.0,16.0,,,2,2,0,0,0
78,12436511,2025-01-15 20:00:00,Arsenal,Tottenham Hotspur,65,2,1,1,0,1,0,3,44.0,21.0,,,2,3,0,0,0
78,12436511,2025-01-15 20:00:00,Arsenal,Tottenham Hotspur,70,2,1,1,0,1,0,3,44.0,26.0,,,2,3,0,0,0
78,12436511,2025-01-15 20:00:00,Arsenal,Tottenham Hotspur,75,2,1,1,0,1,0,3,44.0,31.0,,,2,3,0,0,0
78,12436511,2025-01-15 20:00:00,Arsenal,Tottenham Hotspur,80,2,1,1,0,1,0,3,44.0,36.0,,,2,5,0,0,0
91,12436524,2025-01-16 19:30:00,Ipswich Town,Brighton & Hove Albion,60,0,1,-1,0,0,1,1,59.0,1.0,,,2,0,1,1,1
91,12436524,2025-01-16 19:30:00,Ipswich Town,Brighton & Hove Albion,65,0,1,-1,0,0,1,1,59.0,6.0,,,3,3,0,1,1
91,12436524,2025-01-16 19:30:00,Ipswich Town,Brighton & Hove Albion,70,0,1,-1,0,0,1,1,59.0,11.0,,,3,3,0,0,1
91,12436524,2025-01-16 19:30:00,Ipswich Town,Brighton & Hove Albion,75,0,1,-1,0,0,1,1,59.0,16.0,,,3,5,0,0,1
91,12436524,2025-01-16 19:30:00,Ipswich Town,Brighton & Hove Albion,80,0,1,-1,0,0,1,1,59.0,21.0,,,3,6,0,0,1
83,12436516,2025-01-16 20:00:00,Manchester United,Southampton,60,0,1,-1,0,0,1,1,43.0,17.0,,,3,3,0,0,1
83,12436516,2025-01-16 20:00:00,Manchester United,Southampton,65,0,1,-1,0,0,1,1,43.0,22.0,,,3,4,0,0,1
83,12436516,2025-01-16 20:00:00,Manchester United,Southampton,70,0,1,-1,0,0,1,1,43.0,27.0,,,3,4,0,0,1
83,12436516,2025-01-16 20:00:00,Manchester United,Southampton,75,0,1,-1,0,0,1,1,43.0,32.0,,,3,6,0,0,1
83,12436516,2025-01-16 20:00:00,Manchester United,Southampton,80,0,1,-1,0,0,1,1,43.0,37.0,,,4,6,0,0,1
208,12436885,2025-01-18 12:30:00,Newcastle United,Bournemouth,60,1,2,-1,0,0,1,3,44.0,16.0,,,3,1,0,0,1
208,12436885,2025-01-18 12:30:00,Newcastle United,Bournemouth,65,1,2,-1,0,0,1,3,44.0,21.0,,,3,1,0,0,1
208,12436885,2025-01-18 12:30:00,Newcastle United,Bournemouth,70,1,2,-1,0,0,1,3,44.0,26.0,,,4,3,0,0,1
208,12436885,2025-01-18 12:30:00,Newcastle United,Bournemouth,75,1,2,-1,0,0,1,3,44.0,31.0,,,4,3,0,0,1
208,12436885,2025-01-18 12:30:00,Newcastle United,Bournemouth,80,1,2,-1,0,0,1,3,44.0,36.0,,,5,3,0,0,1
8,12436440,2025-01-18 15:00:00,Brentford,Liverpool FC,60,0,0,0,1,0,0,0,,,,,2,0,0,0,1
8,12436440,2025-01-18 15:00:00,Brentford,Liverpool FC,65,0,0,0,1,0,0,0,,,,,2,2,0,0,1
8,12436440,2025-01-18 15:00:00,Brentford,Liverpool FC,70,0,0,0,1,0,0,0,,,,,4,3,0,0,1
8,12436440,2025-01-18 15:00:00,Brentford,Liverpool FC,75,0,0,0,1,0,0,0,,,,,4,3,0,0,1
8,12436440,2025-01-18 15:00:00,Brentford,Liverpool FC,80,0,0,0,1,0,0,0,,,,,4,5,0,0,1
10,12436442,2025-01-18 15:00:00,Leicester City,Fulham,60,0,1,-1,0,0,1,1,48.0,12.0,,,2,1,0,0,1
10,12436442,2025-01-18 15:00:00,Leicester City,Fulham,65,0,1,-1,0,0,1,1,48.0,17.0,,,2,3,0,0,1
10,12436442,2025-01-18 15:00:00,Leicester City,Fulham,70,0,2,-2,0,0,1,2,68.0,2.0,,,2,3,1,1,0
10,12436442,2025-01-18 15:00:00,Leicester City,Fulham,75,0,2,-2,0,0,1,2,68.0,7.0,,,2,6,0,1,0
10,12436442,2025-01-18 15:00:00,Leicester City,Fulham,80,0,2,-2,0,0,1,2,68.0,12.0,,,2,7,0,0,0
212,12436889,2025-01-18 15:00:00,West Ham United,Crystal Palace,60,0,1,-1,0,0,1,1,48.0,12.0,,,2,4,0,0,1
212,12436889,2025-01-18 15:00:00,West Ham United,Crystal Palace,65,0,1,-1,0,0,1,1,48.0,17.0,,,2,4,0,0,1
212,12436889,2025-01-18 15:00:00,West Ham United,Crystal Palace,70,0,1,-1,0,0,1,1,48.0,22.0,,,2,5,0,0,1
212,12436889,2025-01-18 15:00:00,West Ham United,Crystal Palace,75,0,1,-1,0,0,1,1,48.0,27.0,,,2,5,0,0,1
212,12436889,2025-01-18 15:00:00,West Ham United,Crystal Palace,80,0,1,-1,0,0,1,1,48.0,32.0,,,3,6,0,0,1
11,12436443,2025-01-18 17:30:00,Arsenal,Aston Villa,60,2,1,1,0,1,0,3,60.0,0.0,,,3,2,1,1,1
11,12436443,2025-01-18 17:30:00,Arsenal,Aston Villa,65,2,1,1,0,1,0,3,60.0,5.0,,,3,2,0,1,1
11,12436443,2025-01-18 17:30:00,Arsenal,Aston Villa,70,2,2,0,1,0,0,4,68.0,2.0,,,4,2,1,1,0
11,12436443,2025-01-18 17:30:00,Arsenal,Aston Villa,75,2,2,0,1,0,0,4,68.0,7.0,,,4,2,0,1,0
11,12436443,2025-01-18 17:30:00,Arsenal,Aston Villa,80,2,2,0,1,0,0,4,68.0,12.0,,,5,3,0,0,0
16,12436448,2025-01-19 14:00:00,Everton,Tottenham Hotspur,60,3,0,3,0,1,0,3,45.0,15.0,,,2,1,0,0,1
16,12436448,2025-01-19 14:00:00,Everton,Tottenham Hotspur,65,3,0,3,0,1,0,3,45.0,20.0,,,2,1,0,0,1
16,12436448,2025-01-19 14:00:00,Everton,Tottenham Hotspur,70,3,0,3,0,1,0,3,45.0,25.0,,,3,2,0,0,1
16,12436448,2025-01-19 14:00:00,Everton,Tottenham Hotspur,75,3,0,3,0,1,0,3,45.0,30.0,,,3,3,0,0,1
16,12436448,2025-01-19 14:00:00,Everton,Tottenham Hotspur,80,3,1,2,0,1,0,4,77.0,3.0,,,3,3,1,1,1
206,12436883,2025-01-19 14:00:00,Manchester United,Brighton & Hove Albion,60,1,2,-1,0,0,1,3,60.0,0.0,,,2,0,1,1,1
206,12436883,2025-01-19 14:00:00,Manchester United,Brighton & Hove Albion,65,1,2,-1,0,0,1,3,60.0,5.0,,,3,2,0,1,1
206,12436883,2025-01-19 14:00:00,Manchester United,Brighton & Hove Albion,70,1,2,-1,0,0,1,3,60.0,10.0,,,3,4,0,0,1
206,12436883,2025-01-19 14:00:00,Manchester United,Brighton & Hove Albion,75,1,2,-1,0,0,1,3,60.0,15.0,,,3,4,0,0,1
206,12436883,2025-01-19 14:00:00,Manchester United,Brighton & Hove Albion,80,1,3,-2,0,0,1,4,76.0,4.0,,,3,4,1,1,0
210,12436887,2025-01-19 14:00:00,Nottingham Forest,Southampton,60,3,1,2,0,1,0,4,60.0,0.0,,,2,5,1,1,1
210,12436887,2025-01-19 14:00:00,Nottingham Forest,Southampton,65,3,1,2,0,1,0,4,60.0,5.0,,,2,5,0,1,1
210,12436887,2025-01-19 14:00:00,Nottingham Forest,Southampton,70,3,1,2,0,1,0,4,60.0,10.0,,,2,5,0,0,1
210,12436887,2025-01-19 14:00:00,Nottingham Forest,Southampton,75,3,1,2,0,1,0,4,60.0,15.0,,,2,6,0,0,1
210,12436887,2025-01-19 14:00:00,Nottingham Forest,Southampton,80,3,1,2,0,1,0,4,60.0,20.0,,,2,6,0,0,1
7,12436439,2025-01-19 16:30:00,Ipswich Town,Manchester City,60,0,5,-5,0,0,1,5,57.0,3.0,,,0,0,1,1,1
7,12436439,2025-01-19 16:30:00,Ipswich Town,Manchester City,65,0,5,-5,0,0,1,5,57.0,8.0,,,0,6,0,1,1
7,12436439,2025-01-19 16:30:00,Ipswich Town,Manchester City,70,0,6,-6,0,0,1,6,69.0,1.0,,,0,6,1,1,0
7,12436439,2025-01-19 16:30:00,Ipswich Town,Manchester City,75,0,6,-6,0,0,1,6,69.0,6.0,,,0,10,0,1,0
7,12436439,2025-01-19 16:30:00,Ipswich Town,Manchester City,80,0,6,-6,0,0,1,6,69.0,11.0,,,1,10,0,0,0
22,12436455,2025-01-20 20:00:00,Chelsea,Wolverhampton,60,2,1,1,0,1,0,3,60.0,0.0,,,2,0,1,1,1
22,12436455,2025-01-20 20:00:00,Chelsea,Wolverhampton,65,3,1,2,0,1,0,4,65.0,0.0,,,2,1,1,1,0
22,12436455,2025-01-20 20:00:00,Chelsea,Wolverhampton,70,3,1,2,0,1,0,4,65.0,5.0,,,3,1,0,1,0
22,12436455,2025-01-20 20:00:00,Chelsea,Wolverhampton,75,3,1,2,0,1,0,4,65.0,10.0,,,3,4,0,0,0
22,12436455,2025-01-20 20:00:00,Chelsea,Wolverhampton,80,3,1,2,0,1,0,4,65.0,15.0,,,3,6,0,0,0
214,12436891,2025-01-25 15:00:00,Bournemouth,Nottingham Forest,60,2,0,2,0,1,0,2,55.0,5.0,,,3,1,0,1,1
214,12436891,2025-01-25 15:00:00,Bournemouth,Nottingham Forest,65,3,0,3,0,1,0,3,61.0,4.0,,,4,1,1,1,1
214,12436891,2025-01-25 15:00:00,Bournemouth,Nottingham Forest,70,3,0,3,0,1,0,3,61.0,9.0,,,4,3,0,1,1
214,12436891,2025-01-25 15:00:00,Bournemouth,Nottingham Forest,75,3,0,3,0,1,0,3,61.0,14.0,,,4,3,0,0,1
214,12436891,2025-01-25 15:00:00,Bournemouth,Nottingham Forest,80,3,0,3,0,1,0,3,61.0,19.0,,,4,6,0,0,1
218,12436895,2025-01-25 15:00:00,Brighton & Hove Albion,Everton,60,0,1,-1,0,0,1,1,42.0,18.0,,,4,2,0,0,0
218,12436895,2025-01-25 15:00:00,Brighton & Hove Albion,Everton,65,0,1,-1,0,0,1,1,42.0,23.0,,,4,3,0,0,0
218,12436895,2025-01-25 15:00:00,Brighton & Hove Albion,Everton,70,0,1,-1,0,0,1,1,42.0,28.0,,,4,3,0,0,0
218,12436895,2025-01-25 15:00:00,Brighton & Hove Albion,Everton,75,0,1,-1,0,0,1,1,42.0,33.0,,,5,5,0,0,0
218,12436895,2025-01-25 15:00:00,Brighton & Hove Albion,Everton,80,0,1,-1,0,0,1,1,42.0,38.0,,,5,7,0,0,0
224,12436901,2025-01-25 15:00:00,Liverpool FC,Ipswich Town,60,3,0,3,0,1,0,3,44.0,16.0,,,0,2,0,0,1
224,12436901,2025-01-25 15:00:00,Liverpool FC,Ipswich Town,65,4,0,4,0,1,0,4,65.0,0.0,,,0,2,1,1,1
224,12436901,2025-01-25 15:00:00,Liverpool FC,Ipswich Town,70,4,0,4,0,1,0,4,65.0,5.0,,,0,5,0,1,1
224,12436901,2025-01-25 15:00:00,Liverpool FC,Ipswich Town,75,4,0,4,0,1,0,4,65.0,10.0,,,1,5,0,0,1
224,12436901,2025-01-25 15:00:00,Liverpool FC,Ipswich Town,80,4,0,4,0,1,0,4,65.0,15.0,,,1,9,0,0,1
228,12436905,2025-01-25 15:00:00,Southampton,Newcastle United,60,1,3,-2,0,0,1,4,51.0,9.0,,,1,2,0,1,0
228,12436905,2025-01-25 15:00:00,Southampton,Newcastle United,65,1,3,-2,0,0,1,4,51.0,14.0,,,1,2,0,0,0
228,12436905,2025-01-25 15:00:00,Southampton,Newcastle United,70,1,3,-2,0,0,1,4,51.0,19.0,,,1,2,0,0,0
228,12436905,2025-01-25 15:00:00,Southampton,Newcastle United,75,1,3,-2,0,0,1,4,51.0,24.0,,,1,2,0,0,0
228,12436905,2025-01-25 15:00:00,Southampton,Newcastle United,80,1,3,-2,0,0,1,4,51.0,29.0,,,1,5,0,0,0
232,12436909,2025-01-25 15:00:00,Wolverhampton,Arsenal,60,0,0,0,1,0,0,0,,,,,3,2,0,0,1
232,12436909,2025-01-25 15:00:00,Wolverhampton,Arsenal,65,0,0,0,1,0,0,0,,,,,3,2,0,0,1
232,12436909,2025-01-25 15:00:00,Wolverhampton,Arsenal,70,0,0,0,1,0,0,0,,,,,4,2,0,0,1
232,12436909,2025-01-25 15:00:00,Wolverhampton,Arsenal,75,0,1,-1,0,0,1,1,74.0,1.0,,,4,3,1,1,0
232,12436909,2025-01-25 15:00:00,Wolverhampton,Arsenal,80,0,1,-1,0,0,1,1,74.0,6.0,,,4,3,0,1,0
226,12436903,2025-01-25 17:30:00,Manchester City,Chelsea,60,1,1,0,1,0,0,2,42.0,18.0,,,3,1,0,0,1
226,12436903,2025-01-25 17:30:00,Manchester City,Chelsea,65,1,1,0,1,0,0,2,42.0,23.0,,,3,2,0,0,1
226,12436903,2025-01-25 17:30:00,Manchester City,Chelsea,70,2,1,1,0,1,0,3,68.0,2.0,,,3,2,1,1,1
226,12436903,2025-01-25 17:30:00,Manchester City,Chelsea,75,2,1,1,0,1,0,3,68.0,7.0,,,3,5,0,1,1
226,12436903,2025-01-25 17:30:00,Manchester City,Chelsea,80,2,1,1,0,1,0,3,68.0,12.0,,,4,5,0,0,1
220,12436897,2025-01-26 14:00:00,Crystal Palace,Brentford,60,0,0,0,1,0,0,0,,,,,2,1,0,0,1
220,12436897,2025-01-26 14:00:00,Crystal Palace,Brentford,65,0,0,0,1,0,0,0,,,,,2,1,0,0,1
220,12436897,2025-01-26 14:00:00,Crystal Palace,Brentford,70,0,1,-1,0,0,1,1,66.0,4.0,,,3,1,1,1,1
220,12436897,2025-01-26 14:00:00,Crystal Palace,Brentford,75,0,1,-1,0,0,1,1,66.0,9.0,,,4,2,0,1,1
220,12436897,2025-01-26 14:00:00,Crystal Palace,Brentford,80,0,2,-2,0,0,1,2,80.0,0.0,,,4,2,1,1,1
230,12436907,2025-01-26 14:00:00,Tottenham Hotspur,Leicester City,60,1,2,-1,0,0,1,3,50.0,10.0,,,0,2,0,0,0
230,12436907,2025-01-26 14:00:00,Tottenham Hotspur,Leicester City,65,1,2,-1,0,0,1,3,50.0,15.0,,,1,2,0,0,0
230,12436907,2025-01-26 14:00:00,Tottenham Hotspur,Leicester City,70,1,2,-1,0,0,1,3,50.0,20.0,,,2,2,0,0,0
230,12436907,2025-01-26 14:00:00,Tottenham Hotspur,Leicester City,75,1,2,-1,0,0,1,3,50.0,25.0,,,4,2,0,0,0
230,12436907,2025-01-26 14:00:00,Tottenham Hotspur,Leicester City,80,1,2,-1,0,0,1,3,50.0,30.0,,,5,4,0,0,0
216,12436893,2025-01-26 16:30:00,Aston Villa,West Ham United,60,1,0,1,0,1,0,1,8.0,52.0,,,2,1,0,0,1
216,12436893,2025-01-26 16:30:00,Aston Villa,West Ham United,65,1,0,1,0,1,0,1,8.0,57.0,,,4,2,0,0,1
216,12436893,2025-01-26 16:30:00,Aston Villa,West Ham United,70,1,1,0,1,0,0,2,70.0,0.0,,,5,3,1,1,0
216,12436893,2025-01-26 16:30:00,Aston Villa,West Ham United,75,1,1,0,1,0,0,2,70.0,5.0,,,5,7,0,1,0
216,12436893,2025-01-26 16:30:00,Aston Villa,West Ham United,80,1,1,0,1,0,0,2,70.0,10.0,,,5,7,0,0,0
222,12436899,2025-01-26 19:00:00,Fulham,Manchester United,60,0,0,0,1,0,0,0,,,,,0,3,0,0,1
222,12436899,2025-01-26 19:00:00,Fulham,Manchester United,65,0,0,0,1,0,0,0,,,,,0,4,0,0,1
222,12436899,2025-01-26 19:00:00,Fulham,Manchester United,70,0,0,0,1,0,0,0,,,,,0,4,0,0,1
222,12436899,2025-01-26 19:00:00,Fulham,Manchester United,75,0,0,0,1,0,0,0,,,,,1,4,0,0,1
222,12436899,2025-01-26 19:00:00,Fulham,Manchester United,80,0,1,-1,0,0,1,1,78.0,2.0,,,1,5,1,1,0
251,12436930,2025-02-01 12:30:00,Nottingham Forest,Brighton & Hove Albion,60,3,0,3,0,1,0,3,32.0,28.0,,,4,3,0,0,1
251,12436930,2025-02-01 12:30:00,Nottingham Forest,Brighton & Hove Albion,65,4,0,4,0,1,0,4,64.0,1.0,,,4,4,1,1,1
251,12436930,2025-02-01 12:30:00,Nottingham Forest,Brighton & Hove Albion,70,5,0,5,0,1,0,5,69.0,1.0,,,4,4,1,1,1
251,12436930,2025-02-01 12:30:00,Nottingham Forest,Brighton & Hove Albion,75,5,0,5,0,1,0,5,69.0,6.0,,,4,7,0,1,1
251,12436930,2025-02-01 12:30:00,Nottingham Forest,Brighton & Hove Albion,80,5,0,5,0,1,0,5,69.0,11.0,,,4,7,0,0,1
234,12436911,2025-02-01 15:00:00,Bournemouth,Liverpool FC,60,0,1,-1,0,0,1,1,30.0,30.0,,,5,0,0,0,1
234,12436911,2025-02-01 15:00:00,Bournemouth,Liverpool FC,65,0,1,-1,0,0,1,1,30.0,35.0,,,5,1,0,0,1
234,12436911,2025-02-01 15:00:00,Bournemouth,Liverpool FC,70,0,1,-1,0,0,1,1,30.0,40.0,,,6,4,0,0,1
234,12436911,2025-02-01 15:00:00,Bournemouth,Liverpool FC,75,0,2,-2,0,0,1,2,75.0,0.0,,,6,4,1,1,0
234,12436911,2025-02-01 15:00:00,Bournemouth,Liverpool FC,80,0,2,-2,0,0,1,2,75.0,5.0,,,6,5,0,1,0
243,12436921,2025-02-01 15:00:00,Everton,Leicester City,60,3,0,3,0,1,0,3,45.0,15.0,,,0,2,0,0,1
243,12436921,2025-02-01 15:00:00,Everton,Leicester City,65,3,0,3,0,1,0,3,45.0,20.0,,,0,2,0,0,1
243,12436921,2025-02-01 15:00:00,Everton,Leicester City,70,3,0,3,0,1,0,3,45.0,25.0,,,0,2,0,0,1
243,12436921,2025-02-01 15:00:00,Everton,Leicester City,75,3,0,3,0,1,0,3,45.0,30.0,,,0,3,0,0,1
243,12436921,2025-02-01 15:00:00,Everton,Leicester City,80,3,0,3,0,1,0,3,45.0,35.0,,,0,5,0,0,1
246,12436924,2025-02-01 15:00:00,Ipswich Town,Southampton,60,1,1,0,1,0,0,2,31.0,29.0,,,1,2,0,0,1
246,12436924,2025-02-01 15:00:00,Ipswich Town,Southampton,65,1,1,0,1,0,0,2,31.0,34.0,,,1,3,0,0,1
246,12436924,2025-02-01 15:00:00,Ipswich Town,Southampton,70,1,1,0,1,0,0,2,31.0,39.0,,,1,4,0,0,1
246,12436924,2025-02-01 15:00:00,Ipswich Town,Southampton,75,1,1,0,1,0,0,2,31.0,44.0,,,2,4,0,0,1
246,12436924,2025-02-01 15:00:00,Ipswich Town,Southampton,80,1,1,0,1,0,0,2,31.0,49.0,,,2,5,0,0,1
250,12436928,2025-02-01 15:00:00,Newcastle United,Fulham,60,1,0,1,0,1,0,1,37.0,23.0,,,4,0,0,0,1
250,12436928,2025-02-01 15:00:00,Newcastle United,Fulham,65,1,1,0,1,0,0,2,61.0,4.0,,,4,2,1,1,1
250,12436928,2025-02-01 15:00:00,Newcastle United,Fulham,70,1,1,0,1,0,0,2,61.0,9.0,,,4,2,0,1,1
250,12436928,2025-02-01 15:00:00,Newcastle United,Fulham,75,1,1,0,1,0,0,2,61.0,14.0,,,4,4,0,0,1
250,12436928,2025-02-01 15:00:00,Newcastle United,Fulham,80,1,1,0,1,0,0,2,61.0,19.0,,,5,5,0,0,1
253,12436932,2025-02-01 17:30:00,Wolverhampton,Aston Villa,60,1,0,1,0,1,0,1,12.0,48.0,,,5,4,0,0,1
253,12436932,2025-02-01 17:30:00,Wolverhampton,Aston Villa,65,1,0,1,0,1,0,1,12.0,53.0,,,5,4,0,0,1
253,12436932,2025-02-01 17:30:00,Wolverhampton,Aston Villa,70,1,0,1,0,1,0,1,12.0,58.0,,,5,4,0,0,1
253,12436932,2025-02-01 17:30:00,Wolverhampton,Aston Villa,75,1,0,1,0,1,0,1,12.0,63.0,,,5,6,0,0,1
253,12436932,2025-02-01 17:30:00,Wolverhampton,Aston Villa,80,1,0,1,0,1,0,1,12.0,68.0,,,5,7,0,0,1
239,12436916,2025-02-02 14:00:00,Brentford,Tottenham Hotspur,60,0,1,-1,0,0,1,1,29.0,31.0,,,1,1,0,0,1
239,12436916,2025-02-02 14:00:00,Brentford,Tottenham Hotspur,65,0,1,-1,0,0,1,1,29.0,36.0,,,1,1,0,0,1
239,12436916,2025-02-02 14:00:00,Brentford,Tottenham Hotspur,70,0,1,-1,0,0,1,1,29.0,41.0,,,1,3,0,0,1
239,12436916,2025-02-02 14:00:00,Brentford,Tottenham Hotspur,75,0,1,-1,0,0,1,1,29.0,46.0,,,1,3,0,0,1
239,12436916,2025-02-02 14:00:00,Brentford,Tottenham Hotspur,80,0,1,-1,0,0,1,1,29.0,51.0,,,1,5,0,0,1
247,12436925,2025-02-02 14:00:00,Manchester United,Crystal Palace,60,0,0,0,1,0,0,0,,,,,1,0,0,0,1
247,12436925,2025-02-02 14:00:00,Manchester United,Crystal Palace,65,0,1,-1,0,0,1,1,64.0,1.0,,,2,1,1,1,1
247,12436925,2025-02-02 14:00:00,Manchester United,Crystal Palace,70,0,1,-1,0,0,1,1,64.0,6.0,,,2,3,0,1,1
247,12436925,2025-02-02 14:00:00,Manchester United,Crystal Palace,75,0,1,-1,0,0,1,1,64.0,11.0,,,4,3,0,0,1
247,12436925,2025-02-02 14:00:00,Manchester United,Crystal Palace,80,0,1,-1,0,0,1,1,64.0,16.0,,,4,3,0,0,1
236,12436913,2025-02-02 16:30:00,Arsenal,Manchester City,60,2,1,1,0,1,0,3,56.0,4.0,,,1,0,1,1,1
236,12436913,2025-02-02 16:30:00,Arsenal,Manchester City,65,3,1,2,0,1,0,4,62.0,3.0,,,1,0,1,1,1
236,12436913,2025-02-02 16:30:00,Arsenal,Manchester City,70,3,1,2,0,1,0,4,62.0,8.0,,,1,0,0,1,1
236,12436913,2025-02-02 16:30:00,Arsenal,Manchester City,75,3,1,2,0,1,0,4,62.0,13.0,,,2,2,0,0,1
236,12436913,2025-02-02 16:30:00,Arsenal,Manchester City,80,4,1,3,0,1,0,5,76.0,4.0,,,2,2,1,1,1
241,12436919,2025-02-03 20:00:00,Chelsea,West Ham United,60,0,1,-1,0,0,1,1,42.0,18.0,,,1,2,0,0,1
241,12436919,2025-02-03 20:00:00,Chelsea,West Ham United,65,1,1,0,1,0,0,2,64.0,1.0,,,1,4,1,1,1
241,12436919,2025-02-03 20:00:00,Chelsea,West Ham United,70,1,1,0,1,0,0,2,64.0,6.0,,,3,4,0,1,1
241,12436919,2025-02-03 20:00:00,Chelsea,West Ham United,75,2,1,1,0,1,0,3,74.0,1.0,,,3,6,1,1,0
241,12436919,2025-02-03 20:00:00,Chelsea,West Ham United,80,2,1,1,0,1,0,3,74.0,6.0,,,4,8,0,1,0
376,13344418,2025-02-12 19:30:00,Everton,Liverpool FC,60,1,1,0,1,0,0,2,16.0,44.0,,,6,1,0,0,1
376,13344418,2025-02-12 19:30:00,Everton,Liverpool FC,65,1,1,0,1,0,0,2,16.0,49.0,,,7,3,0,0,1
376,13344418,2025-02-12 19:30:00,Everton,Liverpool FC,70,1,1,0,1,0,0,2,16.0,54.0,,,7,5,0,0,1
376,13344418,2025-02-12 19:30:00,Everton,Liverpool FC,75,1,2,-1,0,0,1,3,73.0,2.0,,,7,5,1,1,1
376,13344418,2025-02-12 19:30:00,Everton,Liverpool FC,80,1,2,-1,0,0,1,3,73.0,7.0,,,7,7,0,1,1
258,12436937,2025-02-14 20:00:00,Brighton & Hove Albion,Chelsea,60,2,0,2,0,1,0,2,38.0,22.0,,,1,1,0,0,1
258,12436937,2025-02-14 20:00:00,Brighton & Hove Albion,Chelsea,65,3,0,3,0,1,0,3,63.0,2.0,,,2,4,1,1,0
258,12436937,2025-02-14 20:00:00,Brighton & Hove Albion,Chelsea,70,3,0,3,0,1,0,3,63.0,7.0,,,2,4,0,1,0
258,12436937,2025-02-14 20:00:00,Brighton & Hove Albion,Chelsea,75,3,0,3,0,1,0,3,63.0,12.0,,,2,6,0,0,0
258,12436937,2025-02-14 20:00:00,Brighton & Hove Albion,Chelsea,80,3,0,3,0,1,0,3,63.0,17.0,,,2,6,0,0,0
264,12436943,2025-02-15 12:30:00,Leicester City,Arsenal,60,0,0,0,1,0,0,0,,,,,2,1,0,0,1
264,12436943,2025-02-15 12:30:00,Leicester City,Arsenal,65,0,0,0,1,0,0,0,,,,,2,1,0,0,1
264,12436943,2025-02-15 12:30:00,Leicester City,Arsenal,70,0,0,0,1,0,0,0,,,,,2,2,0,0,1
264,12436943,2025-02-15 12:30:00,Leicester City,Arsenal,75,0,0,0,1,0,0,0,,,,,2,4,0,0,1
264,12436943,2025-02-15 12:30:00,Leicester City,Arsenal,80,0,0,0,1,0,0,0,,,,,2,5,0,0,1
255,12436934,2025-02-15 15:00:00,Aston Villa,Ipswich Town,60,0,1,-1,0,0,1,1,56.0,4.0,,,3,5,1,1,1
255,12436934,2025-02-15 15:00:00,Aston Villa,Ipswich Town,65,0,1,-1,0,0,1,1,56.0,9.0,,,3,6,0,1,1
255,12436934,2025-02-15 15:00:00,Aston Villa,Ipswich Town,70,1,1,0,1,0,0,2,69.0,1.0,,,4,6,1,1,0
255,12436934,2025-02-15 15:00:00,Aston Villa,Ipswich Town,75,1,1,0,1,0,0,2,69.0,6.0,,,4,6,0,1,0
255,12436934,2025-02-15 15:00:00,Aston Villa,Ipswich Town,80,1,1,0,1,0,0,2,69.0,11.0,,,4,8,0,0,0
261,12436940,2025-02-15 15:00:00,Fulham,Nottingham Forest,60,1,1,0,1,0,0,2,37.0,23.0,,,0,0,0,0,1
261,12436940,2025-02-15 15:00:00,Fulham,Nottingham Forest,65,2,1,1,0,1,0,3,62.0,3.0,,,0,1,1,1,0
261,12436940,2025-02-15 15:00:00,Fulham,Nottingham Forest,70,2,1,1,0,1,0,3,62.0,8.0,,,0,2,0,1,0
261,12436940,2025-02-15 15:00:00,Fulham,Nottingham Forest,75,2,1,1,0,1,0,3,62.0,13.0,,,0,2,0,0,0
261,12436940,2025-02-15 15:00:00,Fulham,Nottingham Forest,80,2,1,1,0,1,0,3,62.0,18.0,,,0,3,0,0,0
269,12436948,2025-02-15 15:00:00,Manchester City,Newcastle United,60,3,0,3,0,1,0,3,33.0,27.0,,,1,2,0,0,1
269,12436948,2025-02-15 15:00:00,Manchester City,Newcastle United,65,3,0,3,0,1,0,3,33.0,32.0,,,1,2,0,0,1
269,12436948,2025-02-15 15:00:00,Manchester City,Newcastle United,70,3,0,3,0,1,0,3,33.0,37.0,,,1,2,0,0,1
269,12436948,2025-02-15 15:00:00,Manchester City,Newcastle United,75,3,0,3,0,1,0,3,33.0,42.0,,,1,4,0,0,1
269,12436948,2025-02-15 15:00:00,Manchester City,Newcastle United,80,3,0,3,0,1,0,3,33.0,47.0,,,1,6,0,0,1
271,12436950,2025-02-15 15:00:00,Southampton,Bournemouth,60,0,2,-2,0,0,1,2,16.0,44.0,,,3,3,0,0,1
271,12436950,2025-02-15 15:00:00,Southampton,Bournemouth,65,0,2,-2,0,0,1,2,16.0,49.0,,,3,3,0,0,1
271,12436950,2025-02-15 15:00:00,Southampton,Bournemouth,70,0,2,-2,0,0,1,2,16.0,54.0,,,3,4,0,0,1
271,12436950,2025-02-15 15:00:00,Southampton,Bournemouth,75,1,2,-1,0,0,1,3,72.0,3.0,,,3,4,1,1,1
271,12436950,2025-02-15 15:00:00,Southampton,Bournemouth,80,1,2,-1,0,0,1,3,72.0,8.0,,,4,5,0,1,1
276,12436956,2025-02-15 15:00:00,West Ham United,Brentford,60,0,1,-1,0,0,1,1,4.0,56.0,,,2,4,0,0,0
276,12436956,2025-02-15 15:00:00,West Ham United,Brentford,65,0,1,-1,0,0,1,1,4.0,61.0,,,2,4,0,0,0
276,12436956,2025-02-15 15:00:00,West Ham United,Brentford,70,0,1,-1,0,0,1,1,4.0,66.0,,,2,4,0,0,0
276,12436956,2025-02-15 15:00:00,West Ham United,Brentford,75,0,1,-1,0,0,1,1,4.0,71.0,,,2,6,0,0,0
276,12436956,2025-02-15 15:00:00,West Ham United,Brentford,80,0,1,-1,0,0,1,1,4.0,76.0,,,2,6,0,0,0
260,12436939,2025-02-15 17:30:00,Crystal Palace,Everton,60,1,1,0,1,0,0,2,47.0,13.0,,,0,3,0,0,1
260,12436939,2025-02-15 17:30:00,Crystal Palace,Everton,65,1,1,0,1,0,0,2,47.0,18.0,,,0,3,0,0,1
260,12436939,2025-02-15 17:30:00,Crystal Palace,Everton,70,1,1,0,1,0,0,2,47.0,23.0,,,1,3,0,0,1
260,12436939,2025-02-15 17:30:00,Crystal Palace,Everton,75,1,1,0,1,0,0,2,47.0,28.0,,,1,3,0,0,1
260,12436939,2025-02-15 17:30:00,Crystal Palace,Everton,80,1,2,-1,0,0,1,3,80.0,0.0,,,1,4,1,1,0
266,12436945,2025-02-16 14:00:00,Liverpool FC,Wolverhampton,60,2,0,2,0,1,0,2,37.0,23.0,,,4,3,0,0,1
266,12436945,2025-02-16 14:00:00,Liverpool FC,Wolverhampton,65,2,0,2,0,1,0,2,37.0,28.0,,,4,6,0,0,1
266,12436945,2025-02-16 14:00:00,Liverpool FC,Wolverhampton,70,2,1,1,0,1,0,3,67.0,3.0,,,4,6,1,1,0
266,12436945,2025-02-16 14:00:00,Liverpool FC,Wolverhampton,75,2,1,1,0,1,0,3,67.0,8.0,,,5,7,0,1,0
266,12436945,2025-02-16 14:00:00,Liverpool FC,Wolverhampton,80,2,1,1,0,1,0,3,67.0,13.0,,,5,7,0,0,0
273,12436952,2025-02-16 16:30:00,Tottenham Hotspur,Manchester United,60,1,0,1,0,1,0,1,13.0,47.0,,,1,0,0,0,0
273,12436952,2025-02-16 16:30:00,Tottenham Hotspur,Manchester United,65,1,0,1,0,1,0,1,13.0,52.0,,,1,2,0,0,0
273,12436952,2025-02-16 16:30:00,Tottenham Hotspur,Manchester United,70,1,0,1,0,1,0,1,13.0,57.0,,,1,2,0,0,0
273,12436952,2025-02-16 16:30:00,Tottenham Hotspur,Manchester United,75,1,0,1,0,1,0,1,13.0,62.0,,,1,2,0,0,0
273,12436952,2025-02-16 16:30:00,Tottenham Hotspur,Manchester United,80,1,0,1,0,1,0,1,13.0,67.0,,,2,4,0,0,0
335,12437019,2025-02-19 19:30:00,Aston Villa,Liverpool FC,60,2,1,1,0,1,0,3,45.0,15.0,,,1,0,0,0,1
335,12437019,2025-02-19 19:30:00,Aston Villa,Liverpool FC,65,2,2,0,1,0,0,4,61.0,4.0,,,1,0,1,1,0
335,12437019,2025-02-19 19:30:00,Aston Villa,Liverpool FC,70,2,2,0,1,0,0,4,61.0,9.0,,,1,5,0,1,0
335,12437019,2025-02-19 19:30:00,Aston Villa,Liverpool FC,75,2,2,0,1,0,0,4,61.0,14.0,,,1,5,0,0,0
335,12437019,2025-02-19 19:30:00,Aston Villa,Liverpool FC,80,2,2,0,1,0,0,4,61.0,19.0,,,1,7,0,0,0
187,12436623,2025-02-21 20:00:00,Leicester City,Brentford,60,0,3,-3,0,0,1,3,32.0,28.0,,,3,4,0,0,1
187,12436623,2025-02-21 20:00:00,Leicester City,Brentford,65,0,3,-3,0,0,1,3,32.0,33.0,,,3,4,0,0,1
187,12436623,2025-02-21 20:00:00,Leicester City,Brentford,70,0,3,-3,0,0,1,3,32.0,38.0,,,4,4,0,0,1
187,12436623,2025-02-21 20:00:00,Leicester City,Brentford,75,0,3,-3,0,0,1,3,32.0,43.0,,,4,6,0,0,1
187,12436623,2025-02-21 20:00:00,Leicester City,Brentford,80,0,3,-3,0,0,1,3,32.0,48.0,,,4,7,0,0,1
189,12436625,2025-02-22 12:30:00,Everton,Manchester United,60,2,0,2,0,1,0,2,33.0,27.0,,,1,1,0,0,1
189,12436625,2025-02-22 12:30:00,Everton,Manchester United,65,2,0,2,0,1,0,2,33.0,32.0,,,2,2,0,0,1
189,12436625,2025-02-22 12:30:00,Everton,Manchester United,70,2,0,2,0,1,0,2,33.0,37.0,,,2,4,0,0,1
189,12436625,2025-02-22 12:30:00,Everton,Manchester United,75,2,1,1,0,1,0,3,72.0,3.0,,,2,4,1,1,1
189,12436625,2025-02-22 12:30:00,Everton,Manchester United,80,2,2,0,1,0,0,4,80.0,0.0,,,3,4,1,1,0
188,12436624,2025-02-22 15:00:00,Fulham,Crystal Palace,60,0,1,-1,0,0,1,1,37.0,23.0,,,2,2,0,0,1
188,12436624,2025-02-22 15:00:00,Fulham,Crystal Palace,65,0,1,-1,0,0,1,1,37.0,28.0,,,2,2,0,0,1
188,12436624,2025-02-22 15:00:00,Fulham,Crystal Palace,70,0,2,-2,0,0,1,2,66.0,4.0,,,3,2,1,1,0
188,12436624,2025-02-22 15:00:00,Fulham,Crystal Palace,75,0,2,-2,0,0,1,2,66.0,9.0,,,3,3,0,1,0
188,12436624,2025-02-22 15:00:00,Fulham,Crystal Palace,80,0,2,-2,0,0,1,2,66.0,14.0,,,3,6,0,0,0
193,12436629,2025-02-22 15:00:00,Ipswich Town,Tottenham Hotspur,60,1,2,-1,0,0,1,3,36.0,24.0,,,3,2,0,0,1
193,12436629,2025-02-22 15:00:00,Ipswich Town,Tottenham Hotspur,65,1,2,-1,0,0,1,3,36.0,29.0,,,3,4,0,0,1
193,12436629,2025-02-22 15:00:00,Ipswich Town,Tottenham Hotspur,70,1,2,-1,0,0,1,3,36.0,34.0,,,3,5,0,0,1
193,12436629,2025-02-22 15:00:00,Ipswich Town,Tottenham Hotspur,75,1,2,-1,0,0,1,3,36.0,39.0,,,3,7,0,0,1
193,12436629,2025-02-22 15:00:00,Ipswich Town,Tottenham Hotspur,80,1,3,-2,0,0,1,4,77.0,3.0,,,3,9,1,1,1
278,12436958,2025-02-22 15:00:00,Bournemouth,Wolverhampton,60,0,1,-1,0,0,1,1,36.0,24.0,,,4,3,0,0,0
278,12436958,2025-02-22 15:00:00,Bournemouth,Wolverhampton,65,0,1,-1,0,0,1,1,36.0,29.0,,,4,3,0,0,0
278,12436958,2025-02-22 15:00:00,Bournemouth,Wolverhampton,70,0,1,-1,0,0,1,1,36.0,34.0,,,4,3,0,0,0
278,12436958,2025-02-22 15:00:00,Bournemouth,Wolverhampton,75,0,1,-1,0,0,1,1,36.0,39.0,,,4,5,0,0,0
278,12436958,2025-02-22 15:00:00,Bournemouth,Wolverhampton,80,0,1,-1,0,0,1,1,36.0,44.0,,,4,7,0,0,0
280,12436960,2025-02-22 15:00:00,Arsenal,West Ham United,60,0,1,-1,0,0,1,1,44.0,16.0,,,0,2,0,0,0
280,12436960,2025-02-22 15:00:00,Arsenal,West Ham United,65,0,1,-1,0,0,1,1,44.0,21.0,,,1,3,0,0,0
280,12436960,2025-02-22 15:00:00,Arsenal,West Ham United,70,0,1,-1,0,0,1,1,44.0,26.0,,,1,3,0,0,0
280,12436960,2025-02-22 15:00:00,Arsenal,West Ham United,75,0,1,-1,0,0,1,1,44.0,31.0,,,2,3,0,0,0
280,12436960,2025-02-22 15:00:00,Arsenal,West Ham United,80,0,1,-1,0,0,1,1,44.0,36.0,,,3,3,0,0,0
285,12436965,2025-02-22 15:00:00,Southampton,Brighton & Hove Albion,60,0,2,-2,0,0,1,2,56.0,4.0,,,2,2,1,1,1
285,12436965,2025-02-22 15:00:00,Southampton,Brighton & Hove Albion,65,0,2,-2,0,0,1,2,56.0,9.0,,,2,2,0,1,1
285,12436965,2025-02-22 15:00:00,Southampton,Brighton & Hove Albion,70,0,2,-2,0,0,1,2,56.0,14.0,,,2,4,0,0,1
285,12436965,2025-02-22 15:00:00,Southampton,Brighton & Hove Albion,75,0,3,-3,0,0,1,3,71.0,4.0,,,2,6,1,1,1
285,12436965,2025-02-22 15:00:00,Southampton,Brighton & Hove Albion,80,0,3,-3,0,0,1,3,71.0,9.0,,,2,8,0,1,1
185,12436621,2025-02-22 17:30:00,Aston Villa,Chelsea,60,1,1,0,1,0,0,2,57.0,3.0,,,1,3,1,1,1
185,12436621,2025-02-22 17:30:00,Aston Villa,Chelsea,65,1,1,0,1,0,0,2,57.0,8.0,,,1,3,0,1,1
185,12436621,2025-02-22 17:30:00,Aston Villa,Chelsea,70,1,1,0,1,0,0,2,57.0,13.0,,,2,4,0,0,1
185,12436621,2025-02-22 17:30:00,Aston Villa,Chelsea,75,1,1,0,1,0,0,2,57.0,18.0,,,3,4,0,0,1
185,12436621,2025-02-22 17:30:00,Aston Villa,Chelsea,80,1,1,0,1,0,0,2,57.0,23.0,,,3,7,0,0,1
283,12436963,2025-02-23 14:00:00,Newcastle United,Nottingham Forest,60,4,1,3,0,1,0,5,34.0,26.0,,,3,0,0,0,1
283,12436963,2025-02-23 14:00:00,Newcastle United,Nottingham Forest,65,4,2,2,0,1,0,6,63.0,2.0,,,3,0,1,1,1
283,12436963,2025-02-23 14:00:00,Newcastle United,Nottingham Forest,70,4,2,2,0,1,0,6,63.0,7.0,,,3,2,0,1,1
283,12436963,2025-02-23 14:00:00,Newcastle United,Nottingham Forest,75,4,2,2,0,1,0,6,63.0,12.0,,,4,2,0,0,1
283,12436963,2025-02-23 14:00:00,Newcastle United,Nottingham Forest,80,4,2,2,0,1,0,6,63.0,17.0,,,4,4,0,0,1
191,12436627,2025-02-23 16:30:00,Manchester City,Liverpool FC,60,0,2,-2,0,0,1,2,37.0,23.0,,,0,0,0,0,0
191,12436627,2025-02-23 16:30:00,Manchester City,Liverpool FC,65,0,2,-2,0,0,1,2,37.0,28.0,,,0,0,0,0,0
191,12436627,2025-02-23 16:30:00,Manchester City,Liverpool FC,70,0,2,-2,0,0,1,2,37.0,33.0,,,0,1,0,0,0
191,12436627,2025-02-23 16:30:00,Manchester City,Liverpool FC,75,0,2,-2,0,0,1,2,37.0,38.0,,,0,3,0,0,0
191,12436627,2025-02-23 16:30:00,Manchester City,Liverpool FC,80,0,2,-2,0,0,1,2,37.0,43.0,,,0,7,0,0,0
290,12436970,2025-02-25 19:30:00,Brighton & Hove Albion,Bournemouth,60,1,0,1,0,1,0,1,12.0,48.0,,,2,2,0,0,1
290,12436970,2025-02-25 19:30:00,Brighton & Hove Albion,Bournemouth,65,1,1,0,1,0,0,2,61.0,4.0,,,2,2,1,1,1
290,12436970,2025-02-25 19:30:00,Brighton & Hove Albion,Bournemouth,70,1,1,0,1,0,0,2,61.0,9.0,,,2,2,0,1,1
290,12436970,2025-02-25 19:30:00,Brighton & Hove Albion,Bournemouth,75,2,1,1,0,1,0,3,75.0,0.0,,,2,5,1,1,0
290,12436970,2025-02-25 19:30:00,Brighton & Hove Albion,Bournemouth,80,2,1,1,0,1,0,3,75.0,5.0,,,2,6,0,1,0
299,12436981,2025-02-25 19:30:00,Wolverhampton,Fulham,60,1,2,-1,0,0,1,3,47.0,13.0,,,3,0,0,0,0
299,12436981,2025-02-25 19:30:00,Wolverhampton,Fulham,65,1,2,-1,0,0,1,3,47.0,18.0,,,3,1,0,0,0
299,12436981,2025-02-25 19:30:00,Wolverhampton,Fulham,70,1,2,-1,0,0,1,3,47.0,23.0,,,3,3,0,0,0
299,12436981,2025-02-25 19:30:00,Wolverhampton,Fulham,75,1,2,-1,0,0,1,3,47.0,28.0,,,3,5,0,0,0
299,12436981,2025-02-25 19:30:00,Wolverhampton,Fulham,80,1,2,-1,0,0,1,3,47.0,33.0,,,3,8,0,0,0
301,12436983,2025-02-25 19:30:00,Crystal Palace,Aston Villa,60,2,1,1,0,1,0,3,59.0,1.0,,,2,3,1,1,1
301,12436983,2025-02-25 19:30:00,Crystal Palace,Aston Villa,65,2,1,1,0,1,0,3,59.0,6.0,,,2,3,0,1,1
301,12436983,2025-02-25 19:30:00,Crystal Palace,Aston Villa,70,2,1,1,0,1,0,3,59.0,11.0,,,2,5,0,0,1
301,12436983,2025-02-25 19:30:00,Crystal Palace,Aston Villa,75,3,1,2,0,1,0,4,71.0,4.0,,,2,5,1,1,1
301,12436983,2025-02-25 19:30:00,Crystal Palace,Aston Villa,80,3,1,2,0,1,0,4,71.0,9.0,,,2,7,0,1,1
304,12436986,2025-02-25 20:15:00,Chelsea,Southampton,60,3,0,3,0,1,0,3,44.0,16.0,,,1,3,0,0,1
304,12436986,2025-02-25 20:15:00,Chelsea,Southampton,65,3,0,3,0,1,0,3,44.0,21.0,,,1,3,0,0,1
304,12436986,2025-02-25 20:15:00,Chelsea,Southampton,70,3,0,3,0,1,0,3,44.0,26.0,,,2,5,0,0,1
304,12436986,2025-02-25 20:15:00,Chelsea,Southampton,75,3,0,3,0,1,0,3,44.0,31.0,,,2,5,0,0,1
304,12436986,2025-02-25 20:15:00,Chelsea,Southampton,80,4,0,4,0,1,0,4,78.0,2.0,,,2,5,1,1,0
288,12436968,2025-02-26 19:30:00,Brentford,Everton,60,1,0,1,0,1,0,1,45.0,15.0,,,0,0,0,0,1
288,12436968,2025-02-26 19:30:00,Brentford,Everton,65,1,0,1,0,1,0,1,45.0,20.0,,,0,0,0,0,1
288,12436968,2025-02-26 19:30:00,Brentford,Everton,70,1,0,1,0,1,0,1,45.0,25.0,,,0,0,0,0,1
288,12436968,2025-02-26 19:30:00,Brentford,Everton,75,1,0,1,0,1,0,1,45.0,30.0,,,0,2,0,0,1
288,12436968,2025-02-26 19:30:00,Brentford,Everton,80,1,1,0,1,0,0,2,77.0,3.0,,,1,3,1,1,0
294,12436974,2025-02-26 19:30:00,Nottingham Forest,Arsenal,60,0,0,0,1,0,0,0,,,,,2,1,0,0,0
294,12436974,2025-02-26 19:30:00,Nottingham Forest,Arsenal,65,0,0,0,1,0,0,0,,,,,2,3,0,0,0
294,12436974,2025-02-26 19:30:00,Nottingham Forest,Arsenal,70,0,0,0,1,0,0,0,,,,,2,4,0,0,0
294,12436974,2025-02-26 19:30:00,Nottingham Forest,Arsenal,75,0,0,0,1,0,0,0,,,,,2,4,0,0,0
294,12436974,2025-02-26 19:30:00,Nottingham Forest,Arsenal,80,0,0,0,1,0,0,0,,,,,2,5,0,0,0
295,12436975,2025-02-26 19:30:00,Tottenham Hotspur,Manchester City,60,0,1,-1,0,0,1,1,12.0,48.0,,,2,0,0,0,0
295,12436975,2025-02-26 19:30:00,Tottenham Hotspur,Manchester City,65,0,1,-1,0,0,1,1,12.0,53.0,,,2,0,0,0,0
295,12436975,2025-02-26 19:30:00,Tottenham Hotspur,Manchester City,70,0,1,-1,0,0,1,1,12.0,58.0,,,2,4,0,0,0
295,12436975,2025-02-26 19:30:00,Tottenham Hotspur,Manchester City,75,0,1,-1,0,0,1,1,12.0,63.0,,,2,6,0,0,0
295,12436975,2025-02-26 19:30:00,Tottenham Hotspur,Manchester City,80,0,1,-1,0,0,1,1,12.0,68.0,,,2,6,0,0,0
309,12436991,2025-02-26 19:30:00,Manchester United,Ipswich Town,60,3,2,1,0,1,0,5,47.0,13.0,,,4,1,0,0,0
309,12436991,2025-02-26 19:30:00,Manchester United,Ipswich Town,65,3,2,1,0,1,0,5,47.0,18.0,,,5,1,0,0,0
309,12436991,2025-02-26 19:30:00,Manchester United,Ipswich Town,70,3,2,1,0,1,0,5,47.0,23.0,,,5,4,0,0,0
309,12436991,2025-02-26 19:30:00,Manchester United,Ipswich Town,75,3,2,1,0,1,0,5,47.0,28.0,,,5,4,0,0,0
309,12436991,2025-02-26 19:30:00,Manchester United,Ipswich Town,80,3,2,1,0,1,0,5,47.0,33.0,,,5,6,0,0,0
306,12436988,2025-02-26 20:15:00,Liverpool FC,Newcastle United,60,1,0,1,0,1,0,1,11.0,49.0,,,0,0,0,0,1
306,12436988,2025-02-26 20:15:00,Liverpool FC,Newcastle United,65,2,0,2,0,1,0,2,63.0,2.0,,,0,1,1,1,0
306,12436988,2025-02-26 20:15:00,Liverpool FC,Newcastle United,70,2,0,2,0,1,0,2,63.0,7.0,,,0,5,0,1,0
306,12436988,2025-02-26 20:15:00,Liverpool FC,Newcastle United,75,2,0,2,0,1,0,2,63.0,12.0,,,0,5,0,0,0
306,12436988,2025-02-26 20:15:00,Liverpool FC,Newcastle United,80,2,0,2,0,1,0,2,63.0,17.0,,,1,7,0,0,0
377,13365051,2025-02-27 20:00:00,West Ham United,Leicester City,60,2,0,2,0,1,0,2,43.0,17.0,,,0,0,0,0,0
377,13365051,2025-02-27 20:00:00,West Ham United,Leicester City,65,2,0,2,0,1,0,2,43.0,22.0,,,0,3,0,0,0
377,13365051,2025-02-27 20:00:00,West Ham United,Leicester City,70,2,0,2,0,1,0,2,43.0,27.0,,,0,5,0,0,0
377,13365051,2025-02-27 20:00:00,West Ham United,Leicester City,75,2,0,2,0,1,0,2,43.0,32.0,,,0,6,0,0,0
377,13365051,2025-02-27 20:00:00,West Ham United,Leicester City,80,2,0,2,0,1,0,2,43.0,37.0,,,0,6,0,0,0
324,12437007,2025-03-08 12:30:00,Nottingham Forest,Manchester City,60,0,0,0,1,0,0,0,,,,,3,0,0,0,1
324,12437007,2025-03-08 12:30:00,Nottingham Forest,Manchester City,65,0,0,0,1,0,0,0,,,,,3,2,0,0,1
324,12437007,2025-03-08 12:30:00,Nottingham Forest,Manchester City,70,0,0,0,1,0,0,0,,,,,3,5,0,0,1
324,12437007,2025-03-08 12:30:00,Nottingham Forest,Manchester City,75,0,0,0,1,0,0,0,,,,,3,5,0,0,1
324,12437007,2025-03-08 12:30:00,Nottingham Forest,Manchester City,80,0,0,0,1,0,0,0,,,,,4,6,0,0,1
314,12436996,2025-03-08 15:00:00,Brighton & Hove Albion,Fulham,60,1,1,0,1,0,0,2,41.0,19.0,,,0,0,0,0,1
314,12436996,2025-03-08 15:00:00,Brighton & Hove Albion,Fulham,65,1,1,0,1,0,0,2,41.0,24.0,,,0,0,0,0,1
314,12436996,2025-03-08 15:00:00,Brighton & Hove Albion,Fulham,70,1,1,0,1,0,0,2,41.0,29.0,,,1,2,0,0,1
314,12436996,2025-03-08 15:00:00,Brighton & Hove Albion,Fulham,75,1,1,0,1,0,0,2,41.0,34.0,,,1,2,0,0,1
314,12436996,2025-03-08 15:00:00,Brighton & Hove Albion,Fulham,80,1,1,0,1,0,0,2,41.0,39.0,,,1,4,0,0,1
317,12437000,2025-03-08 15:00:00,Crystal Palace,Ipswich Town,60,0,0,0,1,0,0,0,,,,,4,0,0,0,1
317,12437000,2025-03-08 15:00:00,Crystal Palace,Ipswich Town,65,0,0,0,1,0,0,0,,,,,5,0,0,0,1
317,12437000,2025-03-08 15:00:00,Crystal Palace,Ipswich Town,70,0,0,0,1,0,0,0,,,,,5,2,0,0,1
317,12437000,2025-03-08 15:00:00,Crystal Palace,Ipswich Town,75,0,0,0,1,0,0,0,,,,,5,5,0,0,1
317,12437000,2025-03-08 15:00:00,Crystal Palace,Ipswich Town,80,0,0,0,1,0,0,0,,,,,5,5,0,0,1
320,12437003,2025-03-08 15:00:00,Liverpool FC,Southampton,60,2,1,1,0,1,0,3,55.0,5.0,,,2,4,0,1,1
320,12437003,2025-03-08 15:00:00,Liverpool FC,Southampton,65,2,1,1,0,1,0,3,55.0,10.0,,,2,6,0,0,1
320,12437003,2025-03-08 15:00:00,Liverpool FC,Southampton,70,2,1,1,0,1,0,3,55.0,15.0,,,2,7,0,0,1
320,12437003,2025-03-08 15:00:00,Liverpool FC,Southampton,75,2,1,1,0,1,0,3,55.0,20.0,,,2,8,0,0,1
320,12437003,2025-03-08 15:00:00,Liverpool FC,Southampton,80,2,1,1,0,1,0,3,55.0,25.0,,,2,8,0,0,1
312,12436994,2025-03-08 17:30:00,Brentford,Aston Villa,60,0,1,-1,0,0,1,1,49.0,11.0,,,1,1,0,0,0
312,12436994,2025-03-08 17:30:00,Brentford,Aston Villa,65,0,1,-1,0,0,1,1,49.0,16.0,,,1,2,0,0,0
312,12436994,2025-03-08 17:30:00,Brentford,Aston Villa,70,0,1,-1,0,0,1,1,49.0,21.0,,,2,3,0,0,0
312,12436994,2025-03-08 17:30:00,Brentford,Aston Villa,75,0,1,-1,0,0,1,1,49.0,26.0,,,2,4,0,0,0
312,12436994,2025-03-08 17:30:00,Brentford,Aston Villa,80,0,1,-1,0,0,1,1,49.0,31.0,,,2,4,0,0,0
329,12437012,2025-03-08 20:00:00,Wolverhampton,Everton,60,1,1,0,1,0,0,2,40.0,20.0,,,1,1,0,0,0
329,12437012,2025-03-08 20:00:00,Wolverhampton,Everton,65,1,1,0,1,0,0,2,40.0,25.0,,,2,3,0,0,0
329,12437012,2025-03-08 20:00:00,Wolverhampton,Everton,70,1,1,0,1,0,0,2,40.0,30.0,,,2,3,0,0,0
329,12437012,2025-03-08 20:00:00,Wolverhampton,Everton,75,1,1,0,1,0,0,2,40.0,35.0,,,2,4,0,0,0
329,12437012,2025-03-08 20:00:00,Wolverhampton,Everton,80,1,1,0,1,0,0,2,40.0,40.0,,,3,4,0,0,0
315,12436998,2025-03-09 14:00:00,Chelsea,Leicester City,60,1,0,1,0,1,0,1,60.0,0.0,,,0,0,1,1,0
315,12436998,2025-03-09 14:00:00,Chelsea,Leicester City,65,1,0,1,0,1,0,1,60.0,5.0,,,0,0,0,1,0
315,12436998,2025-03-09 14:00:00,Chelsea,Leicester City,70,1,0,1,0,1,0,1,60.0,10.0,,,0,1,0,0,0
315,12436998,2025-03-09 14:00:00,Chelsea,Leicester City,75,1,0,1,0,1,0,1,60.0,15.0,,,0,4,0,0,0
315,12436998,2025-03-09 14:00:00,Chelsea,Leicester City,80,1,0,1,0,1,0,1,60.0,20.0,,,0,4,0,0,0
326,12437009,2025-03-09 14:00:00,Tottenham Hotspur,Bournemouth,60,0,1,-1,0,0,1,1,42.0,18.0,,,3,2,0,0,1
326,12437009,2025-03-09 14:00:00,Tottenham Hotspur,Bournemouth,65,0,2,-2,0,0,1,2,65.0,0.0,,,3,4,1,1,1
326,12437009,2025-03-09 14:00:00,Tottenham Hotspur,Bournemouth,70,1,2,-1,0,0,1,3,67.0,3.0,,,4,4,1,1,1
326,12437009,2025-03-09 14:00:00,Tottenham Hotspur,Bournemouth,75,1,2,-1,0,0,1,3,67.0,8.0,,,4,6,0,1,1
326,12437009,2025-03-09 14:00:00,Tottenham Hotspur,Bournemouth,80,1,2,-1,0,0,1,3,67.0,13.0,,,4,6,0,0,1
322,12437005,2025-03-09 16:30:00,Manchester United,Arsenal,60,1,0,1,0,1,0,1,45.0,15.0,,,1,3,0,0,1
322,12437005,2025-03-09 16:30:00,Manchester United,Arsenal,65,1,0,1,0,1,0,1,45.0,20.0,,,1,3,0,0,1
322,12437005,2025-03-09 16:30:00,Manchester United,Arsenal,70,1,0,1,0,1,0,1,45.0,25.0,,,1,3,0,0,1
322,12437005,2025-03-09 16:30:00,Manchester United,Arsenal,75,1,1,0,1,0,0,2,74.0,1.0,,,1,3,1,1,0
322,12437005,2025-03-09 16:30:00,Manchester United,Arsenal,80,1,1,0,1,0,0,2,74.0,6.0,,,1,6,0,1,0
327,12437010,2025-03-10 20:00:00,West Ham United,Newcastle United,60,0,0,0,1,0,0,0,,,,,0,0,0,0,1
327,12437010,2025-03-10 20:00:00,West Ham United,Newcastle United,65,0,1,-1,0,0,1,1,63.0,2.0,,,0,3,1,1,0
327,12437010,2025-03-10 20:00:00,West Ham United,Newcastle United,70,0,1,-1,0,0,1,1,63.0,7.0,,,0,4,0,1,0
327,12437010,2025-03-10 20:00:00,West Ham United,Newcastle United,75,0,1,-1,0,0,1,1,63.0,12.0,,,0,4,0,0,0
327,12437010,2025-03-10 20:00:00,West Ham United,Newcastle United,80,0,1,-1,0,0,1,1,63.0,17.0,,,0,6,0,0,0
144,12436578,2025-03-15 15:00:00,Southampton,Wolverhampton,60,0,2,-2,0,0,1,2,47.0,13.0,,,0,1,0,0,1
144,12436578,2025-03-15 15:00:00,Southampton,Wolverhampton,65,0,2,-2,0,0,1,2,47.0,18.0,,,0,1,0,0,1
144,12436578,2025-03-15 15:00:00,Southampton,Wolverhampton,70,0,2,-2,0,0,1,2,47.0,23.0,,,0,4,0,0,1
144,12436578,2025-03-15 15:00:00,Southampton,Wolverhampton,75,1,2,-1,0,0,1,3,75.0,0.0,,,0,4,1,1,0
144,12436578,2025-03-15 15:00:00,Southampton,Wolverhampton,80,1,2,-1,0,0,1,3,75.0,5.0,,,0,5,0,1,0
337,12437021,2025-03-15 15:00:00,Everton,West Ham United,60,0,0,0,1,0,0,0,,,,,1,0,0,0,1
337,12437021,2025-03-15 15:00:00,Everton,West Ham United,65,0,0,0,1,0,0,0,,,,,1,0,0,0,1
337,12437021,2025-03-15 15:00:00,Everton,West Ham United,70,0,1,-1,0,0,1,1,67.0,3.0,,,1,1,1,1,1
337,12437021,2025-03-15 15:00:00,Everton,West Ham United,75,0,1,-1,0,0,1,1,67.0,8.0,,,1,1,0,1,1
337,12437021,2025-03-15 15:00:00,Everton,West Ham United,80,0,1,-1,0,0,1,1,67.0,13.0,,,1,4,0,0,1
341,12437025,2025-03-15 15:00:00,Ipswich Town,Nottingham Forest,60,0,3,-3,0,0,1,3,41.0,19.0,,,1,1,0,0,1
341,12437025,2025-03-15 15:00:00,Ipswich Town,Nottingham Forest,65,0,3,-3,0,0,1,3,41.0,24.0,,,2,1,0,0,1
341,12437025,2025-03-15 15:00:00,Ipswich Town,Nottingham Forest,70,0,3,-3,0,0,1,3,41.0,29.0,,,2,3,0,0,1
341,12437025,2025-03-15 15:00:00,Ipswich Town,Nottingham Forest,75,0,3,-3,0,0,1,3,41.0,34.0,,,2,3,0,0,1
341,12437025,2025-03-15 15:00:00,Ipswich Town,Nottingham Forest,80,0,3,-3,0,0,1,3,41.0,39.0,,,2,7,0,0,1
345,12437029,2025-03-15 15:00:00,Manchester City,Brighton & Hove Albion,60,2,2,0,1,0,0,4,48.0,12.0,,,4,1,0,0,0
345,12437029,2025-03-15 15:00:00,Manchester City,Brighton & Hove Albion,65,2,2,0,1,0,0,4,48.0,17.0,,,5,1,0,0,0
345,12437029,2025-03-15 15:00:00,Manchester City,Brighton & Hove Albion,70,2,2,0,1,0,0,4,48.0,22.0,,,5,1,0,0,0
345,12437029,2025-03-15 15:00:00,Manchester City,Brighton & Hove Albion,75,2,2,0,1,0,0,4,48.0,27.0,,,5,3,0,0,0
345,12437029,2025-03-15 15:00:00,Manchester City,Brighton & Hove Albion,80,2,2,0,1,0,0,4,48.0,32.0,,,5,4,0,0,0
331,12437014,2025-03-15 17:30:00,Bournemouth,Brentford,60,1,1,0,1,0,0,2,30.0,30.0,,,0,0,0,0,1
331,12437014,2025-03-15 17:30:00,Bournemouth,Brentford,65,1,1,0,1,0,0,2,30.0,35.0,,,0,0,0,0,1
331,12437014,2025-03-15 17:30:00,Bournemouth,Brentford,70,1,1,0,1,0,0,2,30.0,40.0,,,1,1,0,0,1
331,12437014,2025-03-15 17:30:00,Bournemouth,Brentford,75,1,2,-1,0,0,1,3,71.0,4.0,,,2,3,1,1,0
331,12437014,2025-03-15 17:30:00,Bournemouth,Brentford,80,1,2,-1,0,0,1,3,71.0,9.0,,,2,5,0,1,0
333,12437017,2025-03-16 13:30:00,Arsenal,Chelsea,60,1,0,1,0,1,0,1,20.0,40.0,,,5,0,0,0,0
333,12437017,2025-03-16 13:30:00,Arsenal,Chelsea,65,1,0,1,0,1,0,1,20.0,45.0,,,6,0,0,0,0
333,12437017,2025-03-16 13:30:00,Arsenal,Chelsea,70,1,0,1,0,1,0,1,20.0,50.0,,,6,0,0,0,0
333,12437017,2025-03-16 13:30:00,Arsenal,Chelsea,75,1,0,1,0,1,0,1,20.0,55.0,,,6,0,0,0,0
333,12437017,2025-03-16 13:30:00,Arsenal,Chelsea,80,1,0,1,0,1,0,1,20.0,60.0,,,6,3,0,0,0
339,12437023,2025-03-16 13:30:00,Fulham,Tottenham Hotspur,60,0,0,0,1,0,0,0,,,,,0,2,0,0,1
339,12437023,2025-03-16 13:30:00,Fulham,Tottenham Hotspur,65,0,0,0,1,0,0,0,,,,,0,4,0,0,1
339,12437023,2025-03-16 13:30:00,Fulham,Tottenham Hotspur,70,0,0,0,1,0,0,0,,,,,0,5,0,0,1
339,12437023,2025-03-16 13:30:00,Fulham,Tottenham Hotspur,75,0,0,0,1,0,0,0,,,,,0,6,0,0,1
339,12437023,2025-03-16 13:30:00,Fulham,Tottenham Hotspur,80,1,0,1,0,1,0,1,78.0,2.0,,,0,7,1,1,1
343,12437027,2025-03-16 19:00:00,Leicester City,Manchester United,60,0,1,-1,0,0,1,1,28.0,32.0,,,1,1,0,0,1
343,12437027,2025-03-16 19:00:00,Leicester City,Manchester United,65,0,1,-1,0,0,1,1,28.0,37.0,,,1,3,0,0,1
343,12437027,2025-03-16 19:00:00,Leicester City,Manchester United,70,0,2,-2,0,0,1,2,67.0,3.0,,,1,6,1,1,1
343,12437027,2025-03-16 19:00:00,Leicester City,Manchester United,75,0,2,-2,0,0,1,2,67.0,8.0,,,1,6,0,1,1
343,12437027,2025-03-16 19:00:00,Leicester City,Manchester United,80,0,2,-2,0,0,1,2,67.0,13.0,,,2,6,0,0,1
146,12436580,2025-04-01 18:45:00,Arsenal,Fulham,60,1,0,1,0,1,0,1,37.0,23.0,,,2,1,0,0,1
146,12436580,2025-04-01 18:45:00,Arsenal,Fulham,65,1,0,1,0,1,0,1,37.0,28.0,,,2,1,0,0,1
146,12436580,2025-04-01 18:45:00,Arsenal,Fulham,70,1,0,1,0,1,0,1,37.0,33.0,,,2,5,0,0,1
146,12436580,2025-04-01 18:45:00,Arsenal,Fulham,75,2,0,2,0,1,0,2,73.0,2.0,,,3,5,1,1,1
146,12436580,2025-04-01 18:45:00,Arsenal,Fulham,80,2,0,2,0,1,0,2,73.0,7.0,,,3,8,0,1,1
165,12436599,2025-04-01 18:45:00,Wolverhampton,West Ham United,60,1,0,1,0,1,0,1,21.0,39.0,,,4,3,0,0,0
165,12436599,2025-04-01 18:45:00,Wolverhampton,West Ham United,65,1,0,1,0,1,0,1,21.0,44.0,,,4,3,0,0,0
165,12436599,2025-04-01 18:45:00,Wolverhampton,West Ham United,70,1,0,1,0,1,0,1,21.0,49.0,,,4,3,0,0,0
165,12436599,2025-04-01 18:45:00,Wolverhampton,West Ham United,75,1,0,1,0,1,0,1,21.0,54.0,,,5,4,0,0,0
165,12436599,2025-04-01 18:45:00,Wolverhampton,West Ham United,80,1,0,1,0,1,0,1,21.0,59.0,,,6,6,0,0,0
157,12436591,2025-04-01 19:00:00,Nottingham Forest,Manchester United,60,1,0,1,0,1,0,1,5.0,55.0,,,1,4,0,0,0
157,12436591,2025-04-01 19:00:00,Nottingham Forest,Manchester United,65,1,0,1,0,1,0,1,5.0,60.0,,,1,4,0,0,0
157,12436591,2025-04-01 19:00:00,Nottingham Forest,Manchester United,70,1,0,1,0,1,0,1,5.0,65.0,,,2,5,0,0,0
157,12436591,2025-04-01 19:00:00,Nottingham Forest,Manchester United,75,1,0,1,0,1,0,1,5.0,70.0,,,3,5,0,0,0
157,12436591,2025-04-01 19:00:00,Nottingham Forest,Manchester United,80,1,0,1,0,1,0,1,5.0,75.0,,,4,6,0,0,0
142,12436576,2025-04-02 18:45:00,Bournemouth,Ipswich Town,60,0,2,-2,0,0,1,2,60.0,0.0,,,0,3,1,1,1
142,12436576,2025-04-02 18:45:00,Bournemouth,Ipswich Town,65,0,2,-2,0,0,1,2,60.0,5.0,,,0,3,0,1,1
142,12436576,2025-04-02 18:45:00,Bournemouth,Ipswich Town,70,1,2,-1,0,0,1,3,67.0,3.0,,,0,3,1,1,0
142,12436576,2025-04-02 18:45:00,Bournemouth,Ipswich Town,75,1,2,-1,0,0,1,3,67.0,8.0,,,1,6,0,1,0
142,12436576,2025-04-02 18:45:00,Bournemouth,Ipswich Town,80,1,2,-1,0,0,1,3,67.0,13.0,,,1,6,0,0,0
150,12436584,2025-04-02 18:45:00,Brighton & Hove Albion,Aston Villa,60,0,1,-1,0,0,1,1,51.0,9.0,,,1,0,0,1,1
150,12436584,2025-04-02 18:45:00,Brighton & Hove Albion,Aston Villa,65,0,1,-1,0,0,1,1,51.0,14.0,,,1,3,0,0,1
150,12436584,2025-04-02 18:45:00,Brighton & Hove Albion,Aston Villa,70,0,1,-1,0,0,1,1,51.0,19.0,,,1,3,0,0,1
150,12436584,2025-04-02 18:45:00,Brighton & Hove Albion,Aston Villa,75,0,1,-1,0,0,1,1,51.0,24.0,,,1,7,0,0,1
150,12436584,2025-04-02 18:45:00,Brighton & Hove Albion,Aston Villa,80,0,2,-2,0,0,1,2,78.0,2.0,,,1,7,1,1,1
154,12436588,2025-04-02 18:45:00,Southampton,Crystal Palace,60,1,0,1,0,1,0,1,20.0,40.0,,,1,3,0,0,1
154,12436588,2025-04-02 18:45:00,Southampton,Crystal Palace,65,1,0,1,0,1,0,1,20.0,45.0,,,2,3,0,0,1
154,12436588,2025-04-02 18:45:00,Southampton,Crystal Palace,70,1,0,1,0,1,0,1,20.0,50.0,,,2,3,0,0,1
154,12436588,2025-04-02 18:45:00,Southampton,Crystal Palace,75,1,0,1,0,1,0,1,20.0,55.0,,,2,4,0,0,1
154,12436588,2025-04-02 18:45:00,Southampton,Crystal Palace,80,1,0,1,0,1,0,1,20.0,60.0,,,2,5,0,0,1
160,12436594,2025-04-02 18:45:00,Manchester City,Leicester City,60,2,0,2,0,1,0,2,29.0,31.0,,,1,3,0,0,0
160,12436594,2025-04-02 18:45:00,Manchester City,Leicester City,65,2,0,2,0,1,0,2,29.0,36.0,,,1,3,0,0,0
160,12436594,2025-04-02 18:45:00,Manchester City,Leicester City,70,2,0,2,0,1,0,2,29.0,41.0,,,1,3,0,0,0
160,12436594,2025-04-02 18:45:00,Manchester City,Leicester City,75,2,0,2,0,1,0,2,29.0,46.0,,,2,3,0,0,0
160,12436594,2025-04-02 18:45:00,Manchester City,Leicester City,80,2,0,2,0,1,0,2,29.0,51.0,,,4,6,0,0,0
166,12436600,2025-04-02 18:45:00,Newcastle United,Brentford,60,1,0,1,0,1,0,1,45.0,15.0,,,0,1,0,0,1
166,12436600,2025-04-02 18:45:00,Newcastle United,Brentford,65,1,0,1,0,1,0,1,45.0,20.0,,,0,1,0,0,1
166,12436600,2025-04-02 18:45:00,Newcastle United,Brentford,70,1,1,0,1,0,0,2,66.0,4.0,,,1,3,1,1,1
166,12436600,2025-04-02 18:45:00,Newcastle United,Brentford,75,2,1,1,0,1,0,3,74.0,1.0,,,2,3,1,1,0
166,12436600,2025-04-02 18:45:00,Newcastle United,Brentford,80,2,1,1,0,1,0,3,74.0,6.0,,,2,3,0,1,0
159,12436593,2025-04-02 19:00:00,Liverpool FC,Everton,60,1,0,1,0,1,0,1,57.0,3.0,,,2,0,1,1,0
159,12436593,2025-04-02 19:00:00,Liverpool FC,Everton,65,1,0,1,0,1,0,1,57.0,8.0,,,3,0,0,1,0
159,12436593,2025-04-02 19:00:00,Liverpool FC,Everton,70,1,0,1,0,1,0,1,57.0,13.0,,,3,1,0,0,0
159,12436593,2025-04-02 19:00:00,Liverpool FC,Everton,75,1,0,1,0,1,0,1,57.0,18.0,,,3,2,0,0,0
159,12436593,2025-04-02 19:00:00,Liverpool FC,Everton,80,1,0,1,0,1,0,1,57.0,23.0,,,3,5,0,0,0
153,12436587,2025-04-03 19:00:00,Chelsea,Tottenham Hotspur,60,1,0,1,0,1,0,1,50.0,10.0,,,2,0,0,0,0
153,12436587,2025-04-03 19:00:00,Chelsea,Tottenham Hotspur,65,1,0,1,0,1,0,1,50.0,15.0,,,2,2,0,0,0
153,12436587,2025-04-03 19:00:00,Chelsea,Tottenham Hotspur,70,1,0,1,0,1,0,1,50.0,20.0,,,3,3,0,0,0
153,12436587,2025-04-03 19:00:00,Chelsea,Tottenham Hotspur,75,1,0,1,0,1,0,1,50.0,25.0,,,5,3,0,0,0
153,12436587,2025-04-03 19:00:00,Chelsea,Tottenham Hotspur,80,1,0,1,0,1,0,1,50.0,30.0,,,6,3,0,0,0
162,12436596,2025-04-05 11:30:00,Everton,Arsenal,60,1,1,0,1,0,0,2,49.0,11.0,,,2,2,0,0,0
162,12436596,2025-04-05 11:30:00,Everton,Arsenal,65,1,1,0,1,0,0,2,49.0,16.0,,,3,5,0,0,0
162,12436596,2025-04-05 11:30:00,Everton,Arsenal,70,1,1,0,1,0,0,2,49.0,21.0,,,3,5,0,0,0
162,12436596,2025-04-05 11:30:00,Everton,Arsenal,75,1,1,0,1,0,0,2,49.0,26.0,,,3,9,0,0,0
162,12436596,2025-04-05 11:30:00,Everton,Arsenal,80,1,1,0,1,0,0,2,49.0,31.0,,,3,9,0,0,0
161,12436595,2025-04-05 14:00:00,Crystal Palace,Brighton & Hove Albion,60,2,1,1,0,1,0,3,55.0,5.0,,,2,0,0,1,0
161,12436595,2025-04-05 14:00:00,Crystal Palace,Brighton & Hove Albion,65,2,1,1,0,1,0,3,55.0,10.0,,,2,3,0,0,0
161,12436595,2025-04-05 14:00:00,Crystal Palace,Brighton & Hove Albion,70,2,1,1,0,1,0,3,55.0,15.0,,,3,4,0,0,0
161,12436595,2025-04-05 14:00:00,Crystal Palace,Brighton & Hove Albion,75,2,1,1,0,1,0,3,55.0,20.0,,,3,6,0,0,0
161,12436595,2025-04-05 14:00:00,Crystal Palace,Brighton & Hove Albion,80,2,1,1,0,1,0,3,55.0,25.0,,,5,6,0,0,0
167,12436601,2025-04-05 14:00:00,Ipswich Town,Wolverhampton,60,1,0,1,0,1,0,1,16.0,44.0,,,1,0,0,0,1
167,12436601,2025-04-05 14:00:00,Ipswich Town,Wolverhampton,65,1,0,1,0,1,0,1,16.0,49.0,,,1,3,0,0,1
167,12436601,2025-04-05 14:00:00,Ipswich Town,Wolverhampton,70,1,0,1,0,1,0,1,16.0,54.0,,,1,3,0,0,1
167,12436601,2025-04-05 14:00:00,Ipswich Town,Wolverhampton,75,1,1,0,1,0,0,2,72.0,3.0,,,2,3,1,1,1
167,12436601,2025-04-05 14:00:00,Ipswich Town,Wolverhampton,80,1,1,0,1,0,0,2,72.0,8.0,,,2,3,0,1,1
169,12436604,2025-04-05 14:00:00,West Ham United,Bournemouth,60,0,1,-1,0,0,1,1,38.0,22.0,,,2,3,0,0,1
169,12436604,2025-04-05 14:00:00,West Ham United,Bournemouth,65,1,1,0,1,0,0,2,61.0,4.0,,,2,3,1,1,1
169,12436604,2025-04-05 14:00:00,West Ham United,Bournemouth,70,2,1,1,0,1,0,3,68.0,2.0,,,2,5,1,1,1
169,12436604,2025-04-05 14:00:00,West Ham United,Bournemouth,75,2,1,1,0,1,0,3,68.0,7.0,,,2,5,0,1,1
169,12436604,2025-04-05 14:00:00,West Ham United,Bournemouth,80,2,2,0,1,0,0,4,79.0,1.0,,,3,7,1,1,0
163,12436597,2025-04-05 16:30:00,Aston Villa,Nottingham Forest,60,2,1,1,0,1,0,3,57.0,3.0,,,2,2,1,1,0
163,12436597,2025-04-05 16:30:00,Aston Villa,Nottingham Forest,65,2,1,1,0,1,0,3,57.0,8.0,,,2,5,0,1,0
163,12436597,2025-04-05 16:30:00,Aston Villa,Nottingham Forest,70,2,1,1,0,1,0,3,57.0,13.0,,,2,5,0,0,0
163,12436597,2025-04-05 16:30:00,Aston Villa,Nottingham Forest,75,2,1,1,0,1,0,3,57.0,18.0,,,3,8,0,0,0
163,12436597,2025-04-05 16:30:00,Aston Villa,Nottingham Forest,80,2,1,1,0,1,0,3,57.0,23.0,,,3,8,0,0,0
155,12436589,2025-04-06 13:00:00,Brentford,Chelsea,60,0,0,0,1,0,0,0,,,,,2,3,0,0,0
155,12436589,2025-04-06 13:00:00,Brentford,Chelsea,65,0,0,0,1,0,0,0,,,,,2,3,0,0,0
155,12436589,2025-04-06 13:00:00,Brentford,Chelsea,70,0,0,0,1,0,0,0,,,,,2,4,0,0,0
155,12436589,2025-04-06 13:00:00,Brentford,Chelsea,75,0,0,0,1,0,0,0,,,,,2,4,0,0,0
155,12436589,2025-04-06 13:00:00,Brentford,Chelsea,80,0,0,0,1,0,0,0,,,,,3,5,0,0,0
164,12436598,2025-04-06 13:00:00,Fulham,Liverpool FC,60,3,1,2,0,1,0,4,37.0,23.0,,,1,2,0,0,1
164,12436598,2025-04-06 13:00:00,Fulham,Liverpool FC,65,3,1,2,0,1,0,4,37.0,28.0,,,1,2,0,0,1
164,12436598,2025-04-06 13:00:00,Fulham,Liverpool FC,70,3,1,2,0,1,0,4,37.0,33.0,,,1,4,0,0,1
164,12436598,2025-04-06 13:00:00,Fulham,Liverpool FC,75,3,2,1,0,1,0,5,72.0,3.0,,,1,4,1,1,0
164,12436598,2025-04-06 13:00:00,Fulham,Liverpool FC,80,3,2,1,0,1,0,5,72.0,8.0,,,1,7,0,1,0
170,12436606,2025-04-06 13:00:00,Tottenham Hotspur,Southampton,60,2,0,2,0,1,0,2,42.0,18.0,,,2,2,0,0,1
170,12436606,2025-04-06 13:00:00,Tottenham Hotspur,Southampton,65,2,0,2,0,1,0,2,42.0,23.0,,,2,4,0,0,1
170,12436606,2025-04-06 13:00:00,Tottenham Hotspur,Southampton,70,2,0,2,0,1,0,2,42.0,28.0,,,2,4,0,0,1
170,12436606,2025-04-06 13:00:00,Tottenham Hotspur,Southampton,75,2,0,2,0,1,0,2,42.0,33.0,,,2,6,0,0,1
170,12436606,2025-04-06 13:00:00,Tottenham Hotspur,Southampton,80,2,0,2,0,1,0,2,42.0,38.0,,,2,8,0,0,1
168,12436602,2025-04-06 15:30:00,Manchester United,Manchester City,60,0,0,0,1,0,0,0,,,,,2,2,0,0,0
168,12436602,2025-04-06 15:30:00,Manchester United,Manchester City,65,0,0,0,1,0,0,0,,,,,2,2,0,0,0
168,12436602,2025-04-06 15:30:00,Manchester United,Manchester City,70,0,0,0,1,0,0,0,,,,,3,2,0,0,0
168,12436602,2025-04-06 15:30:00,Manchester United,Manchester City,75,0,0,0,1,0,0,0,,,,,3,6,0,0,0
168,12436602,2025-04-06 15:30:00,Manchester United,Manchester City,80,0,0,0,1,0,0,0,,,,,4,6,0,0,0
378,13560219,2025-04-07 19:00:00,Leicester City,Newcastle United,60,0,3,-3,0,0,1,3,34.0,26.0,,,2,2,0,0,0
378,13560219,2025-04-07 19:00:00,Leicester City,Newcastle United,65,0,3,-3,0,0,1,3,34.0,31.0,,,2,4,0,0,0
378,13560219,2025-04-07 19:00:00,Leicester City,Newcastle United,70,0,3,-3,0,0,1,3,34.0,36.0,,,2,4,0,0,0
378,13560219,2025-04-07 19:00:00,Leicester City,Newcastle United,75,0,3,-3,0,0,1,3,34.0,41.0,,,2,8,0,0,0
378,13560219,2025-04-07 19:00:00,Leicester City,Newcastle United,80,0,3,-3,0,0,1,3,34.0,46.0,,,2,8,0,0,0
174,12436610,2025-04-12 11:30:00,Manchester City,Crystal Palace,60,4,2,2,0,1,0,6,56.0,4.0,,,3,1,1,1,1
174,12436610,2025-04-12 11:30:00,Manchester City,Crystal Palace,65,4,2,2,0,1,0,6,56.0,9.0,,,3,3,0,1,1
174,12436610,2025-04-12 11:30:00,Manchester City,Crystal Palace,70,4,2,2,0,1,0,6,56.0,14.0,,,4,3,0,0,1
174,12436610,2025-04-12 11:30:00,Manchester City,Crystal Palace,75,4,2,2,0,1,0,6,56.0,19.0,,,4,4,0,0,1
174,12436610,2025-04-12 11:30:00,Manchester City,Crystal Palace,80,5,2,3,0,1,0,7,79.0,1.0,,,4,6,1,1,0
171,12436607,2025-04-12 14:00:00,Brighton & Hove Albion,Leicester City,60,2,1,1,0,1,0,3,55.0,5.0,,,4,0,0,1,1
171,12436607,2025-04-12 14:00:00,Brighton & Hove Albion,Leicester City,65,2,1,1,0,1,0,3,55.0,10.0,,,5,3,0,0,1
171,12436607,2025-04-12 14:00:00,Brighton & Hove Albion,Leicester City,70,2,1,1,0,1,0,3,55.0,15.0,,,6,5,0,0,1
171,12436607,2025-04-12 14:00:00,Brighton & Hove Albion,Leicester City,75,2,2,0,1,0,0,4,74.0,1.0,,,7,5,1,1,0
171,12436607,2025-04-12 14:00:00,Brighton & Hove Albion,Leicester City,80,2,2,0,1,0,0,4,74.0,6.0,,,7,5,0,1,0
177,12436613,2025-04-12 14:00:00,Nottingham Forest,Everton,60,0,0,0,1,0,0,0,,,,,2,1,0,0,1
177,12436613,2025-04-12 14:00:00,Nottingham Forest,Everton,65,0,0,0,1,0,0,0,,,,,2,2,0,0,1
177,12436613,2025-04-12 14:00:00,Nottingham Forest,Everton,70,0,0,0,1,0,0,0,,,,,2,3,0,0,1
177,12436613,2025-04-12 14:00:00,Nottingham Forest,Everton,75,0,0,0,1,0,0,0,,,,,2,4,0,0,1
177,12436613,2025-04-12 14:00:00,Nottingham Forest,Everton,80,0,0,0,1,0,0,0,,,,,2,4,0,0,1
178,12436614,2025-04-12 14:00:00,Southampton,Aston Villa,60,0,0,0,1,0,0,0,,,,,1,1,0,0,1
178,12436614,2025-04-12 14:00:00,Southampton,Aston Villa,65,0,0,0,1,0,0,0,,,,,1,3,0,0,1
178,12436614,2025-04-12 14:00:00,Southampton,Aston Villa,70,0,0,0,1,0,0,0,,,,,2,5,0,0,1
178,12436614,2025-04-12 14:00:00,Southampton,Aston Villa,75,0,1,-1,0,0,1,1,73.0,2.0,,,2,5,1,1,1
178,12436614,2025-04-12 14:00:00,Southampton,Aston Villa,80,0,2,-2,0,0,1,2,79.0,1.0,,,2,5,1,1,1
172,12436608,2025-04-12 16:30:00,Arsenal,Brentford,60,0,0,0,1,0,0,0,,,,,2,0,0,0,1
172,12436608,2025-04-12 16:30:00,Arsenal,Brentford,65,1,0,1,0,1,0,1,61.0,4.0,,,2,3,1,1,1
172,12436608,2025-04-12 16:30:00,Arsenal,Brentford,70,1,0,1,0,1,0,1,61.0,9.0,,,2,6,0,1,1
172,12436608,2025-04-12 16:30:00,Arsenal,Brentford,75,1,1,0,1,0,0,2,74.0,1.0,,,2,7,1,1,0
172,12436608,2025-04-12 16:30:00,Arsenal,Brentford,80,1,1,0,1,0,0,2,74.0,6.0,,,3,8,0,1,0
173,12436609,2025-04-13 13:00:00,Chelsea,Ipswich Town,60,1,2,-1,0,0,1,3,46.0,14.0,,,1,1,0,0,1
173,12436609,2025-04-13 13:00:00,Chelsea,Ipswich Town,65,1,2,-1,0,0,1,3,46.0,19.0,,,1,2,0,0,1
173,12436609,2025-04-13 13:00:00,Chelsea,Ipswich Town,70,1,2,-1,0,0,1,3,46.0,24.0,,,2,3,0,0,1
173,12436609,2025-04-13 13:00:00,Chelsea,Ipswich Town,75,1,2,-1,0,0,1,3,46.0,29.0,,,2,5,0,0,1
173,12436609,2025-04-13 13:00:00,Chelsea,Ipswich Town,80,2,2,0,1,0,0,4,79.0,1.0,,,2,7,1,1,0
176,12436612,2025-04-13 13:00:00,Liverpool FC,West Ham United,60,1,0,1,0,1,0,1,18.0,42.0,,,0,3,0,0,1
176,12436612,2025-04-13 13:00:00,Liverpool FC,West Ham United,65,1,0,1,0,1,0,1,18.0,47.0,,,0,3,0,0,1
176,12436612,2025-04-13 13:00:00,Liverpool FC,West Ham United,70,1,0,1,0,1,0,1,18.0,52.0,,,0,5,0,0,1
176,12436612,2025-04-13 13:00:00,Liverpool FC,West Ham United,75,1,0,1,0,1,0,1,18.0,57.0,,,0,5,0,0,1
176,12436612,2025-04-13 13:00:00,Liverpool FC,West Ham United,80,1,0,1,0,1,0,1,18.0,62.0,,,0,7,0,0,1
181,12436617,2025-04-13 13:00:00,Wolverhampton,Tottenham Hotspur,60,2,1,1,0,1,0,3,59.0,1.0,,,1,4,1,1,1
181,12436617,2025-04-13 13:00:00,Wolverhampton,Tottenham Hotspur,65,3,1,2,0,1,0,4,64.0,1.0,,,1,4,1,1,1
181,12436617,2025-04-13 13:00:00,Wolverhampton,Tottenham Hotspur,70,3,1,2,0,1,0,4,64.0,6.0,,,2,6,0,1,1
181,12436617,2025-04-13 13:00:00,Wolverhampton,Tottenham Hotspur,75,3,1,2,0,1,0,4,64.0,11.0,,,2,8,0,0,1
181,12436617,2025-04-13 13:00:00,Wolverhampton,Tottenham Hotspur,80,3,1,2,0,1,0,4,64.0,16.0,,,2,8,0,0,1
175,12436611,2025-04-13 15:30:00,Newcastle United,Manchester United,60,2,1,1,0,1,0,3,49.0,11.0,,,2,3,0,0,1
175,12436611,2025-04-13 15:30:00,Newcastle United,Manchester United,65,3,1,2,0,1,0,4,64.0,1.0,,,2,3,1,1,1
175,12436611,2025-04-13 15:30:00,Newcastle United,Manchester United,70,3,1,2,0,1,0,4,64.0,6.0,,,2,3,0,1,1
175,12436611,2025-04-13 15:30:00,Newcastle United,Manchester United,75,3,1,2,0,1,0,4,64.0,11.0,,,2,3,0,0,1
175,12436611,2025-04-13 15:30:00,Newcastle United,Manchester United,80,4,1,3,0,1,0,5,77.0,3.0,,,2,7,1,1,0
379,13560222,2025-04-14 19:00:00,Bournemouth,Fulham,60,1,0,1,0,1,0,1,1.0,59.0,,,1,4,0,0,0
379,13560222,2025-04-14 19:00:00,Bournemouth,Fulham,65,1,0,1,0,1,0,1,1.0,64.0,,,2,5,0,0,0
379,13560222,2025-04-14 19:00:00,Bournemouth,Fulham,70,1,0,1,0,1,0,1,1.0,69.0,,,3,6,0,0,0
379,13560222,2025-04-14 19:00:00,Bournemouth,Fulham,75,1,0,1,0,1,0,1,1.0,74.0,,,3,6,0,0,0
379,13560222,2025-04-14 19:00:00,Bournemouth,Fulham,80,1,0,1,0,1,0,1,1.0,79.0,,,3,6,0,0,0
347,12437031,2025-04-16 18:30:00,Newcastle United,Crystal Palace,60,5,0,5,0,1,0,5,58.0,2.0,,,3,3,1,1,0
347,12437031,2025-04-16 18:30:00,Newcastle United,Crystal Palace,65,5,0,5,0,1,0,5,58.0,7.0,,,3,5,0,1,0
347,12437031,2025-04-16 18:30:00,Newcastle United,Crystal Palace,70,5,0,5,0,1,0,5,58.0,12.0,,,4,5,0,0,0
347,12437031,2025-04-16 18:30:00,Newcastle United,Crystal Palace,75,5,0,5,0,1,0,5,58.0,17.0,,,4,7,0,0,0
347,12437031,2025-04-16 18:30:00,Newcastle United,Crystal Palace,80,5,0,5,0,1,0,5,58.0,22.0,,,5,9,0,0,0
121,12436554,2025-04-19 14:00:00,West Ham United,Southampton,60,1,0,1,0,1,0,1,47.0,13.0,,,2,0,0,0,1
121,12436554,2025-04-19 14:00:00,West Ham United,Southampton,65,1,0,1,0,1,0,1,47.0,18.0,,,2,0,0,0,1
121,12436554,2025-04-19 14:00:00,West Ham United,Southampton,70,1,0,1,0,1,0,1,47.0,23.0,,,2,1,0,0,1
121,12436554,2025-04-19 14:00:00,West Ham United,Southampton,75,1,0,1,0,1,0,1,47.0,28.0,,,2,3,0,0,1
121,12436554,2025-04-19 14:00:00,West Ham United,Southampton,80,1,0,1,0,1,0,1,47.0,33.0,,,2,5,0,0,1
180,12436616,2025-04-19 14:00:00,Crystal Palace,Bournemouth,60,0,0,0,1,0,0,0,,,,,7,2,0,0,0
180,12436616,2025-04-19 14:00:00,Crystal Palace,Bournemouth,65,0,0,0,1,0,0,0,,,,,7,3,0,0,0
180,12436616,2025-04-19 14:00:00,Crystal Palace,Bournemouth,70,0,0,0,1,0,0,0,,,,,7,4,0,0,0
180,12436616,2025-04-19 14:00:00,Crystal Palace,Bournemouth,75,0,0,0,1,0,0,0,,,,,8,6,0,0,0
180,12436616,2025-04-19 14:00:00,Crystal Palace,Bournemouth,80,0,0,0,1,0,0,0,,,,,8,6,0,0,0
183,12436619,2025-04-19 14:00:00,Brentford,Brighton & Hove Albion,60,3,1,2,0,1,0,4,58.0,2.0,,,2,0,1,1,1
183,12436619,2025-04-19 14:00:00,Brentford,Brighton & Hove Albion,65,3,1,2,0,1,0,4,58.0,7.0,,,3,2,0,1,1
183,12436619,2025-04-19 14:00:00,Brentford,Brighton & Hove Albion,70,3,1,2,0,1,0,4,58.0,12.0,,,3,3,0,0,1
183,12436619,2025-04-19 14:00:00,Brentford,Brighton & Hove Albion,75,3,1,2,0,1,0,4,58.0,17.0,,,3,3,0,0,1
183,12436619,2025-04-19 14:00:00,Brentford,Brighton & Hove Albion,80,3,1,2,0,1,0,4,58.0,22.0,,,3,7,0,0,1
192,12436628,2025-04-19 14:00:00,Everton,Manchester City,60,0,0,0,1,0,0,0,,,,,1,1,0,0,1
192,12436628,2025-04-19 14:00:00,Everton,Manchester City,65,0,0,0,1,0,0,0,,,,,2,2,0,0,1
192,12436628,2025-04-19 14:00:00,Everton,Manchester City,70,0,0,0,1,0,0,0,,,,,2,2,0,0,1
192,12436628,2025-04-19 14:00:00,Everton,Manchester City,75,0,0,0,1,0,0,0,,,,,2,2,0,0,1
192,12436628,2025-04-19 14:00:00,Everton,Manchester City,80,0,0,0,1,0,0,0,,,,,2,7,0,0,1
179,12436615,2025-04-19 16:30:00,Aston Villa,Newcastle United,60,1,1,0,1,0,0,2,18.0,42.0,,,2,0,0,0,1
179,12436615,2025-04-19 16:30:00,Aston Villa,Newcastle United,65,2,1,1,0,1,0,3,64.0,1.0,,,3,1,1,1,1
179,12436615,2025-04-19 16:30:00,Aston Villa,Newcastle United,70,2,1,1,0,1,0,3,64.0,6.0,,,3,1,0,1,1
179,12436615,2025-04-19 16:30:00,Aston Villa,Newcastle United,75,4,1,3,0,1,0,5,75.0,0.0,,,3,3,1,1,0
179,12436615,2025-04-19 16:30:00,Aston Villa,Newcastle United,80,4,1,3,0,1,0,5,75.0,5.0,,,3,6,0,1,0
182,12436618,2025-04-20 13:00:00,Fulham,Chelsea,60,1,0,1,0,1,0,1,20.0,40.0,,,3,2,0,0,1
182,12436618,2025-04-20 13:00:00,Fulham,Chelsea,65,1,0,1,0,1,0,1,20.0,45.0,,,3,2,0,0,1
182,12436618,2025-04-20 13:00:00,Fulham,Chelsea,70,1,0,1,0,1,0,1,20.0,50.0,,,3,2,0,0,1
182,12436618,2025-04-20 13:00:00,Fulham,Chelsea,75,1,0,1,0,1,0,1,20.0,55.0,,,3,3,0,0,1
182,12436618,2025-04-20 13:00:00,Fulham,Chelsea,80,1,0,1,0,1,0,1,20.0,60.0,,,4,6,0,0,1
184,12436620,2025-04-20 13:00:00,Ipswich Town,Arsenal,60,0,2,-2,0,0,1,2,28.0,32.0,,,1,4,0,0,1
184,12436620,2025-04-20 13:00:00,Ipswich Town,Arsenal,65,0,2,-2,0,0,1,2,28.0,37.0,,,1,4,0,0,1
184,12436620,2025-04-20 13:00:00,Ipswich Town,Arsenal,70,0,3,-3,0,0,1,3,69.0,1.0,,,1,4,1,1,1
184,12436620,2025-04-20 13:00:00,Ipswich Town,Arsenal,75,0,3,-3,0,0,1,3,69.0,6.0,,,1,6,0,1,1
184,12436620,2025-04-20 13:00:00,Ipswich Town,Arsenal,80,0,3,-3,0,0,1,3,69.0,11.0,,,1,6,0,0,1
186,12436622,2025-04-20 13:00:00,Manchester United,Wolverhampton,60,0,0,0,1,0,0,0,,,,,3,3,0,0,1
186,12436622,2025-04-20 13:00:00,Manchester United,Wolverhampton,65,0,0,0,1,0,0,0,,,,,3,3,0,0,1
186,12436622,2025-04-20 13:00:00,Manchester United,Wolverhampton,70,0,0,0,1,0,0,0,,,,,3,4,0,0,1
186,12436622,2025-04-20 13:00:00,Manchester United,Wolverhampton,75,0,0,0,1,0,0,0,,,,,3,6,0,0,1
186,12436622,2025-04-20 13:00:00,Manchester United,Wolverhampton,80,0,1,-1,0,0,1,1,77.0,3.0,,,5,7,1,1,0
190,12436626,2025-04-20 15:30:00,Leicester City,Liverpool FC,60,0,0,0,1,0,0,0,,,,,0,1,0,0,1
190,12436626,2025-04-20 15:30:00,Leicester City,Liverpool FC,65,0,0,0,1,0,0,0,,,,,1,3,0,0,1
190,12436626,2025-04-20 15:30:00,Leicester City,Liverpool FC,70,0,0,0,1,0,0,0,,,,,2,3,0,0,1
190,12436626,2025-04-20 15:30:00,Leicester City,Liverpool FC,75,0,0,0,1,0,0,0,,,,,2,5,0,0,1
190,12436626,2025-04-20 15:30:00,Leicester City,Liverpool FC,80,0,1,-1,0,0,1,1,76.0,4.0,,,3,5,1,1,0
104,12436537,2025-04-21 19:00:00,Tottenham Hotspur,Nottingham Forest,60,0,2,-2,0,0,1,2,16.0,44.0,,,1,5,0,0,1
104,12436537,2025-04-21 19:00:00,Tottenham Hotspur,Nottingham Forest,65,0,2,-2,0,0,1,2,16.0,49.0,,,2,5,0,0,1
104,12436537,2025-04-21 19:00:00,Tottenham Hotspur,Nottingham Forest,70,0,2,-2,0,0,1,2,16.0,54.0,,,2,7,0,0,1
104,12436537,2025-04-21 19:00:00,Tottenham Hotspur,Nottingham Forest,75,0,2,-2,0,0,1,2,16.0,59.0,,,2,7,0,0,1
104,12436537,2025-04-21 19:00:00,Tottenham Hotspur,Nottingham Forest,80,0,2,-2,0,0,1,2,16.0,64.0,,,2,8,0,0,1
118,12436551,2025-04-22 19:00:00,Manchester City,Aston Villa,60,1,1,0,1,0,0,2,18.0,42.0,,,3,0,0,0,1
118,12436551,2025-04-22 19:00:00,Manchester City,Aston Villa,65,1,1,0,1,0,0,2,18.0,47.0,,,3,2,0,0,1
118,12436551,2025-04-22 19:00:00,Manchester City,Aston Villa,70,1,1,0,1,0,0,2,18.0,52.0,,,4,2,0,0,1
118,12436551,2025-04-22 19:00:00,Manchester City,Aston Villa,75,1,1,0,1,0,0,2,18.0,57.0,,,4,3,0,0,1
118,12436551,2025-04-22 19:00:00,Manchester City,Aston Villa,80,1,1,0,1,0,0,2,18.0,62.0,,,5,5,0,0,1
114,12436547,2025-04-23 19:00:00,Arsenal,Crystal Palace,60,2,1,1,0,1,0,3,42.0,18.0,,,2,1,0,0,1
114,12436547,2025-04-23 19:00:00,Arsenal,Crystal Palace,65,2,1,1,0,1,0,3,42.0,23.0,,,2,3,0,0,1
114,12436547,2025-04-23 19:00:00,Arsenal,Crystal Palace,70,2,1,1,0,1,0,3,42.0,28.0,,,2,3,0,0,1
114,12436547,2025-04-23 19:00:00,Arsenal,Crystal Palace,75,2,1,1,0,1,0,3,42.0,33.0,,,2,3,0,0,1
114,12436547,2025-04-23 19:00:00,Arsenal,Crystal Palace,80,2,1,1,0,1,0,3,42.0,38.0,,,2,5,0,0,1
117,12436550,2025-04-26 11:30:00,Chelsea,Everton,60,1,0,1,0,1,0,1,27.0,33.0,,,0,1,0,0,0
117,12436550,2025-04-26 11:30:00,Chelsea,Everton,65,1,0,1,0,1,0,1,27.0,38.0,,,0,4,0,0,0
117,12436550,2025-04-26 11:30:00,Chelsea,Everton,70,1,0,1,0,1,0,1,27.0,43.0,,,0,5,0,0,0
117,12436550,2025-04-26 11:30:00,Chelsea,Everton,75,1,0,1,0,1,0,1,27.0,48.0,,,0,5,0,0,0
117,12436550,2025-04-26 11:30:00,Chelsea,Everton,80,1,0,1,0,1,0,1,27.0,53.0,,,0,6,0,0,0
106,12436539,2025-04-26 14:00:00,Southampton,Fulham,60,1,0,1,0,1,0,1,14.0,46.0,,,0,2,0,0,1
106,12436539,2025-04-26 14:00:00,Southampton,Fulham,65,1,0,1,0,1,0,1,14.0,51.0,,,0,2,0,0,1
106,12436539,2025-04-26 14:00:00,Southampton,Fulham,70,1,0,1,0,1,0,1,14.0,56.0,,,2,4,0,0,1
106,12436539,2025-04-26 14:00:00,Southampton,Fulham,75,1,1,0,1,0,0,2,72.0,3.0,,,2,4,1,1,1
106,12436539,2025-04-26 14:00:00,Southampton,Fulham,80,1,1,0,1,0,0,2,72.0,8.0,,,2,5,0,1,1
112,12436545,2025-04-26 14:00:00,Newcastle United,Ipswich Town,60,2,0,2,0,1,0,2,56.0,4.0,,,4,1,1,1,1
112,12436545,2025-04-26 14:00:00,Newcastle United,Ipswich Town,65,2,0,2,0,1,0,2,56.0,9.0,,,5,1,0,1,1
112,12436545,2025-04-26 14:00:00,Newcastle United,Ipswich Town,70,2,0,2,0,1,0,2,56.0,14.0,,,5,3,0,0,1
112,12436545,2025-04-26 14:00:00,Newcastle United,Ipswich Town,75,2,0,2,0,1,0,2,56.0,19.0,,,5,5,0,0,1
112,12436545,2025-04-26 14:00:00,Newcastle United,Ipswich Town,80,3,0,3,0,1,0,3,80.0,0.0,,,5,7,1,1,0
113,12436546,2025-04-26 14:00:00,Brighton & Hove Albion,West Ham United,60,1,1,0,1,0,0,2,48.0,12.0,,,1,1,0,0,1
113,12436546,2025-04-26 14:00:00,Brighton & Hove Albion,West Ham United,65,1,1,0,1,0,0,2,48.0,17.0,,,1,3,0,0,1
113,12436546,2025-04-26 14:00:00,Brighton & Hove Albion,West Ham United,70,1,1,0,1,0,0,2,48.0,22.0,,,1,3,0,0,1
113,12436546,2025-04-26 14:00:00,Brighton & Hove Albion,West Ham United,75,1,1,0,1,0,0,2,48.0,27.0,,,1,3,0,0,1
113,12436546,2025-04-26 14:00:00,Brighton & Hove Albion,West Ham United,80,1,1,0,1,0,0,2,48.0,32.0,,,2,3,0,0,1
124,12436558,2025-04-26 14:00:00,Wolverhampton,Leicester City,60,2,0,2,0,1,0,2,56.0,4.0,,,2,4,1,1,1
124,12436558,2025-04-26 14:00:00,Wolverhampton,Leicester City,65,2,0,2,0,1,0,2,56.0,9.0,,,4,4,0,1,1
124,12436558,2025-04-26 14:00:00,Wolverhampton,Leicester City,70,2,0,2,0,1,0,2,56.0,14.0,,,4,4,0,0,1
124,12436558,2025-04-26 14:00:00,Wolverhampton,Leicester City,75,2,0,2,0,1,0,2,56.0,19.0,,,4,4,0,0,1
124,12436558,2025-04-26 14:00:00,Wolverhampton,Leicester City,80,2,0,2,0,1,0,2,56.0,24.0,,,4,6,0,0,1
102,12436535,2025-04-27 13:00:00,Bournemouth,Manchester United,60,1,0,1,0,1,0,1,23.0,37.0,,,2,0,0,0,1
102,12436535,2025-04-27 13:00:00,Bournemouth,Manchester United,65,1,0,1,0,1,0,1,23.0,42.0,,,4,2,0,0,1
102,12436535,2025-04-27 13:00:00,Bournemouth,Manchester United,70,1,0,1,0,1,0,1,23.0,47.0,,,6,3,0,0,1
102,12436535,2025-04-27 13:00:00,Bournemouth,Manchester United,75,1,0,1,0,1,0,1,23.0,52.0,,,6,6,0,0,1
102,12436535,2025-04-27 13:00:00,Bournemouth,Manchester United,80,1,0,1,0,1,0,1,23.0,57.0,,,7,6,0,0,1
111,12436544,2025-04-27 15:30:00,Liverpool FC,Tottenham Hotspur,60,3,1,2,0,1,0,4,34.0,26.0,,,1,2,0,0,1
111,12436544,2025-04-27 15:30:00,Liverpool FC,Tottenham Hotspur,65,4,1,3,0,1,0,5,63.0,2.0,,,1,2,1,1,1
111,12436544,2025-04-27 15:30:00,Liverpool FC,Tottenham Hotspur,70,5,1,4,0,1,0,6,69.0,1.0,,,1,6,1,1,0
111,12436544,2025-04-27 15:30:00,Liverpool FC,Tottenham Hotspur,75,5,1,4,0,1,0,6,69.0,6.0,,,1,6,0,1,0
111,12436544,2025-04-27 15:30:00,Liverpool FC,Tottenham Hotspur,80,5,1,4,0,1,0,6,69.0,11.0,,,1,8,0,0,0
119,12436552,2025-05-01 18:30:00,Nottingham Forest,Brentford,60,0,1,-1,0,0,1,1,44.0,16.0,,,5,2,0,0,1
119,12436552,2025-05-01 18:30:00,Nottingham Forest,Brentford,65,0,1,-1,0,0,1,1,44.0,21.0,,,7,3,0,0,1
119,12436552,2025-05-01 18:30:00,Nottingham Forest,Brentford,70,0,2,-2,0,0,1,2,70.0,0.0,,,7,4,1,1,0
119,12436552,2025-05-01 18:30:00,Nottingham Forest,Brentford,75,0,2,-2,0,0,1,2,70.0,5.0,,,7,6,0,1,0
119,12436552,2025-05-01 18:30:00,Nottingham Forest,Brentford,80,0,2,-2,0,0,1,2,70.0,10.0,,,7,6,0,0,0
128,12436562,2025-05-02 19:00:00,Manchester City,Wolverhampton,60,1,0,1,0,1,0,1,35.0,25.0,,,0,1,0,0,0
128,12436562,2025-05-02 19:00:00,Manchester City,Wolverhampton,65,1,0,1,0,1,0,1,35.0,30.0,,,0,2,0,0,0
128,12436562,2025-05-02 19:00:00,Manchester City,Wolverhampton,70,1,0,1,0,1,0,1,35.0,35.0,,,0,3,0,0,0
128,12436562,2025-05-02 19:00:00,Manchester City,Wolverhampton,75,1,0,1,0,1,0,1,35.0,40.0,,,0,3,0,0,0
128,12436562,2025-05-02 19:00:00,Manchester City,Wolverhampton,80,1,0,1,0,1,0,1,35.0,45.0,,,0,4,0,0,0
120,12436553,2025-05-03 11:30:00,Aston Villa,Fulham,60,1,0,1,0,1,0,1,12.0,48.0,,,4,2,0,0,0
120,12436553,2025-05-03 11:30:00,Aston Villa,Fulham,65,1,0,1,0,1,0,1,12.0,53.0,,,4,3,0,0,0
120,12436553,2025-05-03 11:30:00,Aston Villa,Fulham,70,1,0,1,0,1,0,1,12.0,58.0,,,5,5,0,0,0
120,12436553,2025-05-03 11:30:00,Aston Villa,Fulham,75,1,0,1,0,1,0,1,12.0,63.0,,,5,8,0,0,0
120,12436553,2025-05-03 11:30:00,Aston Villa,Fulham,80,1,0,1,0,1,0,1,12.0,68.0,,,5,9,0,0,0
137,12436571,2025-05-03 14:00:00,Leicester City,Southampton,60,2,0,2,0,1,0,2,44.0,16.0,,,1,4,0,0,0
137,12436571,2025-05-03 14:00:00,Leicester City,Southampton,65,2,0,2,0,1,0,2,44.0,21.0,,,1,4,0,0,0
137,12436571,2025-05-03 14:00:00,Leicester City,Southampton,70,2,0,2,0,1,0,2,44.0,26.0,,,3,5,0,0,0
137,12436571,2025-05-03 14:00:00,Leicester City,Southampton,75,2,0,2,0,1,0,2,44.0,31.0,,,4,5,0,0,0
137,12436571,2025-05-03 14:00:00,Leicester City,Southampton,80,2,0,2,0,1,0,2,44.0,36.0,,,4,6,0,0,0
138,12436572,2025-05-03 14:00:00,Everton,Ipswich Town,60,2,1,1,0,1,0,3,41.0,19.0,,,3,0,0,0,1
138,12436572,2025-05-03 14:00:00,Everton,Ipswich Town,65,2,1,1,0,1,0,3,41.0,24.0,,,5,0,0,0,1
138,12436572,2025-05-03 14:00:00,Everton,Ipswich Town,70,2,1,1,0,1,0,3,41.0,29.0,,,5,3,0,0,1
138,12436572,2025-05-03 14:00:00,Everton,Ipswich Town,75,2,1,1,0,1,0,3,41.0,34.0,,,5,3,0,0,1
138,12436572,2025-05-03 14:00:00,Everton,Ipswich Town,80,2,2,0,1,0,0,4,79.0,1.0,,,7,5,1,1,0
110,12436543,2025-05-03 16:30:00,Arsenal,Bournemouth,60,1,0,1,0,1,0,1,34.0,26.0,,,1,0,0,0,1
110,12436543,2025-05-03 16:30:00,Arsenal,Bournemouth,65,1,0,1,0,1,0,1,34.0,31.0,,,2,2,0,0,1
110,12436543,2025-05-03 16:30:00,Arsenal,Bournemouth,70,1,1,0,1,0,0,2,67.0,3.0,,,2,2,1,1,1
110,12436543,2025-05-03 16:30:00,Arsenal,Bournemouth,75,1,2,-1,0,0,1,3,75.0,0.0,,,2,4,1,1,0
110,12436543,2025-05-03 16:30:00,Arsenal,Bournemouth,80,1,2,-1,0,0,1,3,75.0,5.0,,,2,4,0,1,0
126,12436560,2025-05-04 13:00:00,Brentford,Manchester United,60,2,1,1,0,1,0,3,33.0,27.0,,,2,4,0,0,1
126,12436560,2025-05-04 13:00:00,Brentford,Manchester United,65,2,1,1,0,1,0,3,33.0,32.0,,,2,4,0,0,1
126,12436560,2025-05-04 13:00:00,Brentford,Manchester United,70,3,1,2,0,1,0,4,70.0,0.0,,,2,5,1,1,1
126,12436560,2025-05-04 13:00:00,Brentford,Manchester United,75,4,1,3,0,1,0,5,74.0,1.0,,,2,6,1,1,1
126,12436560,2025-05-04 13:00:00,Brentford,Manchester United,80,4,1,3,0,1,0,5,74.0,6.0,,,2,7,0,1,1
131,12436565,2025-05-04 13:00:00,West Ham United,Tottenham Hotspur,60,1,1,0,1,0,0,2,28.0,32.0,,,2,0,0,0,0
131,12436565,2025-05-04 13:00:00,West Ham United,Tottenham Hotspur,65,1,1,0,1,0,0,2,28.0,37.0,,,2,0,0,0,0
131,12436565,2025-05-04 13:00:00,West Ham United,Tottenham Hotspur,70,1,1,0,1,0,0,2,28.0,42.0,,,2,1,0,0,0
131,12436565,2025-05-04 13:00:00,West Ham United,Tottenham Hotspur,75,1,1,0,1,0,0,2,28.0,47.0,,,3,1,0,0,0
131,12436565,2025-05-04 13:00:00,West Ham United,Tottenham Hotspur,80,1,1,0,1,0,0,2,28.0,52.0,,,3,5,0,0,0
133,12436567,2025-05-04 13:00:00,Brighton & Hove Albion,Newcastle United,60,1,0,1,0,1,0,1,28.0,32.0,,,1,2,0,0,1
133,12436567,2025-05-04 13:00:00,Brighton & Hove Albion,Newcastle United,65,1,0,1,0,1,0,1,28.0,37.0,,,1,2,0,0,1
133,12436567,2025-05-04 13:00:00,Brighton & Hove Albion,Newcastle United,70,1,0,1,0,1,0,1,28.0,42.0,,,1,4,0,0,1
133,12436567,2025-05-04 13:00:00,Brighton & Hove Albion,Newcastle United,75,1,0,1,0,1,0,1,28.0,47.0,,,2,5,0,0,1
133,12436567,2025-05-04 13:00:00,Brighton & Hove Albion,Newcastle United,80,1,0,1,0,1,0,1,28.0,52.0,,,2,5,0,0,1
129,12436563,2025-05-04 15:30:00,Chelsea,Liverpool FC,60,2,0,2,0,1,0,2,56.0,4.0,,,3,2,1,1,1
129,12436563,2025-05-04 15:30:00,Chelsea,Liverpool FC,65,2,0,2,0,1,0,2,56.0,9.0,,,3,2,0,1,1
129,12436563,2025-05-04 15:30:00,Chelsea,Liverpool FC,70,2,0,2,0,1,0,2,56.0,14.0,,,3,4,0,0,1
129,12436563,2025-05-04 15:30:00,Chelsea,Liverpool FC,75,2,0,2,0,1,0,2,56.0,19.0,,,3,5,0,0,1
129,12436563,2025-05-04 15:30:00,Chelsea,Liverpool FC,80,2,0,2,0,1,0,2,56.0,24.0,,,3,6,0,0,1
127,12436561,2025-05-05 19:00:00,Crystal Palace,Nottingham Forest,60,1,0,1,0,1,0,1,60.0,0.0,,,2,0,1,1,1
127,12436561,2025-05-05 19:00:00,Crystal Palace,Nottingham Forest,65,1,1,0,1,0,0,2,64.0,1.0,,,3,2,1,1,0
127,12436561,2025-05-05 19:00:00,Crystal Palace,Nottingham Forest,70,1,1,0,1,0,0,2,64.0,6.0,,,4,2,0,1,0
127,12436561,2025-05-05 19:00:00,Crystal Palace,Nottingham Forest,75,1,1,0,1,0,0,2,64.0,11.0,,,5,2,0,0,0
127,12436561,2025-05-05 19:00:00,Crystal Palace,Nottingham Forest,80,1,1,0,1,0,0,2,64.0,16.0,,,7,4,0,0,0
130,12436564,2025-05-10 14:00:00,Ipswich Town,Brentford,60,0,1,-1,0,0,1,1,18.0,42.0,,,2,1,0,0,0
130,12436564,2025-05-10 14:00:00,Ipswich Town,Brentford,65,0,1,-1,0,0,1,1,18.0,47.0,,,2,3,0,0,0
130,12436564,2025-05-10 14:00:00,Ipswich Town,Brentford,70,0,1,-1,0,0,1,1,18.0,52.0,,,3,3,0,0,0
130,12436564,2025-05-10 14:00:00,Ipswich Town,Brentford,75,0,1,-1,0,0,1,1,18.0,57.0,,,3,4,0,0,0
130,12436564,2025-05-10 14:00:00,Ipswich Town,Brentford,80,0,1,-1,0,0,1,1,18.0,62.0,,,3,4,0,0,0
132,12436566,2025-05-10 14:00:00,Fulham,Everton,60,1,1,0,1,0,0,2,45.0,15.0,,,1,0,0,0,1
132,12436566,2025-05-10 14:00:00,Fulham,Everton,65,1,1,0,1,0,0,2,45.0,20.0,,,1,3,0,0,1
132,12436566,2025-05-10 14:00:00,Fulham,Everton,70,1,2,-1,0,0,1,3,70.0,0.0,,,1,3,1,1,1
132,12436566,2025-05-10 14:00:00,Fulham,Everton,75,1,3,-2,0,0,1,4,74.0,1.0,,,1,5,1,1,0
132,12436566,2025-05-10 14:00:00,Fulham,Everton,80,1,3,-2,0,0,1,4,74.0,6.0,,,1,5,0,1,0
141,12436575,2025-05-10 14:00:00,Southampton,Manchester City,60,0,0,0,1,0,0,0,,,,,2,2,0,0,0
141,12436575,2025-05-10 14:00:00,Southampton,Manchester City,65,0,0,0,1,0,0,0,,,,,2,3,0,0,0
141,12436575,2025-05-10 14:00:00,Southampton,Manchester City,70,0,0,0,1,0,0,0,,,,,2,3,0,0,0
141,12436575,2025-05-10 14:00:00,Southampton,Manchester City,75,0,0,0,1,0,0,0,,,,,2,3,0,0,0
141,12436575,2025-05-10 14:00:00,Southampton,Manchester City,80,0,0,0,1,0,0,0,,,,,2,5,0,0,0
147,12436581,2025-05-10 14:00:00,Wolverhampton,Brighton & Hove Albion,60,0,1,-1,0,0,1,1,29.0,31.0,,,2,6,0,0,1
147,12436581,2025-05-10 14:00:00,Wolverhampton,Brighton & Hove Albion,65,0,1,-1,0,0,1,1,29.0,36.0,,,2,6,0,0,1
147,12436581,2025-05-10 14:00:00,Wolverhampton,Brighton & Hove Albion,70,0,1,-1,0,0,1,1,29.0,41.0,,,2,6,0,0,1
147,12436581,2025-05-10 14:00:00,Wolverhampton,Brighton & Hove Albion,75,0,1,-1,0,0,1,1,29.0,46.0,,,2,6,0,0,1
147,12436581,2025-05-10 14:00:00,Wolverhampton,Brighton & Hove Albion,80,0,1,-1,0,0,1,1,29.0,51.0,,,2,8,0,0,1
136,12436570,2025-05-10 16:30:00,Bournemouth,Aston Villa,60,0,1,-1,0,0,1,1,45.0,15.0,,,5,1,0,0,0
136,12436570,2025-05-10 16:30:00,Bournemouth,Aston Villa,65,0,1,-1,0,0,1,1,45.0,20.0,,,5,1,0,0,0
136,12436570,2025-05-10 16:30:00,Bournemouth,Aston Villa,70,0,1,-1,0,0,1,1,45.0,25.0,,,5,4,0,0,0
136,12436570,2025-05-10 16:30:00,Bournemouth,Aston Villa,75,0,1,-1,0,0,1,1,45.0,30.0,,,5,4,0,0,0
136,12436570,2025-05-10 16:30:00,Bournemouth,Aston Villa,80,0,1,-1,0,0,1,1,45.0,35.0,,,7,5,0,0,0
139,12436573,2025-05-11 11:00:00,Newcastle United,Chelsea,60,1,0,1,0,1,0,1,2.0,58.0,,,4,2,0,0,1
139,12436573,2025-05-11 11:00:00,Newcastle United,Chelsea,65,1,0,1,0,1,0,1,2.0,63.0,,,5,3,0,0,1
139,12436573,2025-05-11 11:00:00,Newcastle United,Chelsea,70,1,0,1,0,1,0,1,2.0,68.0,,,5,3,0,0,1
139,12436573,2025-05-11 11:00:00,Newcastle United,Chelsea,75,1,0,1,0,1,0,1,2.0,73.0,,,5,5,0,0,1
139,12436573,2025-05-11 11:00:00,Newcastle United,Chelsea,80,1,0,1,0,1,0,1,2.0,78.0,,,5,5,0,0,1
135,12436569,2025-05-11 13:15:00,Manchester United,West Ham United,60,0,2,-2,0,0,1,2,57.0,3.0,,,0,4,1,1,0
135,12436569,2025-05-11 13:15:00,Manchester United,West Ham United,65,0,2,-2,0,0,1,2,57.0,8.0,,,1,5,0,1,0
135,12436569,2025-05-11 13:15:00,Manchester United,West Ham United,70,0,2,-2,0,0,1,2,57.0,13.0,,,1,5,0,0,0
135,12436569,2025-05-11 13:15:00,Manchester United,West Ham United,75,0,2,-2,0,0,1,2,57.0,18.0,,,1,7,0,0,0
135,12436569,2025-05-11 13:15:00,Manchester United,West Ham United,80,0,2,-2,0,0,1,2,57.0,23.0,,,1,7,0,0,0
140,12436574,2025-05-11 13:15:00,Nottingham Forest,Leicester City,60,2,1,1,0,1,0,3,56.0,4.0,,,3,1,1,1,1
140,12436574,2025-05-11 13:15:00,Nottingham Forest,Leicester City,65,2,1,1,0,1,0,3,56.0,9.0,,,3,2,0,1,1
140,12436574,2025-05-11 13:15:00,Nottingham Forest,Leicester City,70,2,1,1,0,1,0,3,56.0,14.0,,,4,2,0,0,1
140,12436574,2025-05-11 13:15:00,Nottingham Forest,Leicester City,75,2,1,1,0,1,0,3,56.0,19.0,,,5,3,0,0,1
140,12436574,2025-05-11 13:15:00,Nottingham Forest,Leicester City,80,2,1,1,0,1,0,3,56.0,24.0,,,6,5,0,0,1
149,12436583,2025-05-11 13:15:00,Tottenham Hotspur,Crystal Palace,60,0,2,-2,0,0,1,2,48.0,12.0,,,2,5,0,0,0
149,12436583,2025-05-11 13:15:00,Tottenham Hotspur,Crystal Palace,65,0,2,-2,0,0,1,2,48.0,17.0,,,2,6,0,0,0
149,12436583,2025-05-11 13:15:00,Tottenham Hotspur,Crystal Palace,70,0,2,-2,0,0,1,2,48.0,22.0,,,2,6,0,0,0
149,12436583,2025-05-11 13:15:00,Tottenham Hotspur,Crystal Palace,75,0,2,-2,0,0,1,2,48.0,27.0,,,2,6,0,0,0
149,12436583,2025-05-11 13:15:00,Tottenham Hotspur,Crystal Palace,80,0,2,-2,0,0,1,2,48.0,32.0,,,2,7,0,0,0
134,12436568,2025-05-11 15:30:00,Liverpool FC,Arsenal,60,2,1,1,0,1,0,3,47.0,13.0,,,3,0,0,0,1
134,12436568,2025-05-11 15:30:00,Liverpool FC,Arsenal,65,2,1,1,0,1,0,3,47.0,18.0,,,3,0,0,0,1
134,12436568,2025-05-11 15:30:00,Liverpool FC,Arsenal,70,2,2,0,1,0,0,4,70.0,0.0,,,3,3,1,1,0
134,12436568,2025-05-11 15:30:00,Liverpool FC,Arsenal,75,2,2,0,1,0,0,4,70.0,5.0,,,3,3,0,1,0
134,12436568,2025-05-11 15:30:00,Liverpool FC,Arsenal,80,2,2,0,1,0,0,4,70.0,10.0,,,4,6,0,0,0
143,12436577,2025-05-16 18:30:00,Aston Villa,Tottenham Hotspur,60,1,0,1,0,1,0,1,59.0,1.0,,,2,1,1,1,1
143,12436577,2025-05-16 18:30:00,Aston Villa,Tottenham Hotspur,65,1,0,1,0,1,0,1,59.0,6.0,,,3,1,0,1,1
143,12436577,2025-05-16 18:30:00,Aston Villa,Tottenham Hotspur,70,1,0,1,0,1,0,1,59.0,11.0,,,3,1,0,0,1
143,12436577,2025-05-16 18:30:00,Aston Villa,Tottenham Hotspur,75,2,0,2,0,1,0,2,73.0,2.0,,,3,3,1,1,0
143,12436577,2025-05-16 18:30:00,Aston Villa,Tottenham Hotspur,80,2,0,2,0,1,0,2,73.0,7.0,,,3,3,0,1,0
148,12436582,2025-05-16 19:15:00,Chelsea,Manchester United,60,0,0,0,1,0,0,0,,,,,2,0,0,0,1
148,12436582,2025-05-16 19:15:00,Chelsea,Manchester United,65,0,0,0,1,0,0,0,,,,,3,0,0,0,1
148,12436582,2025-05-16 19:15:00,Chelsea,Manchester United,70,0,0,0,1,0,0,0,,,,,4,2,0,0,1
148,12436582,2025-05-16 19:15:00,Chelsea,Manchester United,75,1,0,1,0,1,0,1,71.0,4.0,,,4,2,1,1,0
148,12436582,2025-05-16 19:15:00,Chelsea,Manchester United,80,1,0,1,0,1,0,1,71.0,9.0,,,4,2,0,1,0
145,12436579,2025-05-18 11:00:00,Everton,Southampton,60,2,0,2,0,1,0,2,45.0,15.0,,,0,4,0,0,0
145,12436579,2025-05-18 11:00:00,Everton,Southampton,65,2,0,2,0,1,0,2,45.0,20.0,,,0,6,0,0,0
145,12436579,2025-05-18 11:00:00,Everton,Southampton,70,2,0,2,0,1,0,2,45.0,25.0,,,0,7,0,0,0
145,12436579,2025-05-18 11:00:00,Everton,Southampton,75,2,0,2,0,1,0,2,45.0,30.0,,,0,9,0,0,0
145,12436579,2025-05-18 11:00:00,Everton,Southampton,80,2,0,2,0,1,0,2,45.0,35.0,,,1,9,0,0,0
100,12436533,2025-05-18 13:15:00,West Ham United,Nottingham Forest,60,0,1,-1,0,0,1,1,11.0,49.0,,,3,4,0,0,1
100,12436533,2025-05-18 13:15:00,West Ham United,Nottingham Forest,65,0,2,-2,0,0,1,2,61.0,4.0,,,3,4,1,1,1
100,12436533,2025-05-18 13:15:00,West Ham United,Nottingham Forest,70,0,2,-2,0,0,1,2,61.0,9.0,,,3,4,0,1,1
100,12436533,2025-05-18 13:15:00,West Ham United,Nottingham Forest,75,0,2,-2,0,0,1,2,61.0,14.0,,,3,4,0,0,1
100,12436533,2025-05-18 13:15:00,West Ham United,Nottingham Forest,80,0,2,-2,0,0,1,2,61.0,19.0,,,4,5,0,0,1
101,12436534,2025-05-18 14:00:00,Leicester City,Ipswich Town,60,1,0,1,0,1,0,1,28.0,32.0,,,1,0,0,0,1
101,12436534,2025-05-18 14:00:00,Leicester City,Ipswich Town,65,1,0,1,0,1,0,1,28.0,37.0,,,1,2,0,0,1
101,12436534,2025-05-18 14:00:00,Leicester City,Ipswich Town,70,2,0,2,0,1,0,2,69.0,1.0,,,1,2,1,1,0
101,12436534,2025-05-18 14:00:00,Leicester City,Ipswich Town,75,2,0,2,0,1,0,2,69.0,6.0,,,1,6,0,1,0
101,12436534,2025-05-18 14:00:00,Leicester City,Ipswich Town,80,2,0,2,0,1,0,2,69.0,11.0,,,1,8,0,0,0
152,12436586,2025-05-18 14:00:00,Brentford,Fulham,60,2,1,1,0,1,0,3,43.0,17.0,,,5,1,0,0,1
152,12436586,2025-05-18 14:00:00,Brentford,Fulham,65,2,1,1,0,1,0,3,43.0,22.0,,,5,2,0,0,1
152,12436586,2025-05-18 14:00:00,Brentford,Fulham,70,2,3,-1,0,0,1,5,70.0,0.0,,,6,4,1,1,0
152,12436586,2025-05-18 14:00:00,Brentford,Fulham,75,2,3,-1,0,0,1,5,70.0,5.0,,,7,5,0,1,0
152,12436586,2025-05-18 14:00:00,Brentford,Fulham,80,2,3,-1,0,0,1,5,70.0,10.0,,,7,8,0,0,0
151,12436585,2025-05-18 15:30:00,Arsenal,Newcastle United,60,1,0,1,0,1,0,1,55.0,5.0,,,1,1,0,1,0
151,12436585,2025-05-18 15:30:00,Arsenal,Newcastle United,65,1,0,1,0,1,0,1,55.0,10.0,,,2,4,0,0,0
151,12436585,2025-05-18 15:30:00,Arsenal,Newcastle United,70,1,0,1,0,1,0,1,55.0,15.0,,,2,4,0,0,0
151,12436585,2025-05-18 15:30:00,Arsenal,Newcastle United,75,1,0,1,0,1,0,1,55.0,20.0,,,2,4,0,0,0
151,12436585,2025-05-18 15:30:00,Arsenal,Newcastle United,80,1,0,1,0,1,0,1,55.0,25.0,,,2,6,0,0,0
156,12436590,2025-05-19 19:00:00,Brighton & Hove Albion,Liverpool FC,60,1,2,-1,0,0,1,3,45.0,15.0,,,0,0,0,0,1
156,12436590,2025-05-19 19:00:00,Brighton & Hove Albion,Liverpool FC,65,1,2,-1,0,0,1,3,45.0,20.0,,,0,4,0,0,1
156,12436590,2025-05-19 19:00:00,Brighton & Hove Albion,Liverpool FC,70,2,2,0,1,0,0,4,69.0,1.0,,,0,4,1,1,1
156,12436590,2025-05-19 19:00:00,Brighton & Hove Albion,Liverpool FC,75,2,2,0,1,0,0,4,69.0,6.0,,,0,6,0,1,1
156,12436590,2025-05-19 19:00:00,Brighton & Hove Albion,Liverpool FC,80,2,2,0,1,0,0,4,69.0,11.0,,,1,7,0,0,1
158,12436592,2025-05-20 19:00:00,Crystal Palace,Wolverhampton,60,3,1,2,0,1,0,4,50.0,10.0,,,2,3,0,0,1
158,12436592,2025-05-20 19:00:00,Crystal Palace,Wolverhampton,65,3,2,1,0,1,0,5,62.0,3.0,,,2,4,1,1,1
158,12436592,2025-05-20 19:00:00,Crystal Palace,Wolverhampton,70,3,2,1,0,1,0,5,62.0,8.0,,,3,6,0,1,1
158,12436592,2025-05-20 19:00:00,Crystal Palace,Wolverhampton,75,3,2,1,0,1,0,5,62.0,13.0,,,3,7,0,0,1
158,12436592,2025-05-20 19:00:00,Crystal Palace,Wolverhampton,80,3,2,1,0,1,0,5,62.0,18.0,,,3,7,0,0,1
380,13854588,2025-05-20 19:00:00,Manchester City,Bournemouth,60,2,0,2,0,1,0,2,38.0,22.0,,,2,1,0,0,1
380,13854588,2025-05-20 19:00:00,Manchester City,Bournemouth,65,2,0,2,0,1,0,2,38.0,27.0,,,2,1,0,0,1
380,13854588,2025-05-20 19:00:00,Manchester City,Bournemouth,70,2,0,2,0,1,0,2,38.0,32.0,,,4,3,0,0,1
380,13854588,2025-05-20 19:00:00,Manchester City,Bournemouth,75,2,0,2,0,1,0,2,38.0,37.0,,,5,3,0,0,1
380,13854588,2025-05-20 19:00:00,Manchester City,Bournemouth,80,2,0,2,0,1,0,2,38.0,42.0,,,5,3,0,0,1
103,12436536,2025-05-25 15:00:00,Bournemouth,Leicester City,60,0,0,0,1,0,0,0,,,,,2,0,0,0,1
103,12436536,2025-05-25 15:00:00,Bournemouth,Leicester City,65,0,0,0,1,0,0,0,,,,,2,1,0,0,1
103,12436536,2025-05-25 15:00:00,Bournemouth,Leicester City,70,0,0,0,1,0,0,0,,,,,2,1,0,0,1
103,12436536,2025-05-25 15:00:00,Bournemouth,Leicester City,75,1,0,1,0,1,0,1,74.0,1.0,,,2,4,1,1,1
103,12436536,2025-05-25 15:00:00,Bournemouth,Leicester City,80,1,0,1,0,1,0,1,74.0,6.0,,,2,5,0,1,1
105,12436538,2025-05-25 15:00:00,Ipswich Town,West Ham United,60,1,2,-1,0,0,1,3,55.0,5.0,,,1,0,0,1,1
105,12436538,2025-05-25 15:00:00,Ipswich Town,West Ham United,65,1,2,-1,0,0,1,3,55.0,10.0,,,1,0,0,0,1
105,12436538,2025-05-25 15:00:00,Ipswich Town,West Ham United,70,1,2,-1,0,0,1,3,55.0,15.0,,,1,2,0,0,1
105,12436538,2025-05-25 15:00:00,Ipswich Town,West Ham United,75,1,2,-1,0,0,1,3,55.0,20.0,,,1,4,0,0,1
105,12436538,2025-05-25 15:00:00,Ipswich Town,West Ham United,80,1,2,-1,0,0,1,3,55.0,25.0,,,1,8,0,0,1
107,12436540,2025-05-25 15:00:00,Manchester United,Aston Villa,60,0,0,0,1,0,0,0,,,,,2,3,0,0,1
107,12436540,2025-05-25 15:00:00,Manchester United,Aston Villa,65,0,0,0,1,0,0,0,,,,,2,5,0,0,1
107,12436540,2025-05-25 15:00:00,Manchester United,Aston Villa,70,0,0,0,1,0,0,0,,,,,2,7,0,0,1
107,12436540,2025-05-25 15:00:00,Manchester United,Aston Villa,75,0,0,0,1,0,0,0,,,,,3,7,0,0,1
107,12436540,2025-05-25 15:00:00,Manchester United,Aston Villa,80,1,0,1,0,1,0,1,76.0,4.0,,,4,7,1,1,1
108,12436541,2025-05-25 15:00:00,Newcastle United,Everton,60,0,0,0,1,0,0,0,,,,,3,1,0,0,1
108,12436541,2025-05-25 15:00:00,Newcastle United,Everton,65,0,1,-1,0,0,1,1,65.0,0.0,,,3,2,1,1,0
108,12436541,2025-05-25 15:00:00,Newcastle United,Everton,70,0,1,-1,0,0,1,1,65.0,5.0,,,3,3,0,1,0
108,12436541,2025-05-25 15:00:00,Newcastle United,Everton,75,0,1,-1,0,0,1,1,65.0,10.0,,,3,3,0,0,0
108,12436541,2025-05-25 15:00:00,Newcastle United,Everton,80,0,1,-1,0,0,1,1,65.0,15.0,,,4,5,0,0,0
109,12436542,2025-05-25 15:00:00,Wolverhampton,Brentford,60,0,1,-1,0,0,1,1,20.0,40.0,,,2,0,0,0,1
109,12436542,2025-05-25 15:00:00,Wolverhampton,Brentford,65,0,1,-1,0,0,1,1,20.0,45.0,,,2,2,0,0,1
109,12436542,2025-05-25 15:00:00,Wolverhampton,Brentford,70,0,1,-1,0,0,1,1,20.0,50.0,,,2,2,0,0,1
109,12436542,2025-05-25 15:00:00,Wolverhampton,Brentford,75,1,1,0,1,0,0,2,75.0,0.0,,,3,2,1,1,0
109,12436542,2025-05-25 15:00:00,Wolverhampton,Brentford,80,1,1,0,1,0,0,2,75.0,5.0,,,3,4,0,1,0
115,12436548,2025-05-25 15:00:00,Liverpool FC,Crystal Palace,60,0,1,-1,0,0,1,1,9.0,51.0,,,0,1,0,0,1
115,12436548,2025-05-25 15:00:00,Liverpool FC,Crystal Palace,65,0,1,-1,0,0,1,1,9.0,56.0,,,1,5,0,0,1
115,12436548,2025-05-25 15:00:00,Liverpool FC,Crystal Palace,70,0,1,-1,0,0,1,1,9.0,61.0,,,2,6,0,0,1
115,12436548,2025-05-25 15:00:00,Liverpool FC,Crystal Palace,75,0,1,-1,0,0,1,1,9.0,66.0,,,2,6,0,0,1
115,12436548,2025-05-25 15:00:00,Liverpool FC,Crystal Palace,80,0,1,-1,0,0,1,1,9.0,71.0,,,2,7,0,0,1
116,12436549,2025-05-25 15:00:00,Southampton,Arsenal,60,1,1,0,1,0,0,2,56.0,4.0,,,0,0,1,1,1
116,12436549,2025-05-25 15:00:00,Southampton,Arsenal,65,1,1,0,1,0,0,2,56.0,9.0,,,0,2,0,1,1
116,12436549,2025-05-25 15:00:00,Southampton,Arsenal,70,1,1,0,1,0,0,2,56.0,14.0,,,0,4,0,0,1
116,12436549,2025-05-25 15:00:00,Southampton,Arsenal,75,1,1,0,1,0,0,2,56.0,19.0,,,0,6,0,0,1
116,12436549,2025-05-25 15:00:00,Southampton,Arsenal,80,1,1,0,1,0,0,2,56.0,24.0,,,0,8,0,0,1
122,12436556,2025-05-25 15:00:00,Nottingham Forest,Chelsea,60,0,1,-1,0,0,1,1,50.0,10.0,,,2,1,0,0,0
122,12436556,2025-05-25 15:00:00,Nottingham Forest,Chelsea,65,0,1,-1,0,0,1,1,50.0,15.0,,,2,2,0,0,0
122,12436556,2025-05-25 15:00:00,Nottingham Forest,Chelsea,70,0,1,-1,0,0,1,1,50.0,20.0,,,2,3,0,0,0
122,12436556,2025-05-25 15:00:00,Nottingham Forest,Chelsea,75,0,1,-1,0,0,1,1,50.0,25.0,,,2,3,0,0,0
122,12436556,2025-05-25 15:00:00,Nottingham Forest,Chelsea,80,0,1,-1,0,0,1,1,50.0,30.0,,,4,4,0,0,0
123,12436557,2025-05-25 15:00:00,Tottenham Hotspur,Brighton & Hove Albion,60,1,1,0,1,0,0,2,51.0,9.0,,,2,4,0,1,1
123,12436557,2025-05-25 15:00:00,Tottenham Hotspur,Brighton & Hove Albion,65,1,2,-1,0,0,1,3,64.0,1.0,,,2,4,1,1,1
123,12436557,2025-05-25 15:00:00,Tottenham Hotspur,Brighton & Hove Albion,70,1,2,-1,0,0,1,3,64.0,6.0,,,2,7,0,1,1
123,12436557,2025-05-25 15:00:00,Tottenham Hotspur,Brighton & Hove Albion,75,1,2,-1,0,0,1,3,64.0,11.0,,,2,7,0,0,1
123,12436557,2025-05-25 15:00:00,Tottenham Hotspur,Brighton & Hove Albion,80,1,2,-1,0,0,1,3,64.0,16.0,,,4,8,0,0,1
125,12436559,2025-05-25 15:00:00,Fulham,Manchester City,60,0,1,-1,0,0,1,1,21.0,39.0,,,0,0,0,0,1
125,12436559,2025-05-25 15:00:00,Fulham,Manchester City,65,0,1,-1,0,0,1,1,21.0,44.0,,,0,2,0,0,1
125,12436559,2025-05-25 15:00:00,Fulham,Manchester City,70,0,1,-1,0,0,1,1,21.0,49.0,,,0,2,0,0,1
125,12436559,2025-05-25 15:00:00,Fulham,Manchester City,75,0,2,-2,0,0,1,2,72.0,3.0,,,0,5,1,1,0
125,12436559,2025-05-25 15:00:00,Fulham,Manchester City,80,0,2,-2,0,0,1,2,72.0,8.0,,,0,5,0,1,0
