match_id,sofascore_event_id,league,season,match_date,home_team,away_team,cutoff_minute,graph_available,graph_known_missing,shotmap_available,graph_points_until_cutoff,graph_points_last_5m,graph_points_last_10m,shots_until_cutoff,momentum_last_5m_avg,momentum_last_10m_avg,momentum_trend_last_10m,momentum_sum_until_cutoff,xg_last_5m,xg_last_10m,shots_last_5m,shots_last_10m,xg_sum_until_cutoff
194,12436870,Premier League,24/25,2024-08-16 19:00:00,Manchester United,Fulham,60,1,0,1,61,5,10,14,42.6,21.4,42.0,862.0,0.029768878594041,0.373237306252124,1,3,1.7015939522534649
194,12436870,Premier League,24/25,2024-08-16 19:00:00,Manchester United,Fulham,65,1,0,1,66,5,10,15,-17.6,12.5,-126.0,774.0,0.060041606426239,0.08981048502028,1,2,1.761635558679704
194,12436870,Premier League,24/25,2024-08-16 19:00:00,Manchester United,Fulham,70,1,0,1,71,5,10,17,15.2,-1.2,42.0,850.0,0.06989990547299399,0.12994151189923298,2,3,1.831535464152698
194,12436870,Premier League,24/25,2024-08-16 19:00:00,Manchester United,Fulham,75,1,0,1,76,5,10,19,8.8,12.0,10.0,894.0,0.072891119867563,0.142791025340557,2,4,1.9044265840202608
195,12436871,Premier League,24/25,2024-08-17 11:30:00,Ipswich Town,Liverpool FC,60,1,0,1,61,5,10,14,-44.6,-24.2,-34.0,-393.0,0.984032601118079,1.273027241229999,4,5,1.752520328387609
195,12436871,Premier League,24/25,2024-08-17 11:30:00,Ipswich Town,Liverpool FC,65,1,0,1,66,5,10,15,-34.8,-39.7,-26.0,-567.0,0.41355207562447,1.397584676742549,1,5,2.166072404012079
195,12436871,Premier League,24/25,2024-08-17 11:30:00,Ipswich Town,Liverpool FC,70,1,0,1,71,5,10,16,-31.6,-33.2,23.0,-725.0,0.10154549777508,0.51509757339955,1,2,2.267617901787159
195,12436871,Premier League,24/25,2024-08-17 11:30:00,Ipswich Town,Liverpool FC,75,1,0,1,76,5,10,17,-23.4,-27.5,57.0,-842.0,0.21200452744961,0.31355002522469,1,2,2.479622429236769
196,12436872,Premier League,24/25,2024-08-17 14:00:00,Arsenal,Wolverhampton,60,1,0,1,61,5,10,17,10.6,10.8,7.0,953.0,0.124199613928795,0.23921483010053501,2,3,1.30821294523775
196,12436872,Premier League,24/25,2024-08-17 14:00:00,Arsenal,Wolverhampton,65,1,0,1,66,5,10,19,-28.0,-8.7,-70.0,813.0,0.07237806171178801,0.19657767564058304,2,4,1.3805910069495382
196,12436872,Premier League,24/25,2024-08-17 14:00:00,Arsenal,Wolverhampton,70,1,0,1,71,5,10,21,-51.4,-39.7,-25.0,556.0,0.071647940203548,0.144026001915336,2,4,1.452238947153086
196,12436872,Premier League,24/25,2024-08-17 14:00:00,Arsenal,Wolverhampton,75,1,0,1,76,5,10,23,34.8,-8.3,66.0,730.0,0.047180321067572,0.11882826127112,2,4,1.4994192682206582
197,12436873,Premier League,24/25,2024-08-17 14:00:00,Everton,Brighton & Hove Albion,60,1,0,1,61,5,10,15,-10.0,-1.0,-11.0,258.0,0.138386268168688,0.27670410647988797,3,4,1.5805966816842596
197,12436873,Premier League,24/25,2024-08-17 14:00:00,Everton,Brighton & Hove Albion,65,1,0,1,66,5,10,16,-32.0,-21.0,-41.0,98.0,0.099702537059784,0.23808880522847203,1,4,1.6802992187440433
197,12436873,Premier League,24/25,2024-08-17 14:00:00,Everton,Brighton & Hove Albion,70,1,0,1,71,5,10,17,-46.2,-39.1,-27.0,-133.0,0.038469560444355,0.138172097504139,1,2,1.7187687791883983
197,12436873,Premier League,24/25,2024-08-17 14:00:00,Everton,Brighton & Hove Albion,75,1,0,1,76,5,10,18,-30.4,-38.3,5.0,-285.0,0.098297968506813,0.136767528951168,1,2,1.8170667476952111
198,12436874,Premier League,24/25,2024-08-17 14:00:00,Newcastle United,Southampton,60,1,0,1,61,5,10,10,-26.2,-51.7,75.0,-1140.0,0.0,0.053755678236485,0,1,1.288978733122339
198,12436874,Premier League,24/25,2024-08-17 14:00:00,Newcastle United,Southampton,65,1,0,1,66,5,10,14,-42.8,-34.5,-20.0,-1354.0,0.324059870094057,0.324059870094057,4,4,1.6130386032163961
198,12436874,Premier League,24/25,2024-08-17 14:00:00,Newcastle United,Southampton,70,1,0,1,71,5,10,15,-10.8,-26.8,44.0,-1408.0,0.018704181537032,0.34276405163108903,1,5,1.6317427847534283
198,12436874,Premier League,24/25,2024-08-17 14:00:00,Newcastle United,Southampton,75,1,0,1,76,5,10,15,-27.4,-19.1,5.0,-1545.0,0.0,0.018704181537032,0,1,1.6317427847534283
199,12436875,Premier League,24/25,2024-08-17 14:00:00,Nottingham Forest,Bournemouth,60,1,0,1,61,5,10,17,-26.4,-18.6,-17.0,378.0,0.030439803376794,0.030439803376794,1,1,1.627723444253207
199,12436875,Premier League,24/25,2024-08-17 14:00:00,Nottingham Forest,Bournemouth,65,1,0,1,66,5,10,20,13.6,-6.4,-7.0,446.0,0.115725148469209,0.146164951846003,3,4,1.7434485927224164
199,12436875,Premier League,24/25,2024-08-17 14:00:00,Nottingham Forest,Bournemouth,70,1,0,1,71,5,10,20,-10.2,1.7,-18.0,395.0,0.0,0.115725148469209,0,3,1.7434485927224164
199,12436875,Premier League,24/25,2024-08-17 14:00:00,Nottingham Forest,Bournemouth,75,1,0,1,76,5,10,20,-0.6,-5.4,-5.0,392.0,0.0,0.0,0,0,1.7434485927224164
201,12436877,Premier League,24/25,2024-08-17 16:30:00,West Ham United,Aston Villa,60,1,0,1,61,5,10,19,7.4,2.5,23.0,-117.0,0.31125120818615,0.33191811479628097,3,4,2.768088398540022
201,12436877,Premier League,24/25,2024-08-17 16:30:00,West Ham United,Aston Villa,65,1,0,1,66,5,10,21,20.2,13.8,-22.0,-16.0,0.149227548390624,0.460478756576774,2,5,2.9173159469306458
201,12436877,Premier League,24/25,2024-08-17 16:30:00,West Ham United,Aston Villa,70,1,0,1,71,5,10,22,-27.0,-3.4,-71.0,-151.0,0.23037515580654,0.379602704197164,1,3,3.1476911027371863
201,12436877,Premier League,24/25,2024-08-17 16:30:00,West Ham United,Aston Villa,75,1,0,1,76,5,10,22,-31.0,-29.0,-24.0,-306.0,0.0,0.23037515580654,0,1,3.1476911027371863
202,12436879,Premier League,24/25,2024-08-18 13:00:00,Brentford,Crystal Palace,60,1,0,1,61,5,10,12,-3.0,-4.1,14.0,234.0,0.0,0.055211078375577004,1,3,0.9634029185399439
202,12436879,Premier League,24/25,2024-08-18 13:00:00,Brentford,Crystal Palace,65,1,0,1,66,5,10,13,-14.6,-8.8,-59.0,161.0,0.034404758363962,0.034404758363962,1,2,0.9978076769039059
202,12436879,Premier League,24/25,2024-08-18 13:00:00,Brentford,Crystal Palace,70,1,0,1,71,5,10,15,-18.0,-16.3,50.0,71.0,0.09079373627901,0.125198494642972,2,3,1.0886014131829158
202,12436879,Premier League,24/25,2024-08-18 13:00:00,Brentford,Crystal Palace,75,1,0,1,76,5,10,16,4.0,-7.0,85.0,91.0,0.049761440604925,0.14055517688393498,1,3,1.138362853787841
203,12436880,Premier League,24/25,2024-08-18 15:30:00,Chelsea,Manchester City,60,1,0,1,61,5,10,14,-9.6,-15.6,-10.0,-372.0,0.02815911360085,0.13763224519789,1,2,0.9799022097140551
203,12436880,Premier League,24/25,2024-08-18 15:30:00,Chelsea,Manchester City,65,1,0,1,66,5,10,16,44.6,17.5,14.0,-149.0,0.59651811420917,0.62467722781002,2,3,1.576420323923225
203,12436880,Premier League,24/25,2024-08-18 15:30:00,Chelsea,Manchester City,70,1,0,1,71,5,10,16,-1.4,21.6,-41.0,-156.0,0.0,0.59651811420917,0,2,1.576420323923225
203,12436880,Premier League,24/25,2024-08-18 15:30:00,Chelsea,Manchester City,75,1,0,1,76,5,10,17,-7.8,-4.6,-33.0,-195.0,0.030278421938419,0.030278421938419,1,1,1.6066987458616442
204,12436881,Premier League,24/25,2024-08-19 19:00:00,Leicester City,Tottenham Hotspur,60,1,0,1,61,5,10,15,-32.4,-27.5,48.0,-2031.0,0.62083792686462,0.7808915153145791,2,4,1.41769558098167
204,12436881,Premier League,24/25,2024-08-19 19:00:00,Leicester City,Tottenham Hotspur,65,1,0,1,66,5,10,15,52.8,10.2,127.0,-1767.0,0.0,0.62083792686462,0,2,1.41769558098167
204,12436881,Premier League,24/25,2024-08-19 19:00:00,Leicester City,Tottenham Hotspur,70,1,0,1,71,5,10,17,30.4,41.6,11.0,-1615.0,0.409610085189345,0.409610085189345,2,2,1.8273056661710152
204,12436881,Premier League,24/25,2024-08-19 19:00:00,Leicester City,Tottenham Hotspur,75,1,0,1,76,5,10,17,3.2,16.8,-43.0,-1599.0,0.0,0.409610085189345,0,2,1.8273056661710152
211,12436888,Premier League,24/25,2024-08-24 11:30:00,Brighton & Hove Albion,Manchester United,60,1,0,1,61,5,10,14,13.4,25.3,-59.0,-142.0,0.31200738251209703,0.615545600652703,2,5,1.9226054996252118
211,12436888,Premier League,24/25,2024-08-24 11:30:00,Brighton & Hove Albion,Manchester United,65,1,0,1,66,5,10,14,-11.0,1.2,-40.0,-197.0,0.0,0.31200738251209703,0,2,1.9226054996252118
211,12436888,Premier League,24/25,2024-08-24 11:30:00,Brighton & Hove Albion,Manchester United,70,1,0,1,71,5,10,17,-10.0,-10.5,-4.0,-247.0,0.780221518129111,0.780221518129111,3,3,2.7028270177543234
211,12436888,Premier League,24/25,2024-08-24 11:30:00,Brighton & Hove Albion,Manchester United,75,1,0,1,76,5,10,17,-1.4,-5.7,20.0,-254.0,0.0,0.780221518129111,0,3,2.7028270177543234
215,12436892,Premier League,24/25,2024-08-24 14:00:00,Crystal Palace,West Ham United,60,1,0,1,60,5,10,21,-4.0,-9.4,-7.0,20.0,0.0,0.09434635564684901,0,4,1.6240781010128607
215,12436892,Premier League,24/25,2024-08-24 14:00:00,Crystal Palace,West Ham United,65,1,0,1,65,5,10,21,12.2,4.1,54.0,81.0,0.0,0.0,0,0,1.6240781010128607
215,12436892,Premier League,24/25,2024-08-24 14:00:00,Crystal Palace,West Ham United,70,1,0,1,70,5,10,24,11.2,11.7,3.0,137.0,0.317714631557464,0.317714631557464,3,3,1.9417927325703248
215,12436892,Premier League,24/25,2024-08-24 14:00:00,Crystal Palace,West Ham United,75,1,0,1,75,5,10,26,-8.4,1.4,-30.0,95.0,0.40743140131236,0.725146032869824,2,5,2.349224133882684
217,12436894,Premier League,24/25,2024-08-24 14:00:00,Fulham,Leicester City,60,1,0,1,61,5,10,19,30.8,25.9,27.0,793.0,0.13111053407192,0.18956608884036302,1,3,1.8206755621358646
217,12436894,Premier League,24/25,2024-08-24 14:00:00,Fulham,Leicester City,65,1,0,1,66,5,10,20,45.6,38.2,7.0,1021.0,0.072966516017914,0.204077050089834,1,2,1.8936420781537788
217,12436894,Premier League,24/25,2024-08-24 14:00:00,Fulham,Leicester City,70,1,0,1,71,5,10,22,31.6,38.6,-9.0,1179.0,0.17665867228061,0.24962518829852398,2,3,2.0703007504343884
217,12436894,Premier League,24/25,2024-08-24 14:00:00,Fulham,Leicester City,75,1,0,1,76,5,10,24,7.2,19.4,-28.0,1215.0,0.07510881870985,0.25176749099046003,2,4,2.1454095691442383
221,12436898,Premier League,24/25,2024-08-24 14:00:00,Manchester City,Ipswich Town,60,1,0,1,61,5,10,11,16.4,14.5,-26.0,1763.0,0.0,0.0,0,0,3.098170567342632
221,12436898,Premier League,24/25,2024-08-24 14:00:00,Manchester City,Ipswich Town,65,1,0,1,66,5,10,12,11.0,13.7,1.0,1818.0,0.28241366147995,0.28241366147995,1,1,3.380584228822582
221,12436898,Premier League,24/25,2024-08-24 14:00:00,Manchester City,Ipswich Town,70,1,0,1,71,5,10,13,63.6,37.3,72.0,2136.0,0.10574360191822,0.38815726339817,1,2,3.4863278307408017
221,12436898,Premier League,24/25,2024-08-24 14:00:00,Manchester City,Ipswich Town,75,1,0,1,76,5,10,13,11.4,37.5,-94.0,2193.0,0.0,0.10574360191822,0,1,3.4863278307408017
223,12436900,Premier League,24/25,2024-08-24 14:00:00,Southampton,Nottingham Forest,60,1,0,1,61,5,10,17,45.8,44.2,-7.0,-459.0,0.035035438835621,0.035035438835621,1,1,1.675936779007313
223,12436900,Premier League,24/25,2024-08-24 14:00:00,Southampton,Nottingham Forest,65,1,0,1,66,5,10,20,-0.8,22.5,-77.0,-463.0,0.14818911254406,0.183224551379681,3,4,1.8241258915513732
223,12436900,Premier League,24/25,2024-08-24 14:00:00,Southampton,Nottingham Forest,70,1,0,1,71,5,10,23,-11.8,-6.3,-18.0,-522.0,0.452803069725632,0.600992182269692,3,6,2.2769289612770054
223,12436900,Premier League,24/25,2024-08-24 14:00:00,Southampton,Nottingham Forest,75,1,0,1,76,5,10,24,-24.2,-18.0,4.0,-643.0,0.12796100974083,0.580764079466462,1,4,2.404889971017835
225,12436902,Premier League,24/25,2024-08-24 14:00:00,Tottenham Hotspur,Everton,60,1,0,1,61,5,10,18,9.8,20.5,-54.0,1588.0,0.040785763412714,0.040785763412714,1,1,2.6179923415184025
225,12436902,Premier League,24/25,2024-08-24 14:00:00,Tottenham Hotspur,Everton,65,1,0,1,66,5,10,19,-10.8,-0.5,-11.0,1534.0,0.040689688175917,0.081475451588631,1,2,2.658682029694319
225,12436902,Premier League,24/25,2024-08-24 14:00:00,Tottenham Hotspur,Everton,70,1,0,1,71,5,10,21,20.4,4.8,25.0,1636.0,0.251913040876388,0.292602729052305,2,3,2.9105950705707073
225,12436902,Premier League,24/25,2024-08-24 14:00:00,Tottenham Hotspur,Everton,75,1,0,1,76,5,10,22,37.0,28.7,6.0,1821.0,0.26948353648186,0.521396577358248,1,3,3.1800786070525677
209,12436886,Premier League,24/25,2024-08-24 16:30:00,Aston Villa,Arsenal,60,1,0,1,61,5,10,11,37.6,22.9,38.0,-614.0,0.076605753973126,0.629265910014505,2,4,1.414343424141408
209,12436886,Premier League,24/25,2024-08-24 16:30:00,Aston Villa,Arsenal,65,1,0,1,66,5,10,12,4.8,21.2,-74.0,-590.0,0.062979400157928,0.139585154131054,1,3,1.4773228242993361
209,12436886,Premier League,24/25,2024-08-24 16:30:00,Aston Villa,Arsenal,70,1,0,1,71,5,10,13,-20.6,-7.9,-26.0,-693.0,0.13433845341206,0.197317853569988,1,2,1.611661277711396
209,12436886,Premier League,24/25,2024-08-24 16:30:00,Aston Villa,Arsenal,75,1,0,1,76,5,10,13,-17.0,-18.8,-11.0,-778.0,0.0,0.13433845341206,0,1,1.611661277711396
207,12436884,Premier League,24/25,2024-08-25 13:00:00,Bournemouth,Newcastle United,60,1,0,1,61,5,10,16,8.2,4.8,33.0,38.0,0.044195950031280004,0.11824086494743799,2,4,1.5115283355116842
207,12436884,Premier League,24/25,2024-08-25 13:00:00,Bournemouth,Newcastle United,65,1,0,1,66,5,10,17,16.0,12.1,31.0,118.0,0.70899283885956,0.7531887888908401,1,3,2.220521174371244
207,12436884,Premier League,24/25,2024-08-25 13:00:00,Bournemouth,Newcastle United,70,1,0,1,71,5,10,20,0.4,8.2,-20.0,120.0,0.59208053350448,1.30107337236404,3,4,2.8126017078757233
207,12436884,Premier League,24/25,2024-08-25 13:00:00,Bournemouth,Newcastle United,75,1,0,1,76,5,10,21,-43.0,-21.3,-41.0,-95.0,0.080909743905067,0.672990277409547,1,4,2.8935114517807907
227,12436904,Premier League,24/25,2024-08-25 13:00:00,Wolverhampton,Chelsea,60,1,0,1,61,5,10,17,-19.0,-20.5,0.0,-198.0,0.120671465992928,0.120671465992928,2,2,2.7322219945490405
227,12436904,Premier League,24/25,2024-08-25 13:00:00,Wolverhampton,Chelsea,65,1,0,1,66,5,10,19,-45.4,-32.2,2.0,-425.0,0.31745174527168596,0.43812321126461395,2,4,3.0496737398207263
227,12436904,Premier League,24/25,2024-08-25 13:00:00,Wolverhampton,Chelsea,70,1,0,1,71,5,10,20,-51.8,-48.6,-35.0,-684.0,0.066927783191204,0.38437952846289003,1,3,3.1166015230119304
227,12436904,Premier League,24/25,2024-08-25 13:00:00,Wolverhampton,Chelsea,75,1,0,1,76,5,10,20,-16.0,-33.9,73.0,-764.0,0.0,0.066927783191204,0,1,3.1166015230119304
219,12436896,Premier League,24/25,2024-08-25 15:30:00,Liverpool FC,Brentford,60,1,0,1,61,5,10,19,-2.0,-4.6,37.0,468.0,0.555150585249067,0.6402518418617555,3,6,2.193682464305317
219,12436896,Premier League,24/25,2024-08-25 15:30:00,Liverpool FC,Brentford,65,1,0,1,66,5,10,22,57.4,27.7,43.0,755.0,0.346104502677916,0.901255087926983,3,6,2.5397869669832334
219,12436896,Premier League,24/25,2024-08-25 15:30:00,Liverpool FC,Brentford,70,1,0,1,71,5,10,25,43.0,50.2,-28.0,970.0,0.535977650433782,0.882082153111698,3,6,3.0757646174170152
219,12436896,Premier League,24/25,2024-08-25 15:30:00,Liverpool FC,Brentford,75,1,0,1,76,5,10,25,33.8,38.4,6.0,1139.0,0.0,0.535977650433782,0,3,3.0757646174170152
229,12436906,Premier League,24/25,2024-08-31 11:30:00,Arsenal,Brighton & Hove Albion,60,1,0,1,61,5,10,17,-40.2,-33.4,-41.0,33.0,0.72681668400764,0.9921881109476041,3,6,2.2122721672058043
229,12436906,Premier League,24/25,2024-08-31 11:30:00,Arsenal,Brighton & Hove Albion,65,1,0,1,66,5,10,18,-54.2,-47.2,10.0,-238.0,0.037587940692902,0.764404624700542,1,4,2.2498601078987064
229,12436906,Premier League,24/25,2024-08-31 11:30:00,Arsenal,Brighton & Hove Albion,70,1,0,1,71,5,10,18,-23.2,-38.7,39.0,-354.0,0.0,0.037587940692902,0,1,2.2498601078987064
229,12436906,Premier League,24/25,2024-08-31 11:30:00,Arsenal,Brighton & Hove Albion,75,1,0,1,76,5,10,21,-26.2,-24.7,-32.0,-485.0,0.553904615342617,0.553904615342617,3,3,2.8037647232413234
231,12436908,Premier League,24/25,2024-08-31 14:00:00,Brentford,Southampton,60,1,0,1,61,5,10,20,9.6,5.7,-21.0,369.0,0.0,0.15713308751583,0,1,2.178595731034865
231,12436908,Premier League,24/25,2024-08-31 14:00:00,Brentford,Southampton,65,1,0,1,66,5,10,26,-7.8,0.9,57.0,330.0,0.7411109581589661,0.7411109581589661,6,6,2.919706689193831
231,12436908,Premier League,24/25,2024-08-31 14:00:00,Brentford,Southampton,70,1,0,1,71,5,10,28,0.8,-3.5,12.0,334.0,0.561499707400802,1.3026106655597682,2,8,3.4812063965946334
231,12436908,Premier League,24/25,2024-08-31 14:00:00,Brentford,Southampton,75,1,0,1,76,5,10,29,-7.6,-3.4,-45.0,296.0,0.16901630163193,0.7305160090327321,1,3,3.650222698226563
235,12436912,Premier League,24/25,2024-08-31 14:00:00,Everton,Bournemouth,60,1,0,1,61,5,10,19,64.0,61.0,-2.0,874.0,0.33370754122734,0.9510163404047499,1,3,1.98745376197622
235,12436912,Premier League,24/25,2024-08-31 14:00:00,Everton,Bournemouth,65,1,0,1,66,5,10,20,26.8,45.4,-29.0,1008.0,0.13081786036491,0.46452540159225,1,2,2.11827162234113
235,12436912,Premier League,24/25,2024-08-31 14:00:00,Everton,Bournemouth,70,1,0,1,71,5,10,22,38.0,32.4,-3.0,1198.0,0.061920600011945,0.192738460376855,2,3,2.180192222353075
235,12436912,Premier League,24/25,2024-08-31 14:00:00,Everton,Bournemouth,75,1,0,1,76,5,10,23,35.8,36.9,24.0,1377.0,0.12824912369251,0.19016972370445498,1,3,2.3084413460455853
238,12436915,Premier League,24/25,2024-08-31 14:00:00,Ipswich Town,Fulham,60,1,0,1,61,5,10,13,46.2,31.4,12.0,-123.0,0.098635341972113,0.119043434038759,3,4,1.061609562486404
238,12436915,Premier League,24/25,2024-08-31 14:00:00,Ipswich Town,Fulham,65,1,0,1,66,5,10,14,14.2,30.2,-37.0,-52.0,0.14142265915871,0.24005800113082298,1,4,1.2030322216451141
238,12436915,Premier League,24/25,2024-08-31 14:00:00,Ipswich Town,Fulham,70,1,0,1,71,5,10,15,-20.4,-3.1,-68.0,-154.0,0.023819856345654,0.165242515504364,1,2,1.2268520779907681
238,12436915,Premier League,24/25,2024-08-31 14:00:00,Ipswich Town,Fulham,75,1,0,1,76,5,10,15,8.0,-6.2,20.0,-114.0,0.0,0.023819856345654,0,1,1.2268520779907681
240,12436918,Premier League,24/25,2024-08-31 14:00:00,Leicester City,Aston Villa,60,1,0,1,61,5,10,11,35.0,27.6,28.0,79.0,0.076616398990154,0.076616398990154,2,2,1.4431081572547568
240,12436918,Premier League,24/25,2024-08-31 14:00:00,Leicester City,Aston Villa,65,1,0,1,66,5,10,13,-1.8,16.6,-50.0,70.0,0.181922528892754,0.258538927882908,2,4,1.625030686147511
240,12436918,Premier League,24/25,2024-08-31 14:00:00,Leicester City,Aston Villa,70,1,0,1,71,5,10,13,-32.8,-17.3,-58.0,-94.0,0.0,0.181922528892754,0,2,1.625030686147511
240,12436918,Premier League,24/25,2024-08-31 14:00:00,Leicester City,Aston Villa,75,1,0,1,76,5,10,14,26.8,-3.0,62.0,40.0,0.15100982785225,0.15100982785225,1,1,1.7760405139997608
248,12436926,Premier League,24/25,2024-08-31 14:00:00,Nottingham Forest,Wolverhampton,60,1,0,1,61,5,10,14,22.2,14.8,13.0,252.0,0.083238750696182,0.083238750696182,2,2,1.014266405254602
248,12436926,Premier League,24/25,2024-08-31 14:00:00,Nottingham Forest,Wolverhampton,65,1,0,1,66,5,10,16,15.0,18.6,36.0,327.0,0.287580724805597,0.37081947550177896,2,4,1.301847130060199
248,12436926,Premier League,24/25,2024-08-31 14:00:00,Nottingham Forest,Wolverhampton,70,1,0,1,71,5,10,19,24.6,19.8,-21.0,450.0,0.090685511007904,0.378266235813501,3,5,1.392532641068103
248,12436926,Premier League,24/25,2024-08-31 14:00:00,Nottingham Forest,Wolverhampton,75,1,0,1,76,5,10,20,25.6,25.1,-67.0,578.0,0.039584845304489,0.13027035631239298,1,4,1.432117486372592
249,12436927,Premier League,24/25,2024-08-31 16:30:00,West Ham United,Manchester City,60,1,0,1,61,5,10,24,18.2,5.2,63.0,-1670.0,0.120118477381767,0.165029508061708,2,3,2.0231730006635242
249,12436927,Premier League,24/25,2024-08-31 16:30:00,West Ham United,Manchester City,65,1,0,1,66,5,10,26,18.4,18.3,-41.0,-1578.0,0.253224447369576,0.373342924751343,2,4,2.2763974480331
249,12436927,Premier League,24/25,2024-08-31 16:30:00,West Ham United,Manchester City,70,1,0,1,71,5,10,28,-29.2,-5.4,-130.0,-1724.0,0.256319409236316,0.5095438566058921,2,4,2.532716857269416
249,12436927,Premier League,24/25,2024-08-31 16:30:00,West Ham United,Manchester City,75,1,0,1,76,5,10,29,1.0,-14.1,33.0,-1719.0,0.21933102607727,0.47565043531358603,1,3,2.752047883346686
233,12436910,Premier League,24/25,2024-09-01 12:30:00,Chelsea,Crystal Palace,60,1,0,1,61,5,10,14,-29.4,-10.2,-89.0,913.0,0.0,0.081523813307286,0,2,1.87983910180629
233,12436910,Premier League,24/25,2024-09-01 12:30:00,Chelsea,Crystal Palace,65,1,0,1,66,5,10,14,1.2,-14.1,41.0,919.0,0.0,0.0,0,0,1.87983910180629
233,12436910,Premier League,24/25,2024-09-01 12:30:00,Chelsea,Crystal Palace,70,1,0,1,71,5,10,14,5.4,3.3,11.0,946.0,0.0,0.0,0,0,1.87983910180629
233,12436910,Premier League,24/25,2024-09-01 12:30:00,Chelsea,Crystal Palace,75,1,0,1,76,5,10,14,3.2,4.3,2.0,962.0,0.0,0.0,0,0,1.87983910180629
245,12436923,Premier League,24/25,2024-09-01 12:30:00,Newcastle United,Tottenham Hotspur,60,1,0,1,61,5,10,21,-79.2,-60.9,-29.0,-965.0,0.394607614725832,0.681545894593002,4,6,1.8596324864774978
245,12436923,Premier League,24/25,2024-09-01 12:30:00,Newcastle United,Tottenham Hotspur,65,1,0,1,66,5,10,21,-52.8,-66.0,15.0,-1229.0,0.0,0.394607614725832,0,4,1.8596324864774978
245,12436923,Premier League,24/25,2024-09-01 12:30:00,Newcastle United,Tottenham Hotspur,70,1,0,1,71,5,10,23,11.8,-20.5,49.0,-1170.0,0.132456440478563,0.132456440478563,2,2,1.9920889269560607
245,12436923,Premier League,24/25,2024-09-01 12:30:00,Newcastle United,Tottenham Hotspur,75,1,0,1,76,5,10,26,-42.6,-15.4,-73.0,-1383.0,0.088614182546735,0.221070623025298,3,5,2.080703109502796
242,12436920,Premier League,24/25,2024-09-01 15:00:00,Manchester United,Liverpool FC,60,1,0,1,61,5,10,11,-36.8,-10.2,-103.0,-289.0,0.62091721966862,0.696079138666385,4,5,1.4615600034594423
242,12436920,Premier League,24/25,2024-09-01 15:00:00,Manchester United,Liverpool FC,65,1,0,1,66,5,10,12,0.0,-18.4,50.0,-289.0,0.33230689167976,0.95322411134838,1,5,1.793866895139202
242,12436920,Premier League,24/25,2024-09-01 15:00:00,Manchester United,Liverpool FC,70,1,0,1,71,5,10,13,17.2,8.6,72.0,-203.0,0.060208883136511,0.39251577481627103,1,2,1.8540757782757131
242,12436920,Premier League,24/25,2024-09-01 15:00:00,Manchester United,Liverpool FC,75,1,0,1,76,5,10,14,35.8,26.5,-10.0,-24.0,0.34384772181511,0.404056604951621,1,2,2.197923500090823
270,12436949,Premier League,24/25,2024-09-14 11:30:00,Southampton,Manchester United,60,1,0,1,61,5,10,20,-20.2,-18.5,8.0,-169.0,0.023993019014597,0.10391328111290901,1,2,3.0042934473991436
270,12436949,Premier League,24/25,2024-09-14 11:30:00,Southampton,Manchester United,65,1,0,1,66,5,10,21,-26.4,-23.3,14.0,-301.0,0.010076697915792,0.034069716930389,1,2,3.014370145314935
270,12436949,Premier League,24/25,2024-09-14 11:30:00,Southampton,Manchester United,70,1,0,1,71,5,10,21,-5.4,-15.9,58.0,-328.0,0.0,0.010076697915792,0,1,3.014370145314935
270,12436949,Premier League,24/25,2024-09-14 11:30:00,Southampton,Manchester United,75,1,0,1,76,5,10,21,-8.6,-7.0,4.0,-371.0,0.0,0.0,0,0,3.014370145314935
257,12436936,Premier League,24/25,2024-09-14 14:00:00,Brighton & Hove Albion,Ipswich Town,60,1,0,1,61,5,10,13,3.2,27.9,-35.0,1673.0,0.0,0.352435722947124,0,3,1.652633218094711
257,12436936,Premier League,24/25,2024-09-14 14:00:00,Brighton & Hove Albion,Ipswich Town,65,1,0,1,66,5,10,13,-1.6,0.8,43.0,1665.0,0.0,0.0,0,0,1.652633218094711
257,12436936,Premier League,24/25,2024-09-14 14:00:00,Brighton & Hove Albion,Ipswich Town,70,1,0,1,71,5,10,15,3.4,0.9,-6.0,1682.0,0.076226992532611,0.076226992532611,2,2,1.7288602106273223
257,12436936,Premier League,24/25,2024-09-14 14:00:00,Brighton & Hove Albion,Ipswich Town,75,1,0,1,76,5,10,16,4.6,4.0,0.0,1705.0,0.038545150309801,0.114772142842412,1,3,1.7674053609371232
259,12436938,Premier League,24/25,2024-09-14 14:00:00,Crystal Palace,Leicester City,60,1,0,1,61,5,10,18,-9.4,10.7,-39.0,498.0,0.049068097025156,0.049068097025156,1,1,2.493235275149343
259,12436938,Premier League,24/25,2024-09-14 14:00:00,Crystal Palace,Leicester City,65,1,0,1,66,5,10,19,3.6,-2.9,44.0,516.0,0.011887085624039,0.060955182649195,1,2,2.505122360773382
259,12436938,Premier League,24/25,2024-09-14 14:00:00,Crystal Palace,Leicester City,70,1,0,1,71,5,10,21,9.0,6.3,0.0,561.0,0.084211397916079,0.09609848354011799,2,3,2.5893337586894614
259,12436938,Premier League,24/25,2024-09-14 14:00:00,Crystal Palace,Leicester City,75,1,0,1,76,5,10,22,14.8,11.9,30.0,635.0,0.14369066059589,0.22790205851196899,1,3,2.7330244192853512
262,12436941,Premier League,24/25,2024-09-14 14:00:00,Fulham,West Ham United,60,1,0,1,61,5,10,18,-5.8,-6.6,0.0,543.0,0.24803894758224,0.24803894758224,1,1,1.2495566457510021
262,12436941,Premier League,24/25,2024-09-14 14:00:00,Fulham,West Ham United,65,1,0,1,66,5,10,20,-52.6,-29.2,-39.0,280.0,0.034280406311155004,0.282319353893395,2,3,1.2838370520621571
262,12436941,Premier League,24/25,2024-09-14 14:00:00,Fulham,West Ham United,70,1,0,1,71,5,10,20,-6.6,-29.6,71.0,247.0,0.0,0.034280406311155004,0,2,1.2838370520621571
262,12436941,Premier League,24/25,2024-09-14 14:00:00,Fulham,West Ham United,75,1,0,1,76,5,10,25,4.8,-0.9,25.0,271.0,0.299075068905948,0.299075068905948,5,5,1.582912120968105
265,12436944,Premier League,24/25,2024-09-14 14:00:00,Liverpool FC,Nottingham Forest,60,1,0,1,61,5,10,10,0.0,22.2,-31.0,1233.0,0.14166964683682198,0.22268339153379701,2,4,0.879426392726609
265,12436944,Premier League,24/25,2024-09-14 14:00:00,Liverpool FC,Nottingham Forest,65,1,0,1,66,5,10,10,2.8,1.4,-32.0,1247.0,0.0,0.14166964683682198,0,2,0.879426392726609
265,12436944,Premier League,24/25,2024-09-14 14:00:00,Liverpool FC,Nottingham Forest,70,1,0,1,71,5,10,14,10.0,6.4,15.0,1297.0,0.12784228101372802,0.12784228101372802,4,4,1.007268673740337
265,12436944,Premier League,24/25,2024-09-14 14:00:00,Liverpool FC,Nottingham Forest,75,1,0,1,76,5,10,15,15.6,12.8,28.0,1375.0,0.069535560905933,0.19737784191966098,1,5,1.07680423464627
267,12436946,Premier League,24/25,2024-09-14 14:00:00,Manchester City,Brentford,60,1,0,1,61,5,10,14,14.4,9.3,2.0,267.0,0.0,0.0,0,0,1.600650269538161
267,12436946,Premier League,24/25,2024-09-14 14:00:00,Manchester City,Brentford,65,1,0,1,66,5,10,15,8.0,11.2,-2.0,307.0,0.081261783838272,0.081261783838272,1,1,1.681912053376433
267,12436946,Premier League,24/25,2024-09-14 14:00:00,Manchester City,Brentford,70,1,0,1,71,5,10,18,8.0,8.0,-1.0,347.0,0.289867442101238,0.37112922593951,3,4,1.9717794954776708
267,12436946,Premier League,24/25,2024-09-14 14:00:00,Manchester City,Brentford,75,1,0,1,76,5,10,20,76.2,42.1,65.0,728.0,0.079683192074299,0.36955063417553696,2,5,2.05146268755197
254,12436933,Premier League,24/25,2024-09-14 16:30:00,Aston Villa,Everton,60,1,0,1,61,5,10,13,11.2,10.6,1.0,1238.0,0.12889918684959,0.12889918684959,1,1,2.075967060402037
254,12436933,Premier League,24/25,2024-09-14 16:30:00,Aston Villa,Everton,65,1,0,1,66,5,10,14,37.6,24.4,96.0,1426.0,0.03509858995676,0.16399777680635,1,2,2.111065650358797
254,12436933,Premier League,24/25,2024-09-14 16:30:00,Aston Villa,Everton,70,1,0,1,71,5,10,15,34.6,36.1,-29.0,1599.0,0.032284837216139,0.067383427172899,1,2,2.143350487574936
254,12436933,Premier League,24/25,2024-09-14 16:30:00,Aston Villa,Everton,75,1,0,1,76,5,10,17,22.2,28.4,-39.0,1710.0,0.311901593580845,0.344186430796984,2,3,2.455252081155781
252,12436931,Premier League,24/25,2024-09-14 19:00:00,Bournemouth,Chelsea,60,1,0,1,61,5,10,21,15.6,33.9,-41.0,413.0,0.193825230002404,0.317509479820734,3,4,1.792299148665376
252,12436931,Premier League,24/25,2024-09-14 19:00:00,Bournemouth,Chelsea,65,1,0,1,66,5,10,22,1.0,8.3,-14.0,418.0,0.023145964369178,0.216971194371582,1,4,1.8154451130345541
252,12436931,Premier League,24/25,2024-09-14 19:00:00,Bournemouth,Chelsea,70,1,0,1,71,5,10,23,-24.2,-11.6,-51.0,297.0,0.19063933193684,0.213785296306018,1,2,2.006084444971394
252,12436931,Premier League,24/25,2024-09-14 19:00:00,Bournemouth,Chelsea,75,1,0,1,76,5,10,23,-35.4,-29.8,-15.0,120.0,0.0,0.19063933193684,0,1,2.006084444971394
272,12436951,Premier League,24/25,2024-09-15 13:00:00,Tottenham Hotspur,Arsenal,60,1,0,1,61,5,10,13,4.8,19.9,-46.0,355.0,0.021823201328516,0.021823201328516,1,1,0.8882011119276271
272,12436951,Premier League,24/25,2024-09-15 13:00:00,Tottenham Hotspur,Arsenal,65,1,0,1,66,5,10,16,6.0,5.4,-17.0,385.0,0.39546725153923296,0.41729045286774896,3,4,1.28366836346686
272,12436951,Premier League,24/25,2024-09-15 13:00:00,Tottenham Hotspur,Arsenal,70,1,0,1,71,5,10,16,-4.6,0.7,-15.0,362.0,0.0,0.39546725153923296,0,3,1.28366836346686
272,12436951,Premier League,24/25,2024-09-15 13:00:00,Tottenham Hotspur,Arsenal,75,1,0,1,76,5,10,17,7.8,1.6,14.0,401.0,0.018920639529824,0.018920639529824,1,1,1.302589002996684
274,12436954,Premier League,24/25,2024-09-15 15:30:00,Wolverhampton,Newcastle United,60,1,0,1,61,5,10,15,7.4,11.7,-38.0,-254.0,0.14243681728839802,0.263059094548228,2,3,1.5748656149953633
274,12436954,Premier League,24/25,2024-09-15 15:30:00,Wolverhampton,Newcastle United,65,1,0,1,66,5,10,18,16.2,11.8,-32.0,-173.0,0.125257069244981,0.267693886533379,3,5,1.700122684240344
274,12436954,Premier League,24/25,2024-09-15 15:30:00,Wolverhampton,Newcastle United,70,1,0,1,71,5,10,20,-9.0,3.6,17.0,-218.0,0.11308876052498901,0.23834582976997,2,5,1.8132114447653331
274,12436954,Premier League,24/25,2024-09-15 15:30:00,Wolverhampton,Newcastle United,75,1,0,1,76,5,10,21,-36.0,-22.5,-38.0,-398.0,0.027718380093575,0.140807140618564,1,3,1.840929824858908
298,12436980,Premier League,24/25,2024-09-21 11:30:00,West Ham United,Chelsea,60,1,0,1,61,5,10,17,21.4,22.4,61.0,801.0,0.07173196412622901,0.167531842365861,2,3,1.770835348404948
298,12436980,Premier League,24/25,2024-09-21 11:30:00,West Ham United,Chelsea,65,1,0,1,66,5,10,19,19.0,20.2,-34.0,896.0,0.133435895666481,0.20516785979271,2,4,1.904271244071429
298,12436980,Premier League,24/25,2024-09-21 11:30:00,West Ham United,Chelsea,70,1,0,1,71,5,10,21,-49.8,-15.4,-94.0,647.0,0.177981227636337,0.311417123302818,2,4,2.082252471707766
298,12436980,Premier League,24/25,2024-09-21 11:30:00,West Ham United,Chelsea,75,1,0,1,76,5,10,24,-1.2,-25.5,21.0,641.0,0.7571419291198209,0.935123156756158,3,5,2.8393944008275867
277,12436957,Premier League,24/25,2024-09-21 14:00:00,Aston Villa,Wolverhampton,60,1,0,1,61,5,10,12,12.2,9.1,9.0,-170.0,0.0,0.0,0,0,0.590398240834472
277,12436957,Premier League,24/25,2024-09-21 14:00:00,Aston Villa,Wolverhampton,65,1,0,1,66,5,10,13,18.0,15.1,0.0,-80.0,0.051363464444876,0.051363464444876,1,1,0.6417617052793481
277,12436957,Premier League,24/25,2024-09-21 14:00:00,Aston Villa,Wolverhampton,70,1,0,1,71,5,10,15,30.2,24.1,75.0,71.0,0.32627165317536,0.377635117620236,2,3,0.9680333584547078
277,12436957,Premier League,24/25,2024-09-21 14:00:00,Aston Villa,Wolverhampton,75,1,0,1,76,5,10,16,79.6,54.9,28.0,469.0,0.1266455501318,0.45291720330716,1,3,1.0946789085865078
284,12436964,Premier League,24/25,2024-09-21 14:00:00,Fulham,Newcastle United,60,1,0,1,61,5,10,25,-0.8,12.1,67.0,348.0,0.104037098586559,0.5343705601990191,2,6,2.06240837741643
284,12436964,Premier League,24/25,2024-09-21 14:00:00,Fulham,Newcastle United,65,1,0,1,66,5,10,26,25.4,12.3,-6.0,475.0,0.049970168620348,0.154007267206907,1,3,2.1123785460367777
284,12436964,Premier League,24/25,2024-09-21 14:00:00,Fulham,Newcastle United,70,1,0,1,71,5,10,27,-15.0,5.2,-46.0,400.0,0.041954521089792,0.09192468971014,1,2,2.15433306712657
284,12436964,Premier League,24/25,2024-09-21 14:00:00,Fulham,Newcastle United,75,1,0,1,76,5,10,30,-28.4,-21.7,12.0,258.0,0.780495144426822,0.822449665516614,3,4,2.9348282115533917
287,12436967,Premier League,24/25,2024-09-21 14:00:00,Leicester City,Everton,60,1,0,1,61,5,10,18,15.0,-2.4,46.0,-233.0,0.022764157503843,0.082391552627086,1,2,1.0766673283651376
287,12436967,Premier League,24/25,2024-09-21 14:00:00,Leicester City,Everton,65,1,0,1,66,5,10,19,18.6,16.8,19.0,-140.0,0.086867474019527,0.10963163152337001,1,2,1.1635348023846646
287,12436967,Premier League,24/25,2024-09-21 14:00:00,Leicester City,Everton,70,1,0,1,71,5,10,23,20.6,19.6,21.0,-37.0,0.17241083830595,0.259278312325477,4,5,1.3359456406906145
287,12436967,Premier League,24/25,2024-09-21 14:00:00,Leicester City,Everton,75,1,0,1,76,5,10,24,54.8,37.7,50.0,237.0,0.21446870267391,0.38687954097986,1,5,1.5504143433645243
289,12436969,Premier League,24/25,2024-09-21 14:00:00,Liverpool FC,Bournemouth,60,1,0,1,61,5,10,23,2.2,-13.3,38.0,814.0,0.45820495113730497,0.5049147270619879,3,4,2.089660021942104
289,12436969,Premier League,24/25,2024-09-21 14:00:00,Liverpool FC,Bournemouth,65,1,0,1,66,5,10,23,-5.0,-1.4,10.0,789.0,0.0,0.45820495113730497,0,3,2.089660021942104
289,12436969,Premier League,24/25,2024-09-21 14:00:00,Liverpool FC,Bournemouth,70,1,0,1,71,5,10,24,13.4,4.2,13.0,856.0,0.099796287715435,0.099796287715435,1,1,2.189456309657539
289,12436969,Premier League,24/25,2024-09-21 14:00:00,Liverpool FC,Bournemouth,75,1,0,1,76,5,10,25,19.8,16.6,29.0,955.0,0.0092968316748738,0.1090931193903088,1,2,2.198753141332413
293,12436973,Premier League,24/25,2024-09-21 14:00:00,Southampton,Ipswich Town,60,1,0,1,61,5,10,15,25.8,16.1,-30.0,-243.0,0.0,0.609775498509407,0,3,3.182394422590732
293,12436973,Premier League,24/25,2024-09-21 14:00:00,Southampton,Ipswich Town,65,1,0,1,66,5,10,15,4.6,15.2,-66.0,-220.0,0.0,0.0,0,0,3.182394422590732
293,12436973,Premier League,24/25,2024-09-21 14:00:00,Southampton,Ipswich Town,70,1,0,1,71,5,10,15,-0.2,2.2,0.0,-221.0,0.0,0.0,0,0,3.182394422590732
293,12436973,Premier League,24/25,2024-09-21 14:00:00,Southampton,Ipswich Town,75,1,0,1,76,5,10,16,6.2,3.0,18.0,-190.0,0.020666675642133,0.020666675642133,1,1,3.2030610982328644
296,12436977,Premier League,24/25,2024-09-21 14:00:00,Tottenham Hotspur,Brentford,60,1,0,1,61,5,10,25,40.8,35.6,37.0,990.0,0.067497886717319,0.743920102715494,1,4,3.7001934740692333
296,12436977,Premier League,24/25,2024-09-21 14:00:00,Tottenham Hotspur,Brentford,65,1,0,1,66,5,10,27,-3.8,18.5,-32.0,971.0,0.32409539818764,0.391593284904959,2,3,4.024288872256873
296,12436977,Premier League,24/25,2024-09-21 14:00:00,Tottenham Hotspur,Brentford,70,1,0,1,71,5,10,28,-36.2,-20.0,-81.0,790.0,0.06188203766942,0.38597743585706,1,3,4.0861709099262935
296,12436977,Premier League,24/25,2024-09-21 14:00:00,Tottenham Hotspur,Brentford,75,1,0,1,76,5,10,28,-0.2,-18.2,24.0,789.0,0.0,0.06188203766942,0,1,4.0861709099262935
282,12436962,Premier League,24/25,2024-09-21 16:30:00,Crystal Palace,Manchester United,60,1,0,1,61,5,10,14,-13.4,-22.1,34.0,-1587.0,0.0,0.136083133518696,0,2,1.8016350800171501
282,12436962,Premier League,24/25,2024-09-21 16:30:00,Crystal Palace,Manchester United,65,1,0,1,66,5,10,19,-35.6,-24.5,-18.0,-1765.0,0.439793821424237,0.439793821424237,5,5,2.241428901441387
282,12436962,Premier League,24/25,2024-09-21 16:30:00,Crystal Palace,Manchester United,70,1,0,1,71,5,10,20,20.8,-7.4,13.0,-1661.0,0.064655259251595,0.504449080675832,1,6,2.306084160692982
282,12436962,Premier League,24/25,2024-09-21 16:30:00,Crystal Palace,Manchester United,75,1,0,1,76,5,10,21,-3.0,8.9,12.0,-1676.0,0.34831634163857,0.412971600890165,1,2,2.6544005023315522
279,12436959,Premier League,24/25,2024-09-22 13:00:00,Brighton & Hove Albion,Nottingham Forest,60,1,0,1,61,5,10,14,42.2,52.5,-11.0,1358.0,0.111902689561248,0.260601600632068,2,3,1.8293808233380342
279,12436959,Premier League,24/25,2024-09-22 13:00:00,Brighton & Hove Albion,Nottingham Forest,65,1,0,1,66,5,10,15,8.0,25.1,-44.0,1398.0,0.10593110322952,0.217833792790768,1,3,1.935311926567554
279,12436959,Premier League,24/25,2024-09-22 13:00:00,Brighton & Hove Albion,Nottingham Forest,70,1,0,1,71,5,10,16,-2.2,2.9,-53.0,1387.0,0.4547812640667,0.56071236729622,1,2,2.390093190634254
279,12436959,Premier League,24/25,2024-09-22 13:00:00,Brighton & Hove Albion,Nottingham Forest,75,1,0,1,76,5,10,16,9.4,3.6,31.0,1434.0,0.0,0.4547812640667,0,1,2.390093190634254
291,12436971,Premier League,24/25,2024-09-22 15:30:00,Manchester City,Arsenal,60,1,0,1,61,5,10,17,64.4,53.5,49.0,1317.0,0.245966324582698,0.290910390205683,4,6,1.8028129162266928
291,12436971,Premier League,24/25,2024-09-22 15:30:00,Manchester City,Arsenal,65,1,0,1,66,5,10,19,78.4,71.4,3.0,1709.0,0.094211351126432,0.34017767570913005,2,6,1.8970242673531248
291,12436971,Premier League,24/25,2024-09-22 15:30:00,Manchester City,Arsenal,70,1,0,1,71,5,10,22,31.6,55.0,-77.0,1867.0,0.062345335260033996,0.156556686386466,3,5,1.9593696026131588
291,12436971,Premier League,24/25,2024-09-22 15:30:00,Manchester City,Arsenal,75,1,0,1,76,5,10,24,15.6,23.6,-21.0,1945.0,0.077168054878712,0.139513390138746,2,5,2.036537657491871
316,12436999,Premier League,24/25,2024-09-28 11:30:00,Newcastle United,Manchester City,60,1,0,1,61,5,10,18,4.8,-7.8,-31.0,-346.0,0.8115644138693809,0.912275044286251,2,4,1.570786219128964
316,12436999,Premier League,24/25,2024-09-28 11:30:00,Newcastle United,Manchester City,65,1,0,1,66,5,10,20,32.4,18.6,68.0,-184.0,0.185882836580276,0.997447250449657,2,4,1.7566690557092401
316,12436999,Premier League,24/25,2024-09-28 11:30:00,Newcastle United,Manchester City,70,1,0,1,71,5,10,20,16.0,24.2,-1.0,-104.0,0.0,0.185882836580276,0,2,1.7566690557092401
316,12436999,Premier League,24/25,2024-09-28 11:30:00,Newcastle United,Manchester City,75,1,0,1,76,5,10,22,-38.8,-11.4,-89.0,-298.0,0.115974240005016,0.115974240005016,2,2,1.8726432957142563
303,12436985,Premier League,24/25,2024-09-28 14:00:00,Arsenal,Leicester City,60,1,0,1,61,5,10,22,77.4,63.7,70.0,2558.0,0.361814515665169,1.086082646623257,3,8,2.476914200931798
303,12436985,Premier League,24/25,2024-09-28 14:00:00,Arsenal,Leicester City,65,1,0,1,66,5,10,25,-9.2,34.1,-103.0,2512.0,0.22889017686248,0.590704692527649,3,6,2.705804377794278
303,12436985,Premier League,24/25,2024-09-28 14:00:00,Arsenal,Leicester City,70,1,0,1,71,5,10,29,27.2,9.0,24.0,2648.0,0.822518318891529,1.051408495754009,4,7,3.528322696685807
303,12436985,Premier League,24/25,2024-09-28 14:00:00,Arsenal,Leicester City,75,1,0,1,76,5,10,33,50.6,38.9,40.0,2901.0,0.33239589910955003,1.1549142180010792,4,8,3.860718595795357
305,12436987,Premier League,24/25,2024-09-28 14:00:00,Brentford,West Ham United,60,1,0,1,61,5,10,21,-42.6,-44.0,39.0,-341.0,0.038423165678978,0.371084390208126,1,4,1.1347825564444087
305,12436987,Premier League,24/25,2024-09-28 14:00:00,Brentford,West Ham United,65,1,0,1,66,5,10,23,37.6,-2.5,84.0,-153.0,0.066773200407625,0.10519636608660299,2,3,1.2015557568520334
305,12436987,Premier League,24/25,2024-09-28 14:00:00,Brentford,West Ham United,70,1,0,1,71,5,10,23,28.6,33.1,42.0,-10.0,0.0,0.066773200407625,0,2,1.2015557568520334
305,12436987,Premier League,24/25,2024-09-28 14:00:00,Brentford,West Ham United,75,1,0,1,76,5,10,23,29.8,29.2,-23.0,139.0,0.0,0.0,0,0,1.2015557568520334
307,12436989,Premier League,24/25,2024-09-28 14:00:00,Chelsea,Brighton & Hove Albion,60,1,0,1,61,5,10,22,26.6,46.4,-95.0,570.0,0.54234021902084,0.7656265702098529,1,4,4.711812319272748
307,12436989,Premier League,24/25,2024-09-28 14:00:00,Chelsea,Brighton & Hove Albion,65,1,0,1,66,5,10,23,-18.8,3.9,-84.0,476.0,0.022172216325998,0.5645124353468379,1,2,4.733984535598746
307,12436989,Premier League,24/25,2024-09-28 14:00:00,Chelsea,Brighton & Hove Albion,70,1,0,1,71,5,10,24,9.2,-4.8,71.0,522.0,0.1777878254652,0.199960041791198,1,2,4.911772361063946
307,12436989,Premier League,24/25,2024-09-28 14:00:00,Chelsea,Brighton & Hove Albion,75,1,0,1,76,5,10,25,22.0,15.6,-2.0,632.0,0.083974458277225,0.261762283742425,1,2,4.995746819341171
310,12436992,Premier League,24/25,2024-09-28 14:00:00,Everton,Crystal Palace,60,1,0,1,61,5,10,15,23.8,25.6,-35.0,185.0,0.0,0.10316067188978,0,1,1.299954357556997
310,12436992,Premier League,24/25,2024-09-28 14:00:00,Everton,Crystal Palace,65,1,0,1,66,5,10,16,-31.4,-3.8,-52.0,28.0,0.052606299519539,0.052606299519539,1,1,1.352560657076536
310,12436992,Premier League,24/25,2024-09-28 14:00:00,Everton,Crystal Palace,70,1,0,1,71,5,10,18,10.0,-10.7,17.0,78.0,0.13860299624502398,0.19120929576456297,2,3,1.4911636533215598
310,12436992,Premier League,24/25,2024-09-28 14:00:00,Everton,Crystal Palace,75,1,0,1,76,5,10,19,-29.6,-9.8,-1.0,-70.0,0.044342294335365,0.182945290580389,1,3,1.5355059476569248
318,12437001,Premier League,24/25,2024-09-28 14:00:00,Nottingham Forest,Fulham,60,1,0,1,61,5,10,14,-12.8,-16.8,47.0,-455.0,0.0,0.814157005438209,0,2,1.5611391067892357
318,12437001,Premier League,24/25,2024-09-28 14:00:00,Nottingham Forest,Fulham,65,1,0,1,66,5,10,18,9.4,-1.7,32.0,-408.0,0.289751311764122,0.289751311764122,4,4,1.8508904185533577
318,12437001,Premier League,24/25,2024-09-28 14:00:00,Nottingham Forest,Fulham,70,1,0,1,71,5,10,18,18.2,13.8,16.0,-317.0,0.0,0.289751311764122,0,4,1.8508904185533577
318,12437001,Premier League,24/25,2024-09-28 14:00:00,Nottingham Forest,Fulham,75,1,0,1,76,5,10,21,-14.2,2.0,-48.0,-388.0,0.10304431989789,0.10304431989789,3,3,1.9539347384512478
319,12437002,Premier League,24/25,2024-09-28 16:30:00,Wolverhampton,Liverpool FC,60,1,0,1,61,5,10,11,-4.6,-15.7,11.0,-649.0,0.37815487384796,0.37815487384796,1,1,2.0622990503907133
319,12437002,Premier League,24/25,2024-09-28 16:30:00,Wolverhampton,Liverpool FC,65,1,0,1,66,5,10,13,-23.6,-14.1,-34.0,-767.0,0.830172466152906,1.2083273400008658,2,3,2.89247151654362
319,12437002,Premier League,24/25,2024-09-28 16:30:00,Wolverhampton,Liverpool FC,70,1,0,1,71,5,10,14,-1.2,-12.4,7.0,-773.0,0.016554519534111,0.846726985687017,1,3,2.909026036077731
319,12437002,Premier League,24/25,2024-09-28 16:30:00,Wolverhampton,Liverpool FC,75,1,0,1,76,5,10,15,-3.8,-2.5,32.0,-792.0,0.10546360164881,0.12201812118292099,1,2,3.0144896377265407
311,12436993,Premier League,24/25,2024-09-29 13:00:00,Ipswich Town,Aston Villa,60,1,0,1,61,5,10,12,13.0,14.9,23.0,-8.0,0.019934330135584,0.019934330135584,1,1,1.218473443761466
311,12436993,Premier League,24/25,2024-09-29 13:00:00,Ipswich Town,Aston Villa,65,1,0,1,66,5,10,12,10.4,11.7,-10.0,44.0,0.0,0.019934330135584,0,1,1.218473443761466
311,12436993,Premier League,24/25,2024-09-29 13:00:00,Ipswich Town,Aston Villa,70,1,0,1,71,5,10,13,-3.4,3.5,-23.0,27.0,0.035054039210081,0.035054039210081,1,1,1.253527482971547
311,12436993,Premier League,24/25,2024-09-29 13:00:00,Ipswich Town,Aston Villa,75,1,0,1,76,5,10,15,5.2,0.9,18.0,53.0,0.334164749830959,0.36921878904104,2,3,1.587692232802506
313,12436995,Premier League,24/25,2024-09-29 15:30:00,Manchester United,Tottenham Hotspur,60,1,0,1,61,5,10,21,-52.8,-46.7,-42.0,-1657.0,0.4456821009516667,0.5634614601731267,4,5,3.2799156624823773
313,12436995,Premier League,24/25,2024-09-29 15:30:00,Manchester United,Tottenham Hotspur,65,1,0,1,66,5,10,22,64.0,5.6,88.0,-1337.0,0.086810097098351,0.5324921980500177,1,5,3.3667257595807283
313,12436995,Premier League,24/25,2024-09-29 15:30:00,Manchester United,Tottenham Hotspur,70,1,0,1,71,5,10,23,12.6,38.3,-67.0,-1274.0,0.081260569393635,0.168070666491986,1,2,3.447986328974363
313,12436995,Premier League,24/25,2024-09-29 15:30:00,Manchester United,Tottenham Hotspur,75,1,0,1,76,5,10,26,18.0,15.3,-10.0,-1184.0,0.277680659666657,0.358941229060292,3,4,3.725666988641021
300,12436982,Premier League,24/25,2024-09-30 19:00:00,Bournemouth,Southampton,60,1,0,1,61,5,10,13,-14.6,-25.8,81.0,382.0,0.034701433032751,0.24281342700124,1,3,1.4219796992838318
300,12436982,Premier League,24/25,2024-09-30 19:00:00,Bournemouth,Southampton,65,1,0,1,66,5,10,16,40.8,13.1,30.0,586.0,0.13012286834418801,0.16482430137693901,3,4,1.55210256762802
300,12436982,Premier League,24/25,2024-09-30 19:00:00,Bournemouth,Southampton,70,1,0,1,71,5,10,18,22.0,31.4,-67.0,696.0,0.207498535513882,0.33762140385807,2,5,1.7596011031419019
300,12436982,Premier League,24/25,2024-09-30 19:00:00,Bournemouth,Southampton,75,1,0,1,76,5,10,19,-19.4,1.3,-36.0,599.0,0.070720784366131,0.278219319880013,1,3,1.8303218875080327
332,12437015,Premier League,24/25,2024-10-05 11:30:00,Crystal Palace,Liverpool FC,60,0,1,1,0,0,0,11,,,,,0.24018608406185699,0.24018608406185699,2,2,0.949309803545475
332,12437015,Premier League,24/25,2024-10-05 11:30:00,Crystal Palace,Liverpool FC,65,0,1,1,0,0,0,13,,,,,0.422760374844072,0.662946458905929,2,4,1.3720701783895468
332,12437015,Premier League,24/25,2024-10-05 11:30:00,Crystal Palace,Liverpool FC,70,0,1,1,0,0,0,18,,,,,0.392898844555022,0.8156592193990939,5,7,1.7649690229445687
332,12437015,Premier League,24/25,2024-10-05 11:30:00,Crystal Palace,Liverpool FC,75,0,1,1,0,0,0,19,,,,,0.0097469184547663,0.40264576300978827,1,6,1.7747159413993352
321,12437004,Premier League,24/25,2024-10-05 14:00:00,Arsenal,Southampton,60,1,0,1,61,5,10,21,11.8,-6.6,67.0,1480.0,0.12771616876125,0.188482180237767,1,2,1.689399402588593
321,12437004,Premier League,24/25,2024-10-05 14:00:00,Arsenal,Southampton,65,1,0,1,66,5,10,24,45.0,28.4,88.0,1705.0,0.150803009048105,0.278519177809355,3,4,1.8402024116366982
321,12437004,Premier League,24/25,2024-10-05 14:00:00,Arsenal,Southampton,70,1,0,1,71,5,10,26,56.8,50.9,35.0,1989.0,0.5775311589241,0.7283341679722051,2,5,2.417733570560798
321,12437004,Premier League,24/25,2024-10-05 14:00:00,Arsenal,Southampton,75,1,0,1,76,5,10,27,18.0,37.4,-36.0,2079.0,0.033509287983179,0.611040446907279,1,3,2.451242858543977
325,12437008,Premier League,24/25,2024-10-05 14:00:00,Brentford,Wolverhampton,60,1,0,1,61,5,10,22,-0.4,-12.3,3.0,428.0,0.037769231945276,0.20679683238267998,2,5,3.085376066194477
325,12437008,Premier League,24/25,2024-10-05 14:00:00,Brentford,Wolverhampton,65,1,0,1,66,5,10,24,-14.2,-7.3,-11.0,357.0,0.275837756693368,0.313606988638644,2,4,3.361213822887845
325,12437008,Premier League,24/25,2024-10-05 14:00:00,Brentford,Wolverhampton,70,1,0,1,71,5,10,26,30.4,8.1,15.0,509.0,0.0266576148569581,0.30249537155032613,2,4,3.387871437744803
325,12437008,Premier League,24/25,2024-10-05 14:00:00,Brentford,Wolverhampton,75,1,0,1,76,5,10,28,-2.2,14.1,-29.0,498.0,0.46112954616546,0.4877871610224181,2,4,3.849000983910263
336,12437020,Premier League,24/25,2024-10-05 14:00:00,Leicester City,Bournemouth,60,1,0,1,61,5,10,16,-12.2,-33.5,39.0,-552.0,0.048007909208536,0.40088148787618094,1,3,1.880820059217526
336,12437020,Premier League,24/25,2024-10-05 14:00:00,Leicester City,Bournemouth,65,1,0,1,66,5,10,16,-11.4,-11.8,29.0,-609.0,0.0,0.048007909208536,0,1,1.880820059217526
336,12437020,Premier League,24/25,2024-10-05 14:00:00,Leicester City,Bournemouth,70,1,0,1,71,5,10,16,4.2,-3.6,10.0,-588.0,0.0,0.0,0,0,1.880820059217526
336,12437020,Premier League,24/25,2024-10-05 14:00:00,Leicester City,Bournemouth,75,1,0,1,76,5,10,17,-42.8,-19.3,-26.0,-802.0,0.45290040969849,0.45290040969849,1,1,2.333720468916016
338,12437022,Premier League,24/25,2024-10-05 14:00:00,Manchester City,Fulham,60,1,0,1,61,5,10,25,29.8,38.3,-22.0,1290.0,0.05463045835495,0.145069226622582,1,2,3.062147034332173
338,12437022,Premier League,24/25,2024-10-05 14:00:00,Manchester City,Fulham,65,1,0,1,66,5,10,26,19.8,24.8,-22.0,1389.0,0.019633106887341,0.074263565242291,1,2,3.081780141219514
338,12437022,Premier League,24/25,2024-10-05 14:00:00,Manchester City,Fulham,70,1,0,1,71,5,10,27,-5.2,7.3,-53.0,1363.0,0.53171443939209,0.551347546279431,1,2,3.613494580611604
338,12437022,Premier League,24/25,2024-10-05 14:00:00,Manchester City,Fulham,75,1,0,1,76,5,10,27,-19.2,-12.2,-23.0,1267.0,0.0,0.53171443939209,0,1,3.613494580611604
340,12437024,Premier League,24/25,2024-10-05 14:00:00,West Ham United,Ipswich Town,60,1,0,1,61,5,10,22,-2.0,6.3,23.0,917.0,0.57861030101776,0.624832920730113,1,3,2.992348920553926
340,12437024,Premier League,24/25,2024-10-05 14:00:00,West Ham United,Ipswich Town,65,1,0,1,66,5,10,23,3.0,0.5,-6.0,932.0,0.087580397725105,0.666190698742865,1,2,3.079929318279031
340,12437024,Premier League,24/25,2024-10-05 14:00:00,West Ham United,Ipswich Town,70,1,0,1,71,5,10,25,-41.4,-19.2,0.0,725.0,1.12731337547302,1.214893773198125,2,3,4.207242693752051
340,12437024,Premier League,24/25,2024-10-05 14:00:00,West Ham United,Ipswich Town,75,1,0,1,76,5,10,25,0.6,-20.4,84.0,728.0,0.0,1.12731337547302,0,2,4.207242693752051
334,12437018,Premier League,24/25,2024-10-05 16:30:00,Everton,Newcastle United,60,1,0,1,61,5,10,13,-2.2,-9.4,-6.0,-1249.0,0.201288682408635,0.33439703192562,2,4,1.697591329963511
334,12437018,Premier League,24/25,2024-10-05 16:30:00,Everton,Newcastle United,65,1,0,1,66,5,10,13,-12.4,-7.3,-35.0,-1311.0,0.0,0.201288682408635,0,2,1.697591329963511
334,12437018,Premier League,24/25,2024-10-05 16:30:00,Everton,Newcastle United,70,1,0,1,71,5,10,17,22.6,5.1,67.0,-1198.0,0.6411223504692269,0.6411223504692269,4,4,2.3387136804327375
334,12437018,Premier League,24/25,2024-10-05 16:30:00,Everton,Newcastle United,75,1,0,1,76,5,10,18,-8.0,7.3,-8.0,-1238.0,0.030228758230805,0.671351108700032,1,5,2.368942438663543
323,12437006,Premier League,24/25,2024-10-06 13:00:00,Aston Villa,Manchester United,60,1,0,1,61,5,10,12,55.4,9.6,58.0,130.0,0.06776920147240201,0.098487341776491,2,3,0.519228695891795
323,12437006,Premier League,24/25,2024-10-06 13:00:00,Aston Villa,Manchester United,65,1,0,1,66,5,10,13,39.8,47.6,-38.0,329.0,0.028524735942483,0.09629393741488501,1,3,0.5477534318342779
323,12437006,Premier League,24/25,2024-10-06 13:00:00,Aston Villa,Manchester United,70,1,0,1,71,5,10,15,-14.6,12.6,-90.0,256.0,0.156119905412193,0.184644641354676,2,3,0.7038733372464712
323,12437006,Premier League,24/25,2024-10-06 13:00:00,Aston Villa,Manchester United,75,1,0,1,76,5,10,15,-22.4,-18.5,-7.0,144.0,0.0,0.156119905412193,0,2,0.7038733372464712
330,12437013,Premier League,24/25,2024-10-06 13:00:00,Chelsea,Nottingham Forest,60,1,0,1,61,5,10,23,23.4,-6.2,122.0,459.0,0.173399286344647,0.265782410278916,3,4,1.7401224486529807
330,12437013,Premier League,24/25,2024-10-06 13:00:00,Chelsea,Nottingham Forest,65,1,0,1,66,5,10,24,31.0,27.2,37.0,614.0,0.11778295040131,0.29118223674595706,1,4,1.8579053990542906
330,12437013,Premier League,24/25,2024-10-06 13:00:00,Chelsea,Nottingham Forest,70,1,0,1,71,5,10,26,48.6,39.8,15.0,857.0,0.05632782913744461,0.1741107795387546,2,3,1.9142332281917351
330,12437013,Premier League,24/25,2024-10-06 13:00:00,Chelsea,Nottingham Forest,75,1,0,1,76,5,10,26,23.6,36.1,-63.0,975.0,0.0,0.05632782913744461,0,2,1.9142332281917351
328,12437011,Premier League,24/25,2024-10-06 15:30:00,Brighton & Hove Albion,Tottenham Hotspur,60,1,0,1,61,5,10,17,26.4,7.1,-7.0,-306.0,0.246559306979178,0.350718520581718,3,4,2.218803253024797
328,12437011,Premier League,24/25,2024-10-06 15:30:00,Brighton & Hove Albion,Tottenham Hotspur,65,1,0,1,66,5,10,18,17.6,22.0,32.0,-218.0,0.068708285689354,0.315267592668532,1,4,2.2875115387141514
328,12437011,Premier League,24/25,2024-10-06 15:30:00,Brighton & Hove Albion,Tottenham Hotspur,70,1,0,1,71,5,10,19,11.0,14.3,-21.0,-163.0,0.55884695053101,0.627555236220364,1,2,2.846358489245161
328,12437011,Premier League,24/25,2024-10-06 15:30:00,Brighton & Hove Albion,Tottenham Hotspur,75,1,0,1,76,5,10,20,-13.8,-1.4,-52.0,-232.0,0.042876437306404,0.601723387837414,1,2,2.8892349265515653
353,12437038,Premier League,24/25,2024-10-19 11:30:00,Tottenham Hotspur,West Ham United,60,1,0,1,61,5,10,24,17.2,23.0,1.0,1298.0,0.096191868185997,0.396189589053387,1,6,1.8049780121073062
353,12437038,Premier League,24/25,2024-10-19 11:30:00,Tottenham Hotspur,West Ham United,65,1,0,1,66,5,10,27,7.4,12.3,-34.0,1335.0,0.662546534091231,0.758738402277228,3,4,2.467524546198537
353,12437038,Premier League,24/25,2024-10-19 11:30:00,Tottenham Hotspur,West Ham United,70,1,0,1,71,5,10,29,31.0,19.2,7.0,1490.0,0.06997602991759799,0.7325225640088291,2,5,2.5375005761161353
353,12437038,Premier League,24/25,2024-10-19 11:30:00,Tottenham Hotspur,West Ham United,75,1,0,1,76,5,10,32,-19.8,5.6,-69.0,1391.0,0.096802312880754,0.166778342798352,3,5,2.6343028889968894
344,12437028,Premier League,24/25,2024-10-19 14:00:00,Fulham,Aston Villa,60,1,0,1,61,5,10,14,-36.8,-1.1,-133.0,-515.0,0.28021355718374297,0.28021355718374297,3,3,2.806440901049959
344,12437028,Premier League,24/25,2024-10-19 14:00:00,Fulham,Aston Villa,65,1,0,1,66,5,10,15,6.2,-15.3,9.0,-484.0,0.023866359144449,0.304079916328192,1,4,2.830307260194408
344,12437028,Premier League,24/25,2024-10-19 14:00:00,Fulham,Aston Villa,70,1,0,1,71,5,10,19,-22.8,-8.3,9.0,-598.0,0.222494360059497,0.246360719203946,4,5,3.052801620253905
344,12437028,Premier League,24/25,2024-10-19 14:00:00,Fulham,Aston Villa,75,1,0,1,76,5,10,19,-6.6,-14.7,-14.0,-631.0,0.0,0.222494360059497,0,4,3.052801620253905
349,12437034,Premier League,24/25,2024-10-19 14:00:00,Manchester United,Brentford,60,1,0,1,61,5,10,21,8.2,33.6,-65.0,989.0,0.025907702744007,0.101493066176772,1,4,1.2292010001838192
349,12437034,Premier League,24/25,2024-10-19 14:00:00,Manchester United,Brentford,65,1,0,1,66,5,10,23,46.6,27.4,1.0,1222.0,0.442636769264936,0.468544472008943,2,3,1.6718377694487552
349,12437034,Premier League,24/25,2024-10-19 14:00:00,Manchester United,Brentford,70,1,0,1,71,5,10,24,-0.8,22.9,-35.0,1218.0,0.16717837750912,0.6098151467740559,1,3,1.8390161469578752
349,12437034,Premier League,24/25,2024-10-19 14:00:00,Manchester United,Brentford,75,1,0,1,76,5,10,24,3.4,1.3,18.0,1235.0,0.0,0.16717837750912,0,1,1.8390161469578752
350,12437035,Premier League,24/25,2024-10-19 14:00:00,Newcastle United,Brighton & Hove Albion,60,1,0,1,61,5,10,15,14.0,2.7,34.0,689.0,0.018626984208822,0.303501188755038,1,3,1.6543044177815225
350,12437035,Premier League,24/25,2024-10-19 14:00:00,Newcastle United,Brighton & Hove Albion,65,1,0,1,66,5,10,20,17.8,15.9,44.0,778.0,0.29172457568347604,0.310351559892298,5,6,1.9460289934649988
350,12437035,Premier League,24/25,2024-10-19 14:00:00,Newcastle United,Brighton & Hove Albion,70,1,0,1,71,5,10,23,49.0,33.4,48.0,1023.0,0.36951973661780296,0.661244312301279,3,8,2.3155487300828015
350,12437035,Premier League,24/25,2024-10-19 14:00:00,Newcastle United,Brighton & Hove Albion,75,1,0,1,76,5,10,25,28.8,38.9,2.0,1167.0,0.39258500933647,0.7621047459542729,2,5,2.7081337394192717
352,12437037,Premier League,24/25,2024-10-19 14:00:00,Southampton,Leicester City,60,1,0,1,61,5,10,17,-19.8,12.4,-67.0,0.0,0.210522091016174,0.228739339858294,2,3,2.719515730626873
352,12437037,Premier League,24/25,2024-10-19 14:00:00,Southampton,Leicester City,65,1,0,1,66,5,10,20,-5.6,-12.7,-54.0,-28.0,1.127716004848478,1.338238095864652,3,5,3.847231735475351
352,12437037,Premier League,24/25,2024-10-19 14:00:00,Southampton,Leicester City,70,1,0,1,71,5,10,23,29.8,12.1,80.0,121.0,0.249075382947924,1.376791387796402,3,6,4.096307118423275
352,12437037,Premier League,24/25,2024-10-19 14:00:00,Southampton,Leicester City,75,1,0,1,76,5,10,26,-28.8,0.5,-63.0,-23.0,0.963021665850284,1.212097048798208,3,6,5.059328784273559
346,12437030,Premier League,24/25,2024-10-19 14:15:00,Ipswich Town,Everton,60,1,0,1,61,5,10,14,-0.8,-24.9,74.0,-590.0,0.067721515893936,0.260319627821448,1,3,1.8172377664595871
346,12437030,Premier League,24/25,2024-10-19 14:15:00,Ipswich Town,Everton,65,1,0,1,66,5,10,16,12.6,5.9,47.0,-527.0,0.118439257144928,0.18616077303886402,2,3,1.9356770236045149
346,12437030,Premier League,24/25,2024-10-19 14:15:00,Ipswich Town,Everton,70,1,0,1,71,5,10,16,6.8,9.7,-28.0,-493.0,0.0,0.118439257144928,0,2,1.9356770236045149
346,12437030,Premier League,24/25,2024-10-19 14:15:00,Ipswich Town,Everton,75,1,0,1,76,5,10,17,9.6,8.2,2.0,-445.0,0.068143218755722,0.068143218755722,1,1,2.003820242360237
342,12437026,Premier League,24/25,2024-10-19 16:30:00,Bournemouth,Arsenal,60,1,0,1,61,5,10,14,12.2,-2.2,44.0,559.0,0.01857478544116,0.10160594806075099,1,3,1.0573655217886
342,12437026,Premier League,24/25,2024-10-19 16:30:00,Bournemouth,Arsenal,65,1,0,1,66,5,10,14,25.6,18.9,16.0,687.0,0.0,0.01857478544116,0,1,1.0573655217886
342,12437026,Premier League,24/25,2024-10-19 16:30:00,Bournemouth,Arsenal,70,1,0,1,71,5,10,17,-27.4,-0.9,-68.0,550.0,0.564945466816426,0.564945466816426,3,3,1.622310988605026
342,12437026,Premier League,24/25,2024-10-19 16:30:00,Bournemouth,Arsenal,75,1,0,1,76,5,10,17,4.4,-11.5,7.0,572.0,0.0,0.564945466816426,0,3,1.622310988605026
354,12437039,Premier League,24/25,2024-10-20 13:00:00,Wolverhampton,Manchester City,60,1,0,1,61,5,10,16,-46.6,-45.8,26.0,-2014.0,0.053795069456100006,0.12272473238408602,2,4,1.500334411859511
354,12437039,Premier League,24/25,2024-10-20 13:00:00,Wolverhampton,Manchester City,65,1,0,1,66,5,10,18,-36.8,-41.7,9.0,-2198.0,0.27882791310548,0.33262298256158,2,4,1.7791623249649913
354,12437039,Premier League,24/25,2024-10-20 13:00:00,Wolverhampton,Manchester City,70,1,0,1,71,5,10,19,-25.2,-31.0,25.0,-2324.0,0.12563224136829,0.40446015447377,1,3,1.904794566333281
354,12437039,Premier League,24/25,2024-10-20 13:00:00,Wolverhampton,Manchester City,75,1,0,1,76,5,10,19,-23.4,-24.3,19.0,-2441.0,0.0,0.12563224136829,0,1,1.904794566333281
348,12437032,Premier League,24/25,2024-10-20 15:30:00,Liverpool FC,Chelsea,60,1,0,1,61,5,10,11,1.4,1.1,51.0,-206.0,0.023353107273579,0.7106545642018289,1,2,2.413169629910584
348,12437032,Premier League,24/25,2024-10-20 15:30:00,Liverpool FC,Chelsea,65,1,0,1,66,5,10,13,-18.6,-8.6,-25.0,-299.0,0.082810256630183,0.106163363903762,2,3,2.4959798865407667
348,12437032,Premier League,24/25,2024-10-20 15:30:00,Liverpool FC,Chelsea,70,1,0,1,71,5,10,13,-22.4,-20.5,-46.0,-411.0,0.0,0.082810256630183,0,2,2.4959798865407667
348,12437032,Premier League,24/25,2024-10-20 15:30:00,Liverpool FC,Chelsea,75,1,0,1,76,5,10,16,-14.0,-18.2,50.0,-481.0,0.149330286309122,0.149330286309122,3,3,2.645310172849889
351,12437036,Premier League,24/25,2024-10-21 19:00:00,Nottingham Forest,Crystal Palace,60,1,0,1,61,5,10,23,14.0,-0.3,18.0,140.0,0.059641946107149,0.273083586245769,1,3,2.1290970277041086
351,12437036,Premier League,24/25,2024-10-21 19:00:00,Nottingham Forest,Crystal Palace,65,1,0,1,66,5,10,28,-16.6,-1.3,23.0,57.0,0.11287107784301101,0.17251302395016,5,6,2.24196810554712
351,12437036,Premier League,24/25,2024-10-21 19:00:00,Nottingham Forest,Crystal Palace,70,1,0,1,71,5,10,31,2.2,-7.2,46.0,68.0,0.151578068733216,0.264449146576227,3,8,2.3935461742803357
351,12437036,Premier League,24/25,2024-10-21 19:00:00,Nottingham Forest,Crystal Palace,75,1,0,1,76,5,10,32,44.8,23.5,18.0,292.0,0.1315261721611,0.283104240894316,1,4,2.525072346441436
362,12437048,Premier League,24/25,2024-10-25 19:00:00,Leicester City,Nottingham Forest,60,1,0,1,61,5,10,22,-23.0,-5.0,-39.0,-99.0,0.41942356899380906,0.49369078688323703,3,5,1.7560234004631747
362,12437048,Premier League,24/25,2024-10-25 19:00:00,Leicester City,Nottingham Forest,65,1,0,1,66,5,10,22,-19.4,-21.2,28.0,-196.0,0.0,0.41942356899380906,0,3,1.7560234004631747
362,12437048,Premier League,24/25,2024-10-25 19:00:00,Leicester City,Nottingham Forest,70,1,0,1,71,5,10,25,1.6,-8.9,26.0,-188.0,0.49851863086223797,0.49851863086223797,3,3,2.2545420313254128
362,12437048,Premier League,24/25,2024-10-25 19:00:00,Leicester City,Nottingham Forest,75,1,0,1,76,5,10,25,4.0,2.8,39.0,-168.0,0.0,0.49851863086223797,0,3,2.2545420313254128
356,12437041,Premier League,24/25,2024-10-26 14:00:00,Aston Villa,Bournemouth,60,1,0,1,61,5,10,18,3.0,13.3,-34.0,633.0,0.0,0.39239144325255904,0,2,1.413272844627502
356,12437041,Premier League,24/25,2024-10-26 14:00:00,Aston Villa,Bournemouth,65,1,0,1,66,5,10,21,61.6,32.3,80.0,941.0,0.103115793317556,0.103115793317556,3,3,1.516388637945058
356,12437041,Premier League,24/25,2024-10-26 14:00:00,Aston Villa,Bournemouth,70,1,0,1,71,5,10,22,26.6,44.1,-24.0,1074.0,0.061648979783058,0.164764773100614,1,4,1.578037617728116
356,12437041,Premier League,24/25,2024-10-26 14:00:00,Aston Villa,Bournemouth,75,1,0,1,76,5,10,23,0.4,13.5,-7.0,1076.0,0.21779803931713,0.279447019100188,1,2,1.795835657045246
357,12437043,Premier League,24/25,2024-10-26 14:00:00,Brentford,Ipswich Town,60,1,0,1,61,5,10,17,23.2,12.3,-7.0,-330.0,0.16417523473501,1.010870588982103,2,4,3.043451035434003
357,12437043,Premier League,24/25,2024-10-26 14:00:00,Brentford,Ipswich Town,65,1,0,1,66,5,10,20,32.8,28.0,-2.0,-166.0,0.815164193511,0.97933942824601,3,5,3.858615228945003
357,12437043,Premier League,24/25,2024-10-26 14:00:00,Brentford,Ipswich Town,70,1,0,1,71,5,10,21,18.2,25.5,-27.0,-75.0,0.52763289213181,1.3427970856428098,1,4,4.386248121076813
357,12437043,Premier League,24/25,2024-10-26 14:00:00,Brentford,Ipswich Town,75,1,0,1,76,5,10,22,56.8,37.5,27.0,209.0,0.089579373598099,0.617212265729909,1,2,4.4758274946749115
358,12437044,Premier League,24/25,2024-10-26 14:00:00,Brighton & Hove Albion,Wolverhampton,60,1,0,1,61,5,10,19,0.2,3.5,-47.0,1292.0,0.0079172924160957,0.0607966147363187,1,2,1.4535746388137356
358,12437044,Premier League,24/25,2024-10-26 14:00:00,Brighton & Hove Albion,Wolverhampton,65,1,0,1,66,5,10,21,19.8,10.0,63.0,1391.0,0.11736530065536499,0.1252825930714607,2,3,1.5709399394691006
358,12437044,Premier League,24/25,2024-10-26 14:00:00,Brighton & Hove Albion,Wolverhampton,70,1,0,1,71,5,10,23,-9.6,5.1,-18.0,1343.0,0.101454654708505,0.21881995536387,2,4,1.6723945941776055
358,12437044,Premier League,24/25,2024-10-26 14:00:00,Brighton & Hove Albion,Wolverhampton,75,1,0,1,76,5,10,25,-12.0,-10.8,-107.0,1283.0,0.39201514422894,0.493469798937445,2,4,2.0644097384065456
363,12437049,Premier League,24/25,2024-10-26 14:00:00,Manchester City,Southampton,60,1,0,1,61,5,10,18,13.6,29.6,-52.0,1688.0,0.044383879750967,0.462270747870206,1,3,1.7123262323439088
363,12437049,Premier League,24/25,2024-10-26 14:00:00,Manchester City,Southampton,65,1,0,1,66,5,10,19,14.2,13.9,13.0,1759.0,0.66449630260468,0.708880182355647,1,2,2.376822534948589
363,12437049,Premier League,24/25,2024-10-26 14:00:00,Manchester City,Southampton,70,1,0,1,71,5,10,21,46.2,30.2,51.0,1990.0,0.038004461675882,0.702500764280562,2,3,2.4148269966244715
363,12437049,Premier League,24/25,2024-10-26 14:00:00,Manchester City,Southampton,75,1,0,1,76,5,10,23,23.0,34.6,-56.0,2105.0,0.142992414534092,0.180996876209974,2,4,2.557819411158563
361,12437047,Premier League,24/25,2024-10-26 16:30:00,Everton,Fulham,60,1,0,1,61,5,10,13,-19.0,-14.9,-6.0,-657.0,0.0,0.029515432193875,0,1,1.296485109254721
361,12437047,Premier League,24/25,2024-10-26 16:30:00,Everton,Fulham,65,1,0,1,66,5,10,16,-1.0,-10.0,48.0,-662.0,0.14841454103589102,0.14841454103589102,3,3,1.444899650290612
361,12437047,Premier League,24/25,2024-10-26 16:30:00,Everton,Fulham,70,1,0,1,71,5,10,16,-28.2,-14.6,19.0,-803.0,0.0,0.14841454103589102,0,3,1.444899650290612
361,12437047,Premier League,24/25,2024-10-26 16:30:00,Everton,Fulham,75,1,0,1,76,5,10,16,-3.4,-15.8,42.0,-820.0,0.0,0.0,0,0,1.444899650290612
359,12437045,Premier League,24/25,2024-10-27 14:00:00,Chelsea,Newcastle United,60,1,0,1,61,5,10,22,17.0,41.5,-8.0,1035.0,0.07449659705162,0.186288278549909,1,3,2.744202705100183
359,12437045,Premier League,24/25,2024-10-27 14:00:00,Chelsea,Newcastle United,65,1,0,1,66,5,10,22,7.6,12.3,-21.0,1073.0,0.0,0.07449659705162,0,1,2.744202705100183
359,12437045,Premier League,24/25,2024-10-27 14:00:00,Chelsea,Newcastle United,70,1,0,1,71,5,10,24,-17.6,-5.0,-47.0,985.0,0.231732901185749,0.231732901185749,2,2,2.975935606285932
359,12437045,Premier League,24/25,2024-10-27 14:00:00,Chelsea,Newcastle United,75,1,0,1,76,5,10,24,-29.8,-23.7,-37.0,836.0,0.0,0.231732901185749,0,2,2.975935606285932
360,12437046,Premier League,24/25,2024-10-27 14:00:00,Crystal Palace,Tottenham Hotspur,60,1,0,1,61,5,10,21,33.0,18.4,58.0,65.0,0.21552144736051998,0.23546001687646398,3,4,1.3939003171399351
360,12437046,Premier League,24/25,2024-10-27 14:00:00,Crystal Palace,Tottenham Hotspur,65,1,0,1,66,5,10,21,-5.6,13.7,53.0,37.0,0.0,0.21552144736051998,0,3,1.3939003171399351
360,12437046,Premier League,24/25,2024-10-27 14:00:00,Crystal Palace,Tottenham Hotspur,70,1,0,1,71,5,10,22,-1.6,-3.6,27.0,29.0,0.027450570836663,0.027450570836663,1,1,1.421350887976598
360,12437046,Premier League,24/25,2024-10-27 14:00:00,Crystal Palace,Tottenham Hotspur,75,1,0,1,76,5,10,22,5.2,1.8,1.0,55.0,0.0,0.027450570836663,0,1,1.421350887976598
364,12437050,Premier League,24/25,2024-10-27 14:00:00,West Ham United,Manchester United,60,1,0,1,61,5,10,14,-16.0,-6.2,-32.0,-359.0,0.020768083631992,0.166398957371711,1,5,1.9239168968051672
364,12437050,Premier League,24/25,2024-10-27 14:00:00,West Ham United,Manchester United,65,1,0,1,66,5,10,17,40.4,12.2,23.0,-157.0,0.8314487896859599,0.8522168733179519,3,4,2.755365686491127
364,12437050,Premier League,24/25,2024-10-27 14:00:00,West Ham United,Manchester United,70,1,0,1,71,5,10,17,5.0,22.7,11.0,-132.0,0.0,0.8314487896859599,0,3,2.755365686491127
364,12437050,Premier League,24/25,2024-10-27 14:00:00,West Ham United,Manchester United,75,1,0,1,76,5,10,20,32.6,18.8,41.0,31.0,1.06781280040741,1.06781280040741,3,3,3.823178486898537
355,12437040,Premier League,24/25,2024-10-27 16:30:00,Arsenal,Liverpool FC,60,1,0,1,61,5,10,12,-25.0,-21.3,-46.0,132.0,0.049803543835879,0.08066258020699099,2,3,1.2131923921406198
355,12437040,Premier League,24/25,2024-10-27 16:30:00,Arsenal,Liverpool FC,65,1,0,1,66,5,10,13,-24.8,-24.9,-55.0,8.0,0.027103526517749,0.076907070353628,1,3,1.240295918658369
355,12437040,Premier League,24/25,2024-10-27 16:30:00,Arsenal,Liverpool FC,70,1,0,1,71,5,10,13,-35.2,-30.0,20.0,-168.0,0.0,0.027103526517749,0,1,1.240295918658369
355,12437040,Premier League,24/25,2024-10-27 16:30:00,Arsenal,Liverpool FC,75,1,0,1,76,5,10,14,-16.4,-25.8,59.0,-250.0,0.051723945885897,0.051723945885897,1,1,1.2920198645442662
370,12437056,Premier League,24/25,2024-11-02 12:30:00,Newcastle United,Arsenal,60,1,0,1,61,5,10,13,21.4,9.0,50.0,-346.0,0.020436273887753,0.043278193101286,1,2,1.0807154811918702
370,12437056,Premier League,24/25,2024-11-02 12:30:00,Newcastle United,Arsenal,65,1,0,1,66,5,10,15,11.2,16.3,-5.0,-290.0,0.08577042073011401,0.10620669461786701,2,3,1.1664859019219842
370,12437056,Premier League,24/25,2024-11-02 12:30:00,Newcastle United,Arsenal,70,1,0,1,71,5,10,16,-12.6,-0.7,-37.0,-353.0,0.048107579350471,0.133878000080585,1,3,1.2145934812724555
370,12437056,Premier League,24/25,2024-11-02 12:30:00,Newcastle United,Arsenal,75,1,0,1,76,5,10,16,-4.6,-8.6,-7.0,-376.0,0.0,0.048107579350471,0,1,1.2145934812724555
365,12437051,Premier League,24/25,2024-11-02 15:00:00,Bournemouth,Manchester City,60,1,0,1,61,5,10,13,-14.2,-23.9,17.0,-468.0,0.062098983675241,0.062098983675241,1,1,1.5348960682749822
365,12437051,Premier League,24/25,2024-11-02 15:00:00,Bournemouth,Manchester City,65,1,0,1,66,5,10,15,-7.2,-10.7,10.0,-504.0,0.392141519114378,0.454240502789619,2,3,1.9270375873893602
365,12437051,Premier League,24/25,2024-11-02 15:00:00,Bournemouth,Manchester City,70,1,0,1,71,5,10,18,37.6,15.2,80.0,-316.0,0.6866925582289669,1.078834077343345,3,5,2.6137301456183266
365,12437051,Premier League,24/25,2024-11-02 15:00:00,Bournemouth,Manchester City,75,1,0,1,76,5,10,18,21.6,29.6,18.0,-208.0,0.0,0.6866925582289669,0,3,2.6137301456183266
367,12437053,Premier League,24/25,2024-11-02 15:00:00,Ipswich Town,Leicester City,60,1,0,1,61,5,10,18,15.8,13.6,-13.0,561.0,0.0,0.08541402220726,0,1,1.2717834571376518
367,12437053,Premier League,24/25,2024-11-02 15:00:00,Ipswich Town,Leicester City,65,1,0,1,66,5,10,20,-16.8,-0.5,-94.0,477.0,0.05100377369672,0.05100377369672,2,2,1.322787230834372
367,12437053,Premier League,24/25,2024-11-02 15:00:00,Ipswich Town,Leicester City,70,1,0,1,71,5,10,21,-24.4,-20.6,11.0,355.0,0.065363429486752,0.116367203183472,1,3,1.388150660321124
367,12437053,Premier League,24/25,2024-11-02 15:00:00,Ipswich Town,Leicester City,75,1,0,1,76,5,10,21,-14.6,-19.5,22.0,282.0,0.0,0.065363429486752,0,1,1.388150660321124
368,12437054,Premier League,24/25,2024-11-02 15:00:00,Liverpool FC,Brighton & Hove Albion,60,1,0,1,61,5,10,15,48.0,49.2,9.0,520.0,0.22479888796806,0.272942759096619,1,2,1.9235086180269652
368,12437054,Premier League,24/25,2024-11-02 15:00:00,Liverpool FC,Brighton & Hove Albion,65,1,0,1,66,5,10,16,12.4,30.2,-77.0,582.0,0.055966887623072,0.28076577559113197,1,2,1.979475505650037
368,12437054,Premier League,24/25,2024-11-02 15:00:00,Liverpool FC,Brighton & Hove Albion,70,1,0,1,71,5,10,18,24.2,18.3,38.0,703.0,0.066459252499044,0.122426140122116,2,3,2.045934758149081
368,12437054,Premier League,24/25,2024-11-02 15:00:00,Liverpool FC,Brighton & Hove Albion,75,1,0,1,76,5,10,21,7.2,15.7,-26.0,739.0,0.170805897563695,0.237265150062739,3,5,2.2167406557127762
371,12437057,Premier League,24/25,2024-11-02 15:00:00,Nottingham Forest,West Ham United,60,1,0,1,61,5,10,13,31.8,19.2,5.0,384.0,0.0,0.037737961858511,0,1,1.5449552778154627
371,12437057,Premier League,24/25,2024-11-02 15:00:00,Nottingham Forest,West Ham United,65,1,0,1,66,5,10,14,8.8,20.3,-25.0,428.0,0.013951748609543,0.013951748609543,1,1,1.5589070264250058
371,12437057,Premier League,24/25,2024-11-02 15:00:00,Nottingham Forest,West Ham United,70,1,0,1,71,5,10,16,42.0,25.4,12.0,638.0,0.058070216327905,0.072021964937448,2,3,1.616977242752911
371,12437057,Premier League,24/25,2024-11-02 15:00:00,Nottingham Forest,West Ham United,75,1,0,1,76,5,10,18,29.6,35.8,-12.0,786.0,0.105891877785325,0.16396209411323,2,4,1.7228691205382358
372,12437058,Premier League,24/25,2024-11-02 15:00:00,Southampton,Everton,60,1,0,1,61,5,10,13,8.0,-3.8,27.0,115.0,0.287134474143388,0.287134474143388,4,4,0.7363257165998242
372,12437058,Premier League,24/25,2024-11-02 15:00:00,Southampton,Everton,65,1,0,1,66,5,10,15,45.4,26.7,36.0,342.0,0.137781411409379,0.424915885552767,2,6,0.874107128009203
372,12437058,Premier League,24/25,2024-11-02 15:00:00,Southampton,Everton,70,1,0,1,71,5,10,18,-21.2,12.1,-72.0,236.0,0.187125328928229,0.324906740337608,3,5,1.061232456937432
372,12437058,Premier League,24/25,2024-11-02 15:00:00,Southampton,Everton,75,1,0,1,76,5,10,18,17.8,-1.7,6.0,325.0,0.0,0.187125328928229,0,3,1.061232456937432
374,12437060,Premier League,24/25,2024-11-02 17:30:00,Wolverhampton,Crystal Palace,60,1,0,1,60,5,10,16,-26.0,2.4,-102.0,-62.0,0.09242589399218501,0.156987569294869,2,4,1.618164848536243
374,12437060,Premier League,24/25,2024-11-02 17:30:00,Wolverhampton,Crystal Palace,65,1,0,1,65,5,10,18,-28.0,-27.0,-96.0,-202.0,0.22407498210668197,0.316500876098867,2,4,1.8422398306429253
374,12437060,Premier League,24/25,2024-11-02 17:30:00,Wolverhampton,Crystal Palace,70,1,0,1,70,5,10,19,-4.2,-16.1,44.0,-223.0,0.61382085084915,0.8378958329558319,1,3,2.456060681492075
374,12437060,Premier League,24/25,2024-11-02 17:30:00,Wolverhampton,Crystal Palace,75,1,0,1,75,5,10,24,-12.4,-8.3,-3.0,-285.0,0.41816356778145,1.0319844186306,5,6,2.874224249273525
373,12437059,Premier League,24/25,2024-11-03 14:00:00,Tottenham Hotspur,Aston Villa,60,1,0,1,61,5,10,19,2.0,16.6,-32.0,675.0,0.0,0.159121146425604,0,3,2.320363205857567
373,12437059,Premier League,24/25,2024-11-03 14:00:00,Tottenham Hotspur,Aston Villa,65,1,0,1,66,5,10,21,-3.2,-0.6,6.0,659.0,0.41633766330778105,0.41633766330778105,2,2,2.736700869165348
373,12437059,Premier League,24/25,2024-11-03 14:00:00,Tottenham Hotspur,Aston Villa,70,1,0,1,71,5,10,22,20.2,8.5,14.0,760.0,0.027966542169452,0.44430420547723304,1,3,2.7646674113347998
373,12437059,Premier League,24/25,2024-11-03 14:00:00,Tottenham Hotspur,Aston Villa,75,1,0,1,76,5,10,23,5.6,12.9,88.0,788.0,0.5907986164093,0.618765158578752,1,2,3.3554660277440997
369,12437055,Premier League,24/25,2024-11-03 16:30:00,Manchester United,Chelsea,60,1,0,1,61,5,10,13,14.4,1.2,32.0,-249.0,0.018104687333107,0.073563426733016,1,3,1.6139981104060963
369,12437055,Premier League,24/25,2024-11-03 16:30:00,Manchester United,Chelsea,65,1,0,1,66,5,10,16,-17.6,-1.6,-39.0,-337.0,0.278148733079437,0.296253420412544,3,4,1.8921468434855337
369,12437055,Premier League,24/25,2024-11-03 16:30:00,Manchester United,Chelsea,70,1,0,1,71,5,10,17,8.8,-4.4,13.0,-293.0,0.7884,1.066548733079437,1,4,2.6805468434855335
369,12437055,Premier League,24/25,2024-11-03 16:30:00,Manchester United,Chelsea,75,1,0,1,76,5,10,18,3.0,5.9,11.0,-278.0,0.032619319856167,0.8210193198561669,1,2,2.713166163341701
366,12437052,Premier League,24/25,2024-11-04 20:00:00,Fulham,Brentford,60,1,0,1,61,5,10,14,4.2,17.6,-28.0,1052.0,0.071894764900208,0.099294306710363,1,2,0.8489856552332671
366,12437052,Premier League,24/25,2024-11-04 20:00:00,Fulham,Brentford,65,1,0,1,66,5,10,14,15.6,9.9,12.0,1130.0,0.0,0.071894764900208,0,1,0.8489856552332671
366,12437052,Premier League,24/25,2024-11-04 20:00:00,Fulham,Brentford,70,1,0,1,71,5,10,18,63.2,39.4,46.0,1446.0,0.10348101705312698,0.10348101705312698,4,4,0.9524666722863941
366,12437052,Premier League,24/25,2024-11-04 20:00:00,Fulham,Brentford,75,1,0,1,76,5,10,19,37.0,50.1,-4.0,1631.0,0.016233691945672,0.11971470899879899,1,5,0.968700364232066
50,12436483,Premier League,24/25,2024-11-09 15:00:00,Crystal Palace,Fulham,60,1,0,1,61,5,10,21,-34.0,-14.7,-115.0,-660.0,0.596265967935324,0.596265967935324,3,3,2.6559845283627648
50,12436483,Premier League,24/25,2024-11-09 15:00:00,Crystal Palace,Fulham,65,1,0,1,66,5,10,22,-24.2,-29.1,-5.0,-781.0,0.029639381915331,0.625905349850655,1,4,2.685623910278095
50,12436483,Premier League,24/25,2024-11-09 15:00:00,Crystal Palace,Fulham,70,1,0,1,71,5,10,25,-5.2,-14.7,49.0,-807.0,0.14520513638854,0.174844518303871,3,4,2.830829046666636
50,12436483,Premier League,24/25,2024-11-09 15:00:00,Crystal Palace,Fulham,75,1,0,1,76,5,10,27,-21.0,-13.1,-19.0,-912.0,0.081951787695289,0.227156924083829,2,5,2.912780834361925
52,12436485,Premier League,24/25,2024-11-09 15:00:00,Wolverhampton,Southampton,60,1,0,1,61,5,10,14,10.6,16.6,-50.0,-749.0,0.029137555509806,0.105435691773891,1,3,1.711636323016142
52,12436485,Premier League,24/25,2024-11-09 15:00:00,Wolverhampton,Southampton,65,1,0,1,66,5,10,14,-21.6,-5.5,-61.0,-857.0,0.0,0.029137555509806,0,1,1.711636323016142
52,12436485,Premier League,24/25,2024-11-09 15:00:00,Wolverhampton,Southampton,70,1,0,1,71,5,10,14,-22.8,-22.2,-18.0,-971.0,0.0,0.0,0,0,1.711636323016142
52,12436485,Premier League,24/25,2024-11-09 15:00:00,Wolverhampton,Southampton,75,1,0,1,76,5,10,14,-29.8,-26.3,-11.0,-1120.0,0.0,0.0,0,0,1.711636323016142
53,12436486,Premier League,24/25,2024-11-09 15:00:00,West Ham United,Everton,60,1,0,1,61,5,10,18,4.8,-5.5,16.0,-616.0,0.042676027864217,0.082868207246064,2,3,0.7410847358405547
53,12436486,Premier League,24/25,2024-11-09 15:00:00,West Ham United,Everton,65,1,0,1,66,5,10,22,-63.4,-29.3,-7.0,-933.0,0.46517426706850795,0.5078502949327249,4,6,1.2062590029090627
53,12436486,Premier League,24/25,2024-11-09 15:00:00,West Ham United,Everton,70,1,0,1,71,5,10,24,-24.0,-43.7,41.0,-1053.0,0.04529423918575,0.510468506254258,2,6,1.2515532420948128
53,12436486,Premier League,24/25,2024-11-09 15:00:00,West Ham United,Everton,75,1,0,1,76,5,10,25,23.2,-0.4,141.0,-937.0,0.27749252319336,0.32278676237910997,1,3,1.5290457652881726
200,12436876,Premier League,24/25,2024-11-09 15:00:00,Brentford,Bournemouth,60,1,0,1,61,5,10,16,47.2,23.9,3.0,77.0,0.46384099125862,0.46384099125862,1,1,2.9856036212295254
200,12436876,Premier League,24/25,2024-11-09 15:00:00,Brentford,Bournemouth,65,1,0,1,66,5,10,16,15.4,31.3,-74.0,154.0,0.0,0.46384099125862,0,1,2.9856036212295254
200,12436876,Premier League,24/25,2024-11-09 15:00:00,Brentford,Bournemouth,70,1,0,1,71,5,10,17,30.0,22.7,11.0,304.0,0.091068655252457,0.091068655252457,1,1,3.0766722764819825
200,12436876,Premier League,24/25,2024-11-09 15:00:00,Brentford,Bournemouth,75,1,0,1,76,5,10,18,24.2,27.1,-37.0,425.0,0.079011082649231,0.170079737901688,1,2,3.155683359131214
205,12436882,Premier League,24/25,2024-11-09 17:30:00,Brighton & Hove Albion,Manchester City,60,1,0,1,61,5,10,14,-17.4,0.2,-48.0,-904.0,0.0,0.365959024056789,0,2,3.130734188482169
205,12436882,Premier League,24/25,2024-11-09 17:30:00,Brighton & Hove Albion,Manchester City,65,1,0,1,66,5,10,16,-16.0,-16.7,59.0,-984.0,0.25796185433864505,0.25796185433864505,2,2,3.388696042820814
205,12436882,Premier League,24/25,2024-11-09 17:30:00,Brighton & Hove Albion,Manchester City,70,1,0,1,71,5,10,18,16.0,0.0,98.0,-904.0,0.50568158924579,0.763643443584435,2,4,3.894377632066604
205,12436882,Premier League,24/25,2024-11-09 17:30:00,Brighton & Hove Albion,Manchester City,75,1,0,1,76,5,10,18,17.6,16.8,-12.0,-816.0,0.0,0.50568158924579,0,2,3.894377632066604
51,12436484,Premier League,24/25,2024-11-09 20:00:00,Liverpool FC,Aston Villa,60,1,0,1,61,5,10,17,-1.2,15.3,-59.0,318.0,0.0,0.0,0,0,2.23615080304444
51,12436484,Premier League,24/25,2024-11-09 20:00:00,Liverpool FC,Aston Villa,65,1,0,1,66,5,10,20,40.4,19.6,39.0,520.0,0.118606081232429,0.118606081232429,3,3,2.354756884276869
51,12436484,Premier League,24/25,2024-11-09 20:00:00,Liverpool FC,Aston Villa,70,1,0,1,71,5,10,20,26.4,33.4,13.0,652.0,0.0,0.118606081232429,0,3,2.354756884276869
51,12436484,Premier League,24/25,2024-11-09 20:00:00,Liverpool FC,Aston Villa,75,1,0,1,76,5,10,23,52.8,39.6,-17.0,916.0,0.176249630749225,0.176249630749225,3,3,2.5310065150260943
54,12436487,Premier League,24/25,2024-11-10 14:00:00,Nottingham Forest,Newcastle United,60,1,0,1,61,5,10,15,-7.6,-18.8,42.0,-1023.0,0.0,0.5433770399540649,0,4,1.371878873556855
54,12436487,Premier League,24/25,2024-11-10 14:00:00,Nottingham Forest,Newcastle United,65,1,0,1,66,5,10,17,15.4,3.9,4.0,-946.0,0.20680514350533702,0.20680514350533702,2,2,1.5786840170621919
54,12436487,Premier League,24/25,2024-11-10 14:00:00,Nottingham Forest,Newcastle United,70,1,0,1,71,5,10,18,-23.8,-4.2,-13.0,-1065.0,0.20671302080154,0.413518164306877,1,3,1.7853970378637318
54,12436487,Premier League,24/25,2024-11-10 14:00:00,Nottingham Forest,Newcastle United,75,1,0,1,76,5,10,20,-1.0,-12.4,65.0,-1070.0,0.11729948222637199,0.32401250302791196,2,3,1.9026965200901038
59,12436492,Premier League,24/25,2024-11-10 14:00:00,Tottenham Hotspur,Ipswich Town,60,1,0,1,61,5,10,16,7.6,16.8,-8.0,848.0,0.10491786897182499,0.10491786897182499,2,2,2.588343953713764
59,12436492,Premier League,24/25,2024-11-10 14:00:00,Tottenham Hotspur,Ipswich Town,65,1,0,1,66,5,10,17,24.4,16.0,-12.0,970.0,0.022325286641717,0.127243155613542,1,3,2.610669240355481
59,12436492,Premier League,24/25,2024-11-10 14:00:00,Tottenham Hotspur,Ipswich Town,70,1,0,1,71,5,10,18,27.0,25.7,47.0,1105.0,0.10403922945261,0.126364516094327,1,2,2.714708469808091
59,12436492,Premier League,24/25,2024-11-10 14:00:00,Tottenham Hotspur,Ipswich Town,75,1,0,1,76,5,10,22,54.6,40.8,78.0,1378.0,0.1321845040656624,0.23622373351827242,4,5,2.8468929738737536
61,12436494,Premier League,24/25,2024-11-10 14:00:00,Manchester United,Leicester City,60,1,0,1,61,5,10,15,10.4,2.9,13.0,85.0,0.0,0.0,0,0,1.2445189496502367
61,12436494,Premier League,24/25,2024-11-10 14:00:00,Manchester United,Leicester City,65,1,0,1,66,5,10,15,-15.2,-2.4,-8.0,9.0,0.0,0.0,0,0,1.2445189496502367
61,12436494,Premier League,24/25,2024-11-10 14:00:00,Manchester United,Leicester City,70,1,0,1,71,5,10,16,8.8,-3.2,16.0,53.0,0.047464739531279,0.047464739531279,1,1,1.2919836891815162
61,12436494,Premier League,24/25,2024-11-10 14:00:00,Manchester United,Leicester City,75,1,0,1,76,5,10,16,-24.6,-7.9,15.0,-70.0,0.0,0.047464739531279,0,1,1.2919836891815162
213,12436890,Premier League,24/25,2024-11-10 16:30:00,Chelsea,Arsenal,60,1,0,1,61,5,10,19,-11.8,11.3,-54.0,160.0,0.23392258584499,0.6701524276286359,1,4,2.231134770438077
213,12436890,Premier League,24/25,2024-11-10 16:30:00,Chelsea,Arsenal,65,1,0,1,66,5,10,19,-24.0,-17.9,-36.0,40.0,0.0,0.23392258584499,0,1,2.231134770438077
213,12436890,Premier League,24/25,2024-11-10 16:30:00,Chelsea,Arsenal,70,1,0,1,71,5,10,24,5.4,-9.3,96.0,67.0,0.15986024215817402,0.15986024215817402,5,5,2.390995012596251
213,12436890,Premier League,24/25,2024-11-10 16:30:00,Chelsea,Arsenal,75,1,0,1,76,5,10,25,1.8,3.6,8.0,76.0,0.10092221200466,0.260782454162834,1,6,2.491917224600911
62,12436495,Premier League,24/25,2024-11-23 12:30:00,Leicester City,Chelsea,60,1,0,1,61,5,10,13,-27.8,-24.9,-45.0,-1302.0,0.0,0.963448826223609,0,3,2.113605010323222
62,12436495,Premier League,24/25,2024-11-23 12:30:00,Leicester City,Chelsea,65,1,0,1,66,5,10,14,-38.2,-33.0,25.0,-1493.0,0.043857201933861,0.043857201933861,1,1,2.157462212257083
62,12436495,Premier League,24/25,2024-11-23 12:30:00,Leicester City,Chelsea,70,1,0,1,71,5,10,14,-23.0,-30.6,-10.0,-1608.0,0.0,0.043857201933861,0,1,2.157462212257083
62,12436495,Premier League,24/25,2024-11-23 12:30:00,Leicester City,Chelsea,75,1,0,1,76,5,10,16,-16.6,-19.8,-10.0,-1691.0,0.90827876329422,0.90827876329422,2,2,3.0657409755513028
55,12436488,Premier League,24/25,2024-11-23 15:00:00,Everton,Brentford,60,1,0,1,61,5,10,23,23.6,27.3,19.0,554.0,0.023106893524528,0.023106893524528,1,1,1.545361422933645
55,12436488,Premier League,24/25,2024-11-23 15:00:00,Everton,Brentford,65,1,0,1,66,5,10,27,-2.0,10.8,-48.0,544.0,0.217873536050319,0.240980429574847,4,5,1.7632349589839642
55,12436488,Premier League,24/25,2024-11-23 15:00:00,Everton,Brentford,70,1,0,1,71,5,10,28,25.2,11.6,-10.0,670.0,0.011555387638509,0.229428923688828,1,5,1.774790346622473
55,12436488,Premier League,24/25,2024-11-23 15:00:00,Everton,Brentford,75,1,0,1,76,5,10,28,18.4,21.8,-2.0,762.0,0.0,0.011555387638509,0,1,1.774790346622473
56,12436489,Premier League,24/25,2024-11-23 15:00:00,Arsenal,Nottingham Forest,60,1,0,1,61,5,10,14,4.4,0.7,14.0,1282.0,0.0,0.040615513920784,0,1,1.036097625270484
56,12436489,Premier League,24/25,2024-11-23 15:00:00,Arsenal,Nottingham Forest,65,1,0,1,66,5,10,15,-6.4,-1.0,-17.0,1250.0,0.046625226736069,0.046625226736069,1,1,1.0827228520065528
56,12436489,Premier League,24/25,2024-11-23 15:00:00,Arsenal,Nottingham Forest,70,1,0,1,71,5,10,16,24.2,8.9,36.0,1371.0,0.043986346572638,0.090611573308707,1,2,1.1267091985791908
56,12436489,Premier League,24/25,2024-11-23 15:00:00,Arsenal,Nottingham Forest,75,1,0,1,76,5,10,17,3.2,13.7,-33.0,1387.0,0.072479523718357,0.116465870290995,1,2,1.199188722297548
57,12436490,Premier League,24/25,2024-11-23 15:00:00,Fulham,Wolverhampton,60,1,0,1,61,5,10,10,15.4,7.0,-24.0,679.0,0.04012118652463,0.10857417806983,1,2,1.645787015557285
57,12436490,Premier League,24/25,2024-11-23 15:00:00,Fulham,Wolverhampton,65,1,0,1,66,5,10,11,11.4,13.4,-1.0,736.0,0.070680305361748,0.110801491886378,1,2,1.7164673209190329
57,12436490,Premier League,24/25,2024-11-23 15:00:00,Fulham,Wolverhampton,70,1,0,1,71,5,10,13,-11.2,0.1,-6.0,680.0,0.112629659473896,0.183309964835644,2,3,1.8290969803929291
57,12436490,Premier League,24/25,2024-11-23 15:00:00,Fulham,Wolverhampton,75,1,0,1,76,5,10,13,19.6,4.2,-4.0,778.0,0.0,0.112629659473896,0,2,1.8290969803929291
58,12436491,Premier League,24/25,2024-11-23 15:00:00,Bournemouth,Brighton & Hove Albion,60,1,0,1,61,5,10,12,9.8,8.1,-4.0,428.0,0.0,0.17414003610611,0,1,1.5932215843349808
58,12436491,Premier League,24/25,2024-11-23 15:00:00,Bournemouth,Brighton & Hove Albion,65,1,0,1,66,5,10,14,43.8,26.8,40.0,647.0,0.054798306897283,0.054798306897283,2,2,1.648019891232264
58,12436491,Premier League,24/25,2024-11-23 15:00:00,Bournemouth,Brighton & Hove Albion,70,1,0,1,71,5,10,14,16.6,30.2,-26.0,730.0,0.0,0.054798306897283,0,2,1.648019891232264
58,12436491,Premier League,24/25,2024-11-23 15:00:00,Bournemouth,Brighton & Hove Albion,75,1,0,1,76,5,10,14,13.2,14.9,-42.0,796.0,0.0,0.0,0,0,1.648019891232264
60,12436493,Premier League,24/25,2024-11-23 15:00:00,Aston Villa,Crystal Palace,60,1,0,1,61,5,10,19,25.2,37.7,-39.0,1119.0,0.0,0.086396880447865,0,1,3.712792011016611
60,12436493,Premier League,24/25,2024-11-23 15:00:00,Aston Villa,Crystal Palace,65,1,0,1,66,5,10,19,16.8,21.0,-20.0,1203.0,0.0,0.0,0,0,3.712792011016611
60,12436493,Premier League,24/25,2024-11-23 15:00:00,Aston Villa,Crystal Palace,70,1,0,1,71,5,10,21,-1.8,7.5,-52.0,1194.0,0.097650028765201,0.097650028765201,2,2,3.8104420397818117
60,12436493,Premier League,24/25,2024-11-23 15:00:00,Aston Villa,Crystal Palace,75,1,0,1,76,5,10,23,-7.6,-4.7,-7.0,1156.0,0.159857720136642,0.257507748901843,2,4,3.9702997599184537
66,12436499,Premier League,24/25,2024-11-23 17:30:00,Manchester City,Tottenham Hotspur,60,1,0,1,61,5,10,18,7.2,-6.2,82.0,51.0,0.124491646885872,0.432319030165672,2,3,2.4968385901302192
66,12436499,Premier League,24/25,2024-11-23 17:30:00,Manchester City,Tottenham Hotspur,65,1,0,1,66,5,10,20,36.8,22.0,73.0,235.0,0.302676483988764,0.427168130874636,2,4,2.7995150741189834
66,12436499,Premier League,24/25,2024-11-23 17:30:00,Manchester City,Tottenham Hotspur,70,1,0,1,71,5,10,23,26.4,31.6,-43.0,367.0,0.30344685912131597,0.60612334311008,3,5,3.1029619332402993
66,12436499,Premier League,24/25,2024-11-23 17:30:00,Manchester City,Tottenham Hotspur,75,1,0,1,76,5,10,24,38.6,32.5,80.0,560.0,0.018785668537021,0.322232527658337,1,4,3.1217476017773196
73,12436506,Premier League,24/25,2024-11-24 14:00:00,Southampton,Liverpool FC,60,1,0,1,61,5,10,19,-12.4,-10.5,4.0,-1006.0,0.18027690052986,0.34000843390822,1,3,2.5384970512628553
73,12436506,Premier League,24/25,2024-11-24 14:00:00,Southampton,Liverpool FC,65,1,0,1,66,5,10,21,-10.6,-11.5,-9.0,-1059.0,0.5466152485460021,0.7268921490758621,2,3,3.085112299808857
73,12436506,Premier League,24/25,2024-11-24 14:00:00,Southampton,Liverpool FC,70,1,0,1,71,5,10,24,-56.6,-33.6,-58.0,-1342.0,0.47197115607559703,1.018586404621599,3,5,3.557083455884454
73,12436506,Premier League,24/25,2024-11-24 14:00:00,Southampton,Liverpool FC,75,1,0,1,76,5,10,28,-37.6,-47.1,-13.0,-1530.0,0.165221437811851,0.637192593887448,4,7,3.7223048936963052
64,12436497,Premier League,24/25,2024-11-24 16:30:00,Ipswich Town,Manchester United,60,1,0,1,61,5,10,16,-8.0,2.3,0.0,365.0,0.0,0.696296995505691,0,3,1.975472498685118
64,12436497,Premier League,24/25,2024-11-24 16:30:00,Ipswich Town,Manchester United,65,1,0,1,66,5,10,16,1.0,-3.5,-7.0,370.0,0.0,0.0,0,0,1.975472498685118
64,12436497,Premier League,24/25,2024-11-24 16:30:00,Ipswich Town,Manchester United,70,1,0,1,71,5,10,16,-15.8,-7.4,-34.0,291.0,0.0,0.0,0,0,1.975472498685118
64,12436497,Premier League,24/25,2024-11-24 16:30:00,Ipswich Town,Manchester United,75,1,0,1,76,5,10,17,-7.4,-11.6,-2.0,254.0,0.036132462322712,0.036132462322712,1,1,2.01160496100783
63,12436496,Premier League,24/25,2024-11-25 20:00:00,Newcastle United,West Ham United,60,1,0,1,61,5,10,25,-23.6,-10.2,-44.0,544.0,0.214445063844323,0.387289872393012,3,6,1.9265071866102534
63,12436496,Premier League,24/25,2024-11-25 20:00:00,Newcastle United,West Ham United,65,1,0,1,66,5,10,27,-19.0,-21.3,21.0,449.0,0.284096039831634,0.49854110367595705,2,5,2.210603226441888
63,12436496,Premier League,24/25,2024-11-25 20:00:00,Newcastle United,West Ham United,70,1,0,1,71,5,10,27,-20.2,-19.6,-25.0,348.0,0.0,0.284096039831634,0,2,2.210603226441888
63,12436496,Premier League,24/25,2024-11-25 20:00:00,Newcastle United,West Ham United,75,1,0,1,76,5,10,27,13.0,-3.6,15.0,413.0,0.0,0.0,0,0,2.210603226441888
68,12436501,Premier League,24/25,2024-11-29 20:00:00,Brighton & Hove Albion,Southampton,60,1,0,1,61,5,10,21,-3.2,0.2,-31.0,404.0,0.34402685426176,0.402293415740136,4,6,1.966293280944226
68,12436501,Premier League,24/25,2024-11-29 20:00:00,Brighton & Hove Albion,Southampton,65,1,0,1,66,5,10,22,0.6,-1.3,-5.0,407.0,0.069780096411705,0.413806950673465,1,5,2.0360733773559314
68,12436501,Premier League,24/25,2024-11-29 20:00:00,Brighton & Hove Albion,Southampton,70,1,0,1,71,5,10,23,-4.8,-2.1,3.0,383.0,0.16176305711269,0.23154315352439503,1,2,2.197836434468621
68,12436501,Premier League,24/25,2024-11-29 20:00:00,Brighton & Hove Albion,Southampton,75,1,0,1,76,5,10,25,17.2,6.2,21.0,469.0,0.20391242206097,0.36567547917366,2,3,2.401748856529591
67,12436500,Premier League,24/25,2024-11-30 15:00:00,Brentford,Leicester City,60,1,0,1,61,5,10,13,2.4,12.1,33.0,987.0,0.60647946596146,0.647070951759819,1,2,3.0745719671249354
67,12436500,Premier League,24/25,2024-11-30 15:00:00,Brentford,Leicester City,65,1,0,1,66,5,10,14,-24.4,-11.0,-55.0,865.0,0.057826325297356,0.664305791258816,1,2,3.132398292422291
67,12436500,Premier League,24/25,2024-11-30 15:00:00,Brentford,Leicester City,70,1,0,1,71,5,10,16,-36.0,-30.2,-20.0,685.0,0.041147360578179,0.098973685875535,2,3,3.17354565300047
67,12436500,Premier League,24/25,2024-11-30 15:00:00,Brentford,Leicester City,75,1,0,1,76,5,10,16,35.2,-0.4,74.0,861.0,0.0,0.041147360578179,0,2,3.17354565300047
69,12436502,Premier League,24/25,2024-11-30 15:00:00,Crystal Palace,Newcastle United,60,1,0,1,61,5,10,8,18.2,-10.3,83.0,-246.0,0.05310906842351,0.05310906842351,1,2,0.729220735840501
69,12436502,Premier League,24/25,2024-11-30 15:00:00,Crystal Palace,Newcastle United,65,1,0,1,66,5,10,11,63.4,40.8,46.0,71.0,0.416833684779706,0.469942753203216,3,4,1.146054420620207
69,12436502,Premier League,24/25,2024-11-30 15:00:00,Crystal Palace,Newcastle United,70,1,0,1,71,5,10,13,21.4,42.4,-23.0,178.0,0.11327113583684001,0.5301048206165461,2,5,1.2593255564570471
69,12436502,Premier League,24/25,2024-11-30 15:00:00,Crystal Palace,Newcastle United,75,1,0,1,76,5,10,17,38.4,29.9,14.0,370.0,0.41377603635192095,0.527047172188761,4,6,1.6731015928089679
70,12436503,Premier League,24/25,2024-11-30 15:00:00,Nottingham Forest,Ipswich Town,60,1,0,1,61,5,10,14,57.6,41.6,61.0,785.0,0.028989911079407,0.250314638018607,1,2,1.938987774813169
70,12436503,Premier League,24/25,2024-11-30 15:00:00,Nottingham Forest,Ipswich Town,65,1,0,1,66,5,10,14,37.0,47.3,-62.0,970.0,0.0,0.028989911079407,0,1,1.938987774813169
70,12436503,Premier League,24/25,2024-11-30 15:00:00,Nottingham Forest,Ipswich Town,70,1,0,1,71,5,10,15,1.0,19.0,-54.0,975.0,0.13986831903458,0.13986831903458,1,1,2.0788560938477487
70,12436503,Premier League,24/25,2024-11-30 15:00:00,Nottingham Forest,Ipswich Town,75,1,0,1,76,5,10,15,-2.8,-0.9,-16.0,961.0,0.0,0.13986831903458,0,1,2.0788560938477487
244,12436922,Premier League,24/25,2024-11-30 15:00:00,Wolverhampton,Bournemouth,60,1,0,1,61,5,10,16,-23.8,-7.0,-13.0,-198.0,0.015688126906753,0.064908443018794,1,2,2.62250623207837
244,12436922,Premier League,24/25,2024-11-30 15:00:00,Wolverhampton,Bournemouth,65,1,0,1,66,5,10,18,14.2,-4.8,27.0,-127.0,0.123325797729197,0.13901392463595,2,3,2.745832029807567
244,12436922,Premier League,24/25,2024-11-30 15:00:00,Wolverhampton,Bournemouth,70,1,0,1,71,5,10,19,8.8,11.5,59.0,-83.0,0.09757637232542,0.22090217005461701,1,3,2.8434084021329866
244,12436922,Premier League,24/25,2024-11-30 15:00:00,Wolverhampton,Bournemouth,75,1,0,1,76,5,10,20,-13.2,-2.2,-20.0,-149.0,0.7884,0.88597637232542,1,2,3.631808402132987
237,12436914,Premier League,24/25,2024-11-30 17:30:00,West Ham United,Arsenal,60,1,0,1,61,5,10,20,23.6,10.9,45.0,-1035.0,0.061994267627597,0.15972588397562498,2,4,4.173166083249454
237,12436914,Premier League,24/25,2024-11-30 17:30:00,West Ham United,Arsenal,65,1,0,1,66,5,10,20,-41.0,-8.7,-51.0,-1240.0,0.0,0.061994267627597,0,2,4.173166083249454
237,12436914,Premier League,24/25,2024-11-30 17:30:00,West Ham United,Arsenal,70,1,0,1,71,5,10,20,-3.6,-22.3,13.0,-1258.0,0.0,0.0,0,0,4.173166083249454
237,12436914,Premier League,24/25,2024-11-30 17:30:00,West Ham United,Arsenal,75,1,0,1,76,5,10,20,-5.6,-4.6,-16.0,-1286.0,0.0,0.0,0,0,4.173166083249454
65,12436498,Premier League,24/25,2024-12-01 13:30:00,Chelsea,Aston Villa,60,1,0,1,61,5,10,15,-7.2,5.4,-30.0,838.0,0.18192285299301,0.360016074031589,1,3,2.024835728108885
65,12436498,Premier League,24/25,2024-12-01 13:30:00,Chelsea,Aston Villa,65,1,0,1,66,5,10,15,6.4,-0.4,-16.0,870.0,0.0,0.18192285299301,0,1,2.024835728108885
65,12436498,Premier League,24/25,2024-12-01 13:30:00,Chelsea,Aston Villa,70,1,0,1,71,5,10,17,3.6,5.0,26.0,888.0,0.09029192477464701,0.09029192477464701,2,2,2.115127652883532
65,12436498,Premier League,24/25,2024-12-01 13:30:00,Chelsea,Aston Villa,75,1,0,1,76,5,10,19,-7.2,-1.8,-15.0,852.0,0.181513909250499,0.271805834025146,2,4,2.296641562134031
72,12436505,Premier League,24/25,2024-12-01 13:30:00,Manchester United,Everton,60,1,0,1,61,5,10,14,-1.2,-9.2,0.0,505.0,0.0,0.107398865744471,0,2,1.0756501853465972
72,12436505,Premier League,24/25,2024-12-01 13:30:00,Manchester United,Everton,65,1,0,1,66,5,10,16,9.4,4.1,40.0,552.0,0.267371140420436,0.267371140420436,2,2,1.3430213257670331
72,12436505,Premier League,24/25,2024-12-01 13:30:00,Manchester United,Everton,70,1,0,1,71,5,10,16,8.6,9.0,-1.0,595.0,0.0,0.267371140420436,0,2,1.3430213257670331
72,12436505,Premier League,24/25,2024-12-01 13:30:00,Manchester United,Everton,75,1,0,1,76,5,10,16,-2.6,3.0,-20.0,582.0,0.0,0.0,0,0,1.3430213257670331
74,12436507,Premier League,24/25,2024-12-01 13:30:00,Tottenham Hotspur,Fulham,60,1,0,1,61,5,10,18,10.4,-28.4,100.0,-492.0,0.0,0.6426579058170301,0,3,2.143368028104301
74,12436507,Premier League,24/25,2024-12-01 13:30:00,Tottenham Hotspur,Fulham,65,1,0,1,66,5,10,19,-6.6,1.9,-23.0,-525.0,0.029285771772265,0.029285771772265,1,1,2.172653799876566
74,12436507,Premier League,24/25,2024-12-01 13:30:00,Tottenham Hotspur,Fulham,70,1,0,1,71,5,10,20,-31.0,-18.8,-40.0,-680.0,0.029721545055509,0.059007316827774,1,2,2.202375344932075
74,12436507,Premier League,24/25,2024-12-01 13:30:00,Tottenham Hotspur,Fulham,75,1,0,1,76,5,10,20,1.8,-14.6,45.0,-671.0,0.0,0.029721545055509,0,1,2.202375344932075
71,12436504,Premier League,24/25,2024-12-01 16:00:00,Liverpool FC,Manchester City,60,1,0,1,61,5,10,17,4.2,-9.9,60.0,809.0,0.638831995427606,0.9859054647385961,3,6,2.815202565863723
71,12436504,Premier League,24/25,2024-12-01 16:00:00,Liverpool FC,Manchester City,65,1,0,1,66,5,10,18,-0.4,1.9,34.0,807.0,0.032547473907471,0.671379469335077,1,4,2.8477500397711943
71,12436504,Premier League,24/25,2024-12-01 16:00:00,Liverpool FC,Manchester City,70,1,0,1,71,5,10,19,-2.4,-1.4,1.0,795.0,0.13111190497875,0.163659378886221,1,2,2.9788619447499443
71,12436504,Premier League,24/25,2024-12-01 16:00:00,Liverpool FC,Manchester City,75,1,0,1,76,5,10,19,-6.0,-4.2,18.0,765.0,0.0,0.13111190497875,0,1,2.9788619447499443
281,12436961,Premier League,24/25,2024-12-03 19:30:00,Ipswich Town,Crystal Palace,60,1,0,1,61,5,10,17,6.0,13.3,-15.0,-441.0,0.30839482508599597,0.325354835018514,2,3,1.537443609908214
281,12436961,Premier League,24/25,2024-12-03 19:30:00,Ipswich Town,Crystal Palace,65,1,0,1,66,5,10,18,-16.4,-5.2,-32.0,-523.0,0.02199973911047,0.33039456419646596,1,3,1.5594433490186839
281,12436961,Premier League,24/25,2024-12-03 19:30:00,Ipswich Town,Crystal Palace,70,1,0,1,71,5,10,20,-29.2,-22.8,-52.0,-669.0,0.51772234588862,0.53972208499909,2,3,2.077165694907304
281,12436961,Premier League,24/25,2024-12-03 19:30:00,Ipswich Town,Crystal Palace,75,1,0,1,76,5,10,20,0.4,-14.4,2.0,-667.0,0.0,0.51772234588862,0,2,2.077165694907304
286,12436966,Premier League,24/25,2024-12-03 20:15:00,Leicester City,West Ham United,60,1,0,1,61,5,10,27,-58.4,-28.4,-63.0,-1180.0,0.051258023828268,0.162178214639425,1,3,2.7973829195834794
286,12436966,Premier League,24/25,2024-12-03 20:15:00,Leicester City,West Ham United,65,1,0,1,66,5,10,29,-10.0,-34.2,60.0,-1230.0,0.23240385949612,0.283661883324388,2,3,3.029786779079599
286,12436966,Premier League,24/25,2024-12-03 20:15:00,Leicester City,West Ham United,70,1,0,1,71,5,10,32,31.2,10.6,-3.0,-1074.0,0.5786369666457241,0.811040826141844,3,5,3.6084237457253225
286,12436966,Premier League,24/25,2024-12-03 20:15:00,Leicester City,West Ham United,75,1,0,1,76,5,10,35,-64.2,-16.5,-30.0,-1395.0,0.409777253866193,0.988414220511917,3,6,4.0182009995915156
268,12436947,Premier League,24/25,2024-12-04 19:30:00,Everton,Wolverhampton,60,1,0,1,61,5,10,15,-14.6,-2.6,-23.0,-59.0,0.033066757023335,0.033066757023335,1,1,1.3580803554505112
268,12436947,Premier League,24/25,2024-12-04 19:30:00,Everton,Wolverhampton,65,1,0,1,66,5,10,16,-11.4,-13.0,8.0,-116.0,0.019380256533623,0.052447013556958,1,2,1.3774606119841342
268,12436947,Premier League,24/25,2024-12-04 19:30:00,Everton,Wolverhampton,70,1,0,1,71,5,10,16,4.0,-3.7,21.0,-96.0,0.0,0.019380256533623,0,1,1.3774606119841342
268,12436947,Premier League,24/25,2024-12-04 19:30:00,Everton,Wolverhampton,75,1,0,1,76,5,10,17,6.0,5.0,-7.0,-66.0,0.0,0.0,1,1,1.3774606119841342
292,12436972,Premier League,24/25,2024-12-04 19:30:00,Manchester City,Nottingham Forest,60,1,0,1,61,5,10,21,26.0,5.3,71.0,600.0,0.10914410091936601,0.125289859250188,2,3,3.0086490828543955
292,12436972,Premier League,24/25,2024-12-04 19:30:00,Manchester City,Nottingham Forest,65,1,0,1,66,5,10,23,32.0,29.0,26.0,760.0,0.121340874582529,0.230484975501895,2,4,3.129989957436925
292,12436972,Premier League,24/25,2024-12-04 19:30:00,Manchester City,Nottingham Forest,70,1,0,1,71,5,10,24,19.6,25.8,-65.0,858.0,0.070027776062489,0.19136865064501798,1,3,3.200017733499414
292,12436972,Premier League,24/25,2024-12-04 19:30:00,Manchester City,Nottingham Forest,75,1,0,1,76,5,10,26,3.0,11.3,-46.0,873.0,0.103805785998702,0.173833562061191,2,3,3.3038235194981156
297,12436978,Premier League,24/25,2024-12-04 19:30:00,Newcastle United,Liverpool FC,60,1,0,1,61,5,10,17,-10.6,-19.5,31.0,101.0,0.083395332098007,0.156170532107353,1,2,1.5239830426871728
297,12436978,Premier League,24/25,2024-12-04 19:30:00,Newcastle United,Liverpool FC,65,1,0,1,66,5,10,21,-6.6,-8.6,-21.0,68.0,0.586278429254884,0.669673761352891,4,5,2.110261471942057
297,12436978,Premier League,24/25,2024-12-04 19:30:00,Newcastle United,Liverpool FC,70,1,0,1,71,5,10,22,-14.8,-10.7,11.0,-6.0,0.43897700309753,1.0252554323524141,1,5,2.5492384750395867
297,12436978,Premier League,24/25,2024-12-04 19:30:00,Newcastle United,Liverpool FC,75,1,0,1,76,5,10,25,7.8,-3.5,14.0,33.0,0.488103657960889,0.927080661058419,3,4,3.037342133000476
302,12436984,Premier League,24/25,2024-12-04 19:30:00,Southampton,Chelsea,60,1,0,1,61,5,10,26,-45.4,-34.3,-18.0,-805.0,0.41763512045145,1.022760691121226,2,6,5.203694486990583
302,12436984,Premier League,24/25,2024-12-04 19:30:00,Southampton,Chelsea,65,1,0,1,66,5,10,27,-15.6,-30.5,0.0,-883.0,0.14415498077869,0.5617901012301401,1,3,5.347849467769273
302,12436984,Premier League,24/25,2024-12-04 19:30:00,Southampton,Chelsea,70,1,0,1,71,5,10,28,-11.0,-13.3,-34.0,-938.0,0.25034585595131,0.39450083672999997,1,2,5.598195323720583
302,12436984,Premier League,24/25,2024-12-04 19:30:00,Southampton,Chelsea,75,1,0,1,76,5,10,28,-50.6,-30.8,-64.0,-1191.0,0.0,0.25034585595131,0,1,5.598195323720583
256,12436935,Premier League,24/25,2024-12-04 20:15:00,Arsenal,Manchester United,60,1,0,1,61,5,10,10,9.4,13.8,-33.0,475.0,0.158618401736019,0.313670929521319,2,3,0.6947837332263515
256,12436935,Premier League,24/25,2024-12-04 20:15:00,Arsenal,Manchester United,65,1,0,1,66,5,10,10,40.6,25.0,-11.0,678.0,0.0,0.158618401736019,0,2,0.6947837332263515
256,12436935,Premier League,24/25,2024-12-04 20:15:00,Arsenal,Manchester United,70,1,0,1,71,5,10,11,-27.2,6.7,-46.0,542.0,0.066789247095585,0.066789247095585,1,1,0.7615729803219364
256,12436935,Premier League,24/25,2024-12-04 20:15:00,Arsenal,Manchester United,75,1,0,1,76,5,10,14,21.2,-3.0,96.0,648.0,0.9634354729205359,1.030224720016121,3,4,1.7250084532424723
263,12436942,Premier League,24/25,2024-12-04 20:15:00,Aston Villa,Brentford,60,1,0,1,61,5,10,19,3.4,30.2,-22.0,1038.0,0.18562389910221,0.875173542648563,1,6,2.358989633658536
263,12436942,Premier League,24/25,2024-12-04 20:15:00,Aston Villa,Brentford,65,1,0,1,66,5,10,20,-26.6,-11.6,-14.0,905.0,0.077975630760193,0.263599529862403,1,2,2.436965264418729
263,12436942,Premier League,24/25,2024-12-04 20:15:00,Aston Villa,Brentford,70,1,0,1,71,5,10,20,-15.4,-21.0,-18.0,828.0,0.0,0.077975630760193,0,1,2.436965264418729
263,12436942,Premier League,24/25,2024-12-04 20:15:00,Aston Villa,Brentford,75,1,0,1,76,5,10,22,-21.0,-18.2,7.0,723.0,0.368889816105361,0.368889816105361,2,2,2.8058550805240903
275,12436955,Premier League,24/25,2024-12-05 19:30:00,Fulham,Brighton & Hove Albion,60,1,0,1,61,5,10,16,-19.4,-0.1,-31.0,-755.0,0.05885711684823,0.40460241213440995,1,2,2.344978410750633
275,12436955,Premier League,24/25,2024-12-05 19:30:00,Fulham,Brighton & Hove Albion,65,1,0,1,66,5,10,17,-6.6,-13.0,78.0,-788.0,0.0982276648283,0.15708478167653,1,2,2.443206075578933
275,12436955,Premier League,24/25,2024-12-05 19:30:00,Fulham,Brighton & Hove Albion,70,1,0,1,71,5,10,17,25.8,9.6,25.0,-659.0,0.0,0.0982276648283,0,1,2.443206075578933
275,12436955,Premier League,24/25,2024-12-05 19:30:00,Fulham,Brighton & Hove Albion,75,1,0,1,76,5,10,17,1.8,13.8,-23.0,-650.0,0.0,0.0,0,0,2.443206075578933
375,13015216,Premier League,24/25,2024-12-05 20:15:00,Bournemouth,Tottenham Hotspur,60,1,0,1,61,5,10,16,-27.0,-31.7,0.0,-1017.0,0.45577203109860803,0.667817048728467,3,6,2.0006889086216733
375,13015216,Premier League,24/25,2024-12-05 20:15:00,Bournemouth,Tottenham Hotspur,65,1,0,1,66,5,10,17,-24.8,-25.9,9.0,-1141.0,0.056036699563265,0.511808730661873,1,4,2.056725608184938
375,13015216,Premier League,24/25,2024-12-05 20:15:00,Bournemouth,Tottenham Hotspur,70,1,0,1,71,5,10,19,-2.8,-13.8,8.0,-1155.0,0.128289002925158,0.184325702488423,2,3,2.1850146111100965
375,13015216,Premier League,24/25,2024-12-05 20:15:00,Bournemouth,Tottenham Hotspur,75,1,0,1,76,5,10,22,19.0,8.1,92.0,-1060.0,0.7280533574521579,0.8563423603773159,3,5,2.9130679685622543
13,12436445,Premier League,24/25,2024-12-07 15:00:00,Crystal Palace,Manchester City,60,1,0,1,61,5,10,16,17.2,-8.0,38.0,-620.0,0.55572585016489,0.766635537147517,2,4,2.2799918130039947
13,12436445,Premier League,24/25,2024-12-07 15:00:00,Crystal Palace,Manchester City,65,1,0,1,66,5,10,16,-20.0,-1.4,-12.0,-720.0,0.0,0.55572585016489,0,2,2.2799918130039947
13,12436445,Premier League,24/25,2024-12-07 15:00:00,Crystal Palace,Manchester City,70,1,0,1,71,5,10,18,-46.8,-33.4,-47.0,-954.0,0.18157056719064799,0.18157056719064799,2,2,2.461562380194643
13,12436445,Premier League,24/25,2024-12-07 15:00:00,Crystal Palace,Manchester City,75,1,0,1,76,5,10,21,-23.6,-35.2,-12.0,-1072.0,0.22030655387788703,0.401877121068535,3,5,2.68186893407253
18,12436450,Premier League,24/25,2024-12-07 15:00:00,Brentford,Newcastle United,60,1,0,1,61,5,10,17,44.4,11.7,31.0,-98.0,0.17524637654423558,0.24653107300400556,2,4,1.3993654940277334
18,12436450,Premier League,24/25,2024-12-07 15:00:00,Brentford,Newcastle United,65,1,0,1,66,5,10,18,-11.0,16.7,-83.0,-153.0,0.035985630005598,0.2112320065498336,1,3,1.4353511240333314
18,12436450,Premier League,24/25,2024-12-07 15:00:00,Brentford,Newcastle United,70,1,0,1,71,5,10,20,13.0,1.0,-22.0,-88.0,0.129018373787407,0.165004003793005,2,3,1.5643694978207385
18,12436450,Premier League,24/25,2024-12-07 15:00:00,Brentford,Newcastle United,75,1,0,1,76,5,10,21,11.2,12.1,-7.0,-32.0,0.085881769657135,0.214900143444542,1,3,1.6502512674778735
308,12436990,Premier League,24/25,2024-12-07 15:00:00,Aston Villa,Southampton,60,1,0,1,61,5,10,12,-17.4,-16.8,13.0,41.0,0.069856233894825,0.069856233894825,1,1,1.301759177818889
308,12436990,Premier League,24/25,2024-12-07 15:00:00,Aston Villa,Southampton,65,1,0,1,66,5,10,14,21.8,2.2,63.0,150.0,0.07791637629270501,0.14777261018753002,2,3,1.3796755541115941
308,12436990,Premier League,24/25,2024-12-07 15:00:00,Aston Villa,Southampton,70,1,0,1,71,5,10,15,36.2,29.0,-21.0,331.0,0.095408424735069,0.173324801027774,1,3,1.4750839788466632
308,12436990,Premier League,24/25,2024-12-07 15:00:00,Aston Villa,Southampton,75,1,0,1,76,5,10,16,9.0,22.6,-11.0,376.0,0.035819657146931,0.131228081882,1,2,1.5109036359935941
17,12436449,Premier League,24/25,2024-12-07 17:30:00,Manchester United,Nottingham Forest,60,1,0,1,61,5,10,20,-16.4,-12.4,-27.0,639.0,0.095306714996696,0.5452434699982349,2,5,2.0286388248205145
17,12436449,Premier League,24/25,2024-12-07 17:30:00,Manchester United,Nottingham Forest,65,1,0,1,66,5,10,22,18.4,1.0,60.0,731.0,0.28068841993809,0.37599513493478603,2,4,2.3093272447586046
17,12436449,Premier League,24/25,2024-12-07 17:30:00,Manchester United,Nottingham Forest,70,1,0,1,71,5,10,22,16.0,17.2,35.0,811.0,0.0,0.28068841993809,0,2,2.3093272447586046
17,12436449,Premier League,24/25,2024-12-07 17:30:00,Manchester United,Nottingham Forest,75,1,0,1,76,5,10,23,40.0,28.0,5.0,1011.0,0.030849911272526,0.030849911272526,1,1,2.34017715603113
12,12436444,Premier League,24/25,2024-12-08 14:00:00,Leicester City,Brighton & Hove Albion,60,1,0,1,61,5,10,16,-14.6,1.0,-50.0,-522.0,0.063724622130394,0.132079862058163,1,2,1.019139491021631
12,12436444,Premier League,24/25,2024-12-08 14:00:00,Leicester City,Brighton & Hove Albion,65,1,0,1,66,5,10,17,-11.4,-13.0,-39.0,-579.0,0.036734573543072,0.10045919567346599,1,2,1.055874064564703
12,12436444,Premier League,24/25,2024-12-08 14:00:00,Leicester City,Brighton & Hove Albion,70,1,0,1,71,5,10,18,10.4,-0.5,41.0,-527.0,0.081891439855099,0.118626013398171,1,2,1.1377655044198018
12,12436444,Premier League,24/25,2024-12-08 14:00:00,Leicester City,Brighton & Hove Albion,75,1,0,1,76,5,10,18,18.8,14.6,18.0,-433.0,0.0,0.081891439855099,0,1,1.1377655044198018
26,12436459,Premier League,24/25,2024-12-08 14:00:00,Fulham,Arsenal,60,1,0,1,61,5,10,10,-52.6,-49.2,-30.0,-1645.0,0.06783112883567799,1.157962873578068,2,4,1.719377161003643
26,12436459,Premier League,24/25,2024-12-08 14:00:00,Fulham,Arsenal,65,1,0,1,66,5,10,11,-37.4,-45.0,21.0,-1832.0,0.067220605909824,0.135051734745502,1,3,1.786597766913467
26,12436459,Premier League,24/25,2024-12-08 14:00:00,Fulham,Arsenal,70,1,0,1,71,5,10,12,-18.8,-28.1,19.0,-1926.0,0.2502239048481,0.31744451075792396,1,2,2.036821671761567
26,12436459,Premier League,24/25,2024-12-08 14:00:00,Fulham,Arsenal,75,1,0,1,76,5,10,13,-27.8,-23.3,19.0,-2065.0,0.11607836186886,0.36630226671696,1,2,2.1529000336304267
29,12436462,Premier League,24/25,2024-12-08 14:00:00,Ipswich Town,Bournemouth,60,1,0,1,61,5,10,23,-32.0,-23.5,-7.0,-430.0,0.12391851656139001,0.39566798321903,3,5,2.4983404017984943
29,12436462,Premier League,24/25,2024-12-08 14:00:00,Ipswich Town,Bournemouth,65,1,0,1,66,5,10,24,-11.4,-21.7,28.0,-487.0,0.052447229623795,0.17636574618518502,1,4,2.5507876314222893
29,12436462,Premier League,24/25,2024-12-08 14:00:00,Ipswich Town,Bournemouth,70,1,0,1,71,5,10,26,-33.4,-22.4,-12.0,-654.0,0.170784903690224,0.223232133314019,2,3,2.721572535112513
29,12436462,Premier League,24/25,2024-12-08 14:00:00,Ipswich Town,Bournemouth,75,1,0,1,76,5,10,29,-1.4,-17.4,23.0,-661.0,0.243306245654821,0.41409114934504504,3,5,2.9648787807673345
9,12436441,Premier League,24/25,2024-12-08 16:30:00,Tottenham Hotspur,Chelsea,60,1,0,1,61,5,10,17,-52.2,-50.2,42.0,-925.0,0.026727046817541,0.07655418664217001,1,2,2.518960392102601
9,12436441,Premier League,24/25,2024-12-08 16:30:00,Tottenham Hotspur,Chelsea,65,1,0,1,66,5,10,18,-24.8,-38.5,6.0,-1049.0,0.7884,0.815127046817541,1,2,3.3073603921026007
9,12436441,Premier League,24/25,2024-12-08 16:30:00,Tottenham Hotspur,Chelsea,70,1,0,1,71,5,10,19,-8.4,-16.6,73.0,-1091.0,0.31647726893425,1.10487726893425,1,2,3.623837661036851
9,12436441,Premier League,24/25,2024-12-08 16:30:00,Tottenham Hotspur,Chelsea,75,1,0,1,76,5,10,22,6.0,-1.2,19.0,-1061.0,0.20765530690550701,0.524132575839757,3,4,3.831492967942358
21,12436454,Premier League,24/25,2024-12-09 20:00:00,West Ham United,Wolverhampton,60,1,0,1,61,5,10,24,15.8,12.6,37.0,799.0,0.073478199541569,0.086168103851378,2,3,1.4679739791899848
21,12436454,Premier League,24/25,2024-12-09 20:00:00,West Ham United,Wolverhampton,65,1,0,1,66,5,10,25,19.4,17.6,34.0,896.0,0.0066110948100686,0.0800892943516376,1,3,1.4745850740000532
21,12436454,Premier League,24/25,2024-12-09 20:00:00,West Ham United,Wolverhampton,70,1,0,1,71,5,10,28,-25.2,-2.9,-86.0,770.0,0.425616234540942,0.4322273293510106,3,4,1.900201308540995
21,12436454,Premier League,24/25,2024-12-09 20:00:00,West Ham United,Wolverhampton,75,1,0,1,76,5,10,30,12.4,-6.4,-9.0,832.0,0.053587689995766,0.479203924536708,2,5,1.953788998536761
6,12436438,Premier League,24/25,2024-12-14 15:00:00,Arsenal,Everton,60,1,0,1,61,5,10,11,24.8,17.3,-6.0,1422.0,0.10789196193218,0.10789196193218,1,1,1.097624307498329
6,12436438,Premier League,24/25,2024-12-14 15:00:00,Arsenal,Everton,65,1,0,1,66,5,10,12,40.2,32.5,46.0,1623.0,0.060873042792082,0.16876500472426198,1,2,1.1584973502904108
6,12436438,Premier League,24/25,2024-12-14 15:00:00,Arsenal,Everton,70,1,0,1,71,5,10,12,32.0,36.1,6.0,1783.0,0.0,0.060873042792082,0,1,1.1584973502904108
6,12436438,Premier League,24/25,2024-12-14 15:00:00,Arsenal,Everton,75,1,0,1,76,5,10,13,35.4,33.7,-15.0,1960.0,0.054225586354733,0.054225586354733,1,1,1.212722936645144
14,12436446,Premier League,24/25,2024-12-14 15:00:00,Liverpool FC,Fulham,60,1,0,1,61,5,10,14,-14.8,1.0,-64.0,383.0,0.24323245324193998,0.24323245324193998,2,2,1.8999729976058028
14,12436446,Premier League,24/25,2024-12-14 15:00:00,Liverpool FC,Fulham,65,1,0,1,66,5,10,15,-39.0,-26.9,-29.0,188.0,0.024060029536486,0.267292482778426,1,3,1.924033027142289
14,12436446,Premier League,24/25,2024-12-14 15:00:00,Liverpool FC,Fulham,70,1,0,1,71,5,10,18,7.8,-15.6,71.0,227.0,0.14651091210544098,0.170570941641927,3,4,2.0705439392477305
14,12436446,Premier League,24/25,2024-12-14 15:00:00,Liverpool FC,Fulham,75,1,0,1,76,5,10,19,23.6,15.7,36.0,345.0,0.061412014067173,0.207922926172614,1,4,2.1319559533149035
23,12436456,Premier League,24/25,2024-12-14 15:00:00,Wolverhampton,Ipswich Town,60,1,0,1,61,5,10,12,-2.2,1.7,-30.0,-5.0,0.33474963903427,0.33474963903427,1,1,1.358537051826723
23,12436456,Premier League,24/25,2024-12-14 15:00:00,Wolverhampton,Ipswich Town,65,1,0,1,66,5,10,12,7.2,2.5,-4.0,31.0,0.0,0.33474963903427,0,1,1.358537051826723
23,12436456,Premier League,24/25,2024-12-14 15:00:00,Wolverhampton,Ipswich Town,70,1,0,1,71,5,10,14,14.8,11.0,32.0,105.0,0.088535565882921,0.088535565882921,2,2,1.447072617709644
23,12436456,Premier League,24/25,2024-12-14 15:00:00,Wolverhampton,Ipswich Town,75,1,0,1,76,5,10,15,45.2,30.0,21.0,331.0,0.050594966858625,0.139130532741546,1,3,1.497667584568269
27,12436460,Premier League,24/25,2024-12-14 15:00:00,Newcastle United,Leicester City,60,1,0,1,61,5,10,23,2.4,9.2,29.0,1130.0,0.35444682091475,0.6050014607608409,2,4,3.581110315397397
27,12436460,Premier League,24/25,2024-12-14 15:00:00,Newcastle United,Leicester City,65,1,0,1,66,5,10,24,25.4,13.9,53.0,1257.0,0.030672015622258,0.385118836537008,1,3,3.611782331019655
27,12436460,Premier League,24/25,2024-12-14 15:00:00,Newcastle United,Leicester City,70,1,0,1,71,5,10,25,26.4,25.9,-10.0,1389.0,0.024868218228221,0.055540233850479,1,2,3.6366505492478756
27,12436460,Premier League,24/25,2024-12-14 15:00:00,Newcastle United,Leicester City,75,1,0,1,76,5,10,27,29.8,28.1,19.0,1538.0,0.069237740710378,0.094105958938599,2,3,3.7058882899582546
15,12436447,Premier League,24/25,2024-12-14 17:30:00,Nottingham Forest,Aston Villa,60,1,0,1,61,5,10,14,5.2,-3.3,22.0,22.0,0.481122544035318,0.502763928845527,3,4,1.0834364779293553
15,12436447,Premier League,24/25,2024-12-14 17:30:00,Nottingham Forest,Aston Villa,65,1,0,1,66,5,10,18,39.8,22.5,24.0,221.0,0.166836822405458,0.647959366440776,4,7,1.2502733003348132
15,12436447,Premier League,24/25,2024-12-14 17:30:00,Nottingham Forest,Aston Villa,70,1,0,1,71,5,10,19,9.4,24.6,-60.0,268.0,0.045859035104513,0.212695857509971,1,5,1.2961323354393262
15,12436447,Premier League,24/25,2024-12-14 17:30:00,Nottingham Forest,Aston Villa,75,1,0,1,76,5,10,20,20.6,15.0,-6.0,371.0,0.044666759669781,0.09052579477429401,1,2,1.340799095109107
24,12436457,Premier League,24/25,2024-12-15 14:00:00,Brighton & Hove Albion,Crystal Palace,60,1,0,1,61,5,10,19,62.0,46.7,23.0,351.0,0.24681148305535,0.39285764470696205,3,5,2.0228284653276187
24,12436457,Premier League,24/25,2024-12-15 14:00:00,Brighton & Hove Albion,Crystal Palace,65,1,0,1,66,5,10,19,11.0,36.5,-63.0,406.0,0.0,0.24681148305535,0,3,2.0228284653276187
24,12436457,Premier League,24/25,2024-12-15 14:00:00,Brighton & Hove Albion,Crystal Palace,70,1,0,1,71,5,10,19,14.2,12.6,-24.0,477.0,0.0,0.0,0,0,2.0228284653276187
24,12436457,Premier League,24/25,2024-12-15 14:00:00,Brighton & Hove Albion,Crystal Palace,75,1,0,1,76,5,10,22,-15.4,-0.6,-12.0,400.0,0.119883947074413,0.119883947074413,3,3,2.142712412402032
19,12436451,Premier League,24/25,2024-12-15 16:30:00,Manchester City,Manchester United,60,1,0,1,61,5,10,12,-1.8,7.0,1.0,645.0,0.0,0.0,0,0,0.884514464065433
19,12436451,Premier League,24/25,2024-12-15 16:30:00,Manchester City,Manchester United,65,1,0,1,66,5,10,13,-35.0,-18.4,-32.0,470.0,0.059451784938574,0.059451784938574,1,1,0.9439662490040069
19,12436451,Premier League,24/25,2024-12-15 16:30:00,Manchester City,Manchester United,70,1,0,1,71,5,10,14,6.6,-14.2,21.0,503.0,0.044204641133547,0.103656426072121,1,2,0.988170890137554
19,12436451,Premier League,24/25,2024-12-15 16:30:00,Manchester City,Manchester United,75,1,0,1,76,5,10,15,1.4,4.0,22.0,510.0,0.45598274469376,0.500187385827307,1,2,1.4441536348313142
25,12436458,Premier League,24/25,2024-12-15 19:00:00,Southampton,Tottenham Hotspur,60,1,0,1,61,5,10,18,13.8,6.5,3.0,-994.0,0.0,0.0,0,0,2.537389621138573
25,12436458,Premier League,24/25,2024-12-15 19:00:00,Southampton,Tottenham Hotspur,65,1,0,1,66,5,10,19,16.6,15.2,0.0,-911.0,0.022236963734031,0.022236963734031,1,1,2.5596265848726043
25,12436458,Premier League,24/25,2024-12-15 19:00:00,Southampton,Tottenham Hotspur,70,1,0,1,71,5,10,21,10.6,13.6,-27.0,-858.0,0.203486582264302,0.225723545998333,2,3,2.7631131671369067
25,12436458,Premier League,24/25,2024-12-15 19:00:00,Southampton,Tottenham Hotspur,75,1,0,1,76,5,10,22,29.4,20.0,-16.0,-711.0,0.029802935197949,0.233289517462251,1,3,2.7929161023348557
28,12436461,Premier League,24/25,2024-12-15 19:00:00,Chelsea,Brentford,60,1,0,1,61,5,10,19,30.6,30.1,-7.0,1798.0,0.813637018203731,0.813637018203731,2,2,2.020742528140534
28,12436461,Premier League,24/25,2024-12-15 19:00:00,Chelsea,Brentford,65,1,0,1,66,5,10,20,20.2,25.4,-33.0,1899.0,0.081569813191891,0.895206831395622,1,3,2.102312341332425
28,12436461,Premier League,24/25,2024-12-15 19:00:00,Chelsea,Brentford,70,1,0,1,71,5,10,22,30.6,25.4,-4.0,2052.0,0.134254094213245,0.215823907405136,2,3,2.2365664355456696
28,12436461,Premier League,24/25,2024-12-15 19:00:00,Chelsea,Brentford,75,1,0,1,76,5,10,25,-43.6,-6.5,-67.0,1834.0,0.34710262157023203,0.48135671578347705,3,5,2.583669057115902
32,12436465,Premier League,24/25,2024-12-16 20:00:00,Bournemouth,West Ham United,60,1,0,1,61,5,10,26,25.6,42.8,-92.0,77.0,0.35521773248911,0.37074573617428597,3,4,2.079825087450443
32,12436465,Premier League,24/25,2024-12-16 20:00:00,Bournemouth,West Ham United,65,1,0,1,66,5,10,27,-17.0,4.3,-30.0,-8.0,0.083557493984699,0.438775226473809,1,4,2.163382581435142
32,12436465,Premier League,24/25,2024-12-16 20:00:00,Bournemouth,West Ham United,70,1,0,1,71,5,10,29,-13.0,-15.0,35.0,-73.0,0.06964752078056399,0.153205014765263,2,3,2.233030102215706
32,12436465,Premier League,24/25,2024-12-16 20:00:00,Bournemouth,West Ham United,75,1,0,1,76,5,10,33,34.8,10.9,60.0,101.0,0.297518797218795,0.36716631799935895,4,6,2.530548899434501
20,12436453,Premier League,24/25,2024-12-21 12:30:00,Aston Villa,Manchester City,60,1,0,1,61,5,10,15,-0.4,-3.9,6.0,-420.0,0.091474317014217,0.12447826936841,1,2,1.9302304089069389
20,12436453,Premier League,24/25,2024-12-21 12:30:00,Aston Villa,Manchester City,65,1,0,1,66,5,10,16,33.6,16.6,58.0,-252.0,0.067825317382812,0.159299634397029,1,2,1.998055726289751
20,12436453,Premier League,24/25,2024-12-21 12:30:00,Aston Villa,Manchester City,70,1,0,1,71,5,10,17,24.0,28.8,5.0,-132.0,0.14387406408787,0.211699381470682,1,2,2.141929790377621
20,12436453,Premier League,24/25,2024-12-21 12:30:00,Aston Villa,Manchester City,75,1,0,1,76,5,10,19,3.4,13.7,-36.0,-115.0,0.055900601670146,0.199774665758016,2,3,2.1978303920477673
30,12436463,Premier League,24/25,2024-12-21 15:00:00,Brentford,Nottingham Forest,60,1,0,1,61,5,10,13,-29.2,-21.2,-11.0,-52.0,0.185614161193366,0.247026175260539,2,3,1.1996425278484841
30,12436463,Premier League,24/25,2024-12-21 15:00:00,Brentford,Nottingham Forest,65,1,0,1,66,5,10,14,75.8,23.3,63.0,327.0,0.12709479033947,0.31270895153283595,1,3,1.326737318187954
30,12436463,Premier League,24/25,2024-12-21 15:00:00,Brentford,Nottingham Forest,70,1,0,1,71,5,10,15,39.2,57.5,-25.0,523.0,0.11196204274893,0.23905683308839998,1,2,1.4386993609368839
30,12436463,Premier League,24/25,2024-12-21 15:00:00,Brentford,Nottingham Forest,75,1,0,1,76,5,10,17,0.2,19.7,-30.0,524.0,0.173541970551014,0.285504013299944,2,3,1.612241331487898
34,12436467,Premier League,24/25,2024-12-21 15:00:00,Ipswich Town,Newcastle United,60,1,0,1,61,5,10,18,-24.8,-26.4,-39.0,-907.0,0.1809294372797,0.407756030559544,1,3,2.761878457851708
34,12436467,Premier League,24/25,2024-12-21 15:00:00,Ipswich Town,Newcastle United,65,1,0,1,66,5,10,20,-17.8,-21.3,20.0,-996.0,0.09471070021390901,0.27564013749360905,2,3,2.8565891580656166
34,12436467,Premier League,24/25,2024-12-21 15:00:00,Ipswich Town,Newcastle United,70,1,0,1,71,5,10,21,-18.8,-18.3,-8.0,-1090.0,0.041411455720663,0.136122155934572,1,3,2.8980006137862797
34,12436467,Premier League,24/25,2024-12-21 15:00:00,Ipswich Town,Newcastle United,75,1,0,1,76,5,10,23,23.8,2.5,-6.0,-971.0,0.089133564382791,0.130545020103454,2,3,2.987134178169071
45,12436478,Premier League,24/25,2024-12-21 15:00:00,West Ham United,Brighton & Hove Albion,60,1,0,1,61,5,10,11,26.2,-6.9,74.0,343.0,0.293921375647183,0.543393092229958,4,6,0.9044763911515481
45,12436478,Premier League,24/25,2024-12-21 15:00:00,West Ham United,Brighton & Hove Albion,65,1,0,1,66,5,10,11,15.2,20.7,-12.0,419.0,0.0,0.293921375647183,0,4,0.9044763911515481
45,12436478,Premier League,24/25,2024-12-21 15:00:00,West Ham United,Brighton & Hove Albion,70,1,0,1,71,5,10,13,-36.6,-10.7,-80.0,236.0,0.13519283384084202,0.13519283384084202,2,2,1.03966922499239
45,12436478,Premier League,24/25,2024-12-21 15:00:00,West Ham United,Brighton & Hove Albion,75,1,0,1,76,5,10,14,-10.6,-23.6,0.0,183.0,0.038099862635136,0.173292696475978,1,3,1.077769087627526
31,12436464,Premier League,24/25,2024-12-21 17:30:00,Crystal Palace,Arsenal,60,1,0,1,61,5,10,25,-36.4,1.7,-119.0,-195.0,1.2860203478485408,1.5460165496915639,5,7,4.395351767539987
31,12436464,Premier League,24/25,2024-12-21 17:30:00,Crystal Palace,Arsenal,65,1,0,1,66,5,10,25,-22.4,-29.4,-14.0,-307.0,0.0,1.2860203478485408,0,5,4.395351767539987
31,12436464,Premier League,24/25,2024-12-21 17:30:00,Crystal Palace,Arsenal,70,1,0,1,71,5,10,25,16.2,-3.1,60.0,-226.0,0.0,0.0,0,0,4.395351767539987
31,12436464,Premier League,24/25,2024-12-21 17:30:00,Crystal Palace,Arsenal,75,1,0,1,76,5,10,26,5.8,11.0,1.0,-197.0,0.0936379134655,0.0936379134655,1,1,4.488989681005487
33,12436466,Premier League,24/25,2024-12-22 14:00:00,Everton,Chelsea,60,1,0,1,61,5,10,12,-21.6,-13.5,-61.0,-1221.0,0.041881110519171,0.041881110519171,1,1,1.828482646495122
33,12436466,Premier League,24/25,2024-12-22 14:00:00,Everton,Chelsea,65,1,0,1,66,5,10,13,-44.4,-33.0,-24.0,-1443.0,0.017518451437354,0.059399561956525,1,2,1.846001097932476
33,12436466,Premier League,24/25,2024-12-22 14:00:00,Everton,Chelsea,70,1,0,1,71,5,10,14,-27.4,-35.9,17.0,-1580.0,0.084521569311619,0.102040020748973,1,2,1.930522667244095
33,12436466,Premier League,24/25,2024-12-22 14:00:00,Everton,Chelsea,75,1,0,1,76,5,10,15,-8.0,-17.7,11.0,-1620.0,0.056073475629091,0.14059504494071,1,2,1.986596142873186
35,12436468,Premier League,24/25,2024-12-22 14:00:00,Fulham,Southampton,60,1,0,1,61,5,10,11,-2.0,19.3,-83.0,829.0,0.08077659457922,0.08077659457922,2,2,0.47561599686742306
35,12436468,Premier League,24/25,2024-12-22 14:00:00,Fulham,Southampton,65,1,0,1,66,5,10,13,-12.4,-7.2,3.0,767.0,0.16343790851533202,0.244214503094552,2,4,0.639053905382755
35,12436468,Premier League,24/25,2024-12-22 14:00:00,Fulham,Southampton,70,1,0,1,71,5,10,14,59.6,23.6,115.0,1065.0,0.17034140229225,0.333779310807582,1,3,0.8093953076750049
35,12436468,Premier League,24/25,2024-12-22 14:00:00,Fulham,Southampton,75,1,0,1,76,5,10,16,13.6,36.6,-26.0,1133.0,0.14182800054550201,0.312169402837752,2,3,0.951223308220507
36,12436469,Premier League,24/25,2024-12-22 14:00:00,Leicester City,Wolverhampton,60,1,0,1,61,5,10,10,17.0,17.1,1.0,255.0,0.125375464558601,0.125375464558601,2,2,0.7248538038693371
36,12436469,Premier League,24/25,2024-12-22 14:00:00,Leicester City,Wolverhampton,65,1,0,1,66,5,10,11,45.0,31.0,22.0,480.0,0.049706175923347,0.175081640481948,1,3,0.774559979792684
36,12436469,Premier League,24/25,2024-12-22 14:00:00,Leicester City,Wolverhampton,70,1,0,1,71,5,10,12,-3.2,20.9,-92.0,464.0,0.051678817719221,0.101384993642568,1,2,0.826238797511905
36,12436469,Premier League,24/25,2024-12-22 14:00:00,Leicester City,Wolverhampton,75,1,0,1,76,5,10,13,-29.4,-16.3,-21.0,317.0,0.038884002715349,0.09056282043457001,1,2,0.865122800227254
37,12436470,Premier League,24/25,2024-12-22 14:00:00,Manchester United,Bournemouth,60,1,0,1,61,5,10,19,32.8,22.1,3.0,455.0,0.0,0.306234531104566,0,2,1.7761803101748268
37,12436470,Premier League,24/25,2024-12-22 14:00:00,Manchester United,Bournemouth,65,1,0,1,66,5,10,22,-18.6,7.1,-88.0,362.0,1.20558272864819,1.20558272864819,3,3,2.9817630388230167
37,12436470,Premier League,24/25,2024-12-22 14:00:00,Manchester United,Bournemouth,70,1,0,1,71,5,10,24,8.2,-5.2,103.0,403.0,0.038425613194704,1.244008341842894,2,5,3.020188652017721
37,12436470,Premier League,24/25,2024-12-22 14:00:00,Manchester United,Bournemouth,75,1,0,1,76,5,10,25,35.2,21.7,13.0,579.0,0.080156311392784,0.118581924587488,1,3,3.1003449634105054
38,12436471,Premier League,24/25,2024-12-22 16:30:00,Tottenham Hotspur,Liverpool FC,60,1,0,1,61,5,10,21,-29.2,-22.7,22.0,-885.0,0.58715438842773,2.11255842447281,1,3,4.846172047778966
38,12436471,Premier League,24/25,2024-12-22 16:30:00,Tottenham Hotspur,Liverpool FC,65,1,0,1,66,5,10,24,-34.2,-31.7,-66.0,-1056.0,0.7207445250824127,1.3078989135101429,3,4,5.566916572861378
38,12436471,Premier League,24/25,2024-12-22 16:30:00,Tottenham Hotspur,Liverpool FC,70,1,0,1,71,5,10,25,10.2,-12.0,79.0,-1005.0,0.044945847243071,0.7656903723254838,1,4,5.611862420104449
38,12436471,Premier League,24/25,2024-12-22 16:30:00,Tottenham Hotspur,Liverpool FC,75,1,0,1,76,5,10,26,21.2,15.7,73.0,-899.0,0.38809496164322,0.433040808886291,1,2,5.999957381747669
48,12436481,Premier League,24/25,2024-12-26 12:30:00,Manchester City,Everton,60,1,0,1,61,5,10,21,6.2,39.9,-52.0,1326.0,0.054140865802765,1.161002581977845,1,3,2.657452309542891
48,12436481,Premier League,24/25,2024-12-26 12:30:00,Manchester City,Everton,65,1,0,1,66,5,10,23,27.4,16.8,-6.0,1463.0,0.046423491090536,0.100564356893301,2,3,2.703875800633427
48,12436481,Premier League,24/25,2024-12-26 12:30:00,Manchester City,Everton,70,1,0,1,71,5,10,25,28.2,27.8,-12.0,1604.0,0.06654677726328401,0.11297026835382001,2,4,2.7704225778967118
48,12436481,Premier League,24/25,2024-12-26 12:30:00,Manchester City,Everton,75,1,0,1,76,5,10,26,-4.4,11.9,-12.0,1582.0,0.03743702173233,0.103983798995614,1,3,2.807859599629041
40,12436473,Premier League,24/25,2024-12-26 15:00:00,Chelsea,Fulham,60,1,0,1,61,5,10,13,-22.8,-9.9,-83.0,-37.0,0.044078975915909,0.073620062321425,1,2,0.7754694744944559
40,12436473,Premier League,24/25,2024-12-26 15:00:00,Chelsea,Fulham,65,1,0,1,66,5,10,14,-20.2,-21.5,11.0,-138.0,0.21382953226566,0.257908508181569,1,2,0.9892990067601162
40,12436473,Premier League,24/25,2024-12-26 15:00:00,Chelsea,Fulham,70,1,0,1,71,5,10,16,-6.4,-13.3,15.0,-170.0,0.20252028107643,0.41634981334209,2,3,1.1918192878365461
40,12436473,Premier League,24/25,2024-12-26 15:00:00,Chelsea,Fulham,75,1,0,1,76,5,10,16,5.0,-0.7,13.0,-145.0,0.0,0.20252028107643,0,2,1.1918192878365461
43,12436476,Premier League,24/25,2024-12-26 15:00:00,Bournemouth,Crystal Palace,60,1,0,1,61,5,10,16,-12.0,6.9,-26.0,377.0,0.0,0.0,0,0,1.4435819787904565
43,12436476,Premier League,24/25,2024-12-26 15:00:00,Bournemouth,Crystal Palace,65,1,0,1,66,5,10,18,10.8,-0.6,3.0,431.0,0.133433058857918,0.133433058857918,2,2,1.5770150376483745
43,12436476,Premier League,24/25,2024-12-26 15:00:00,Bournemouth,Crystal Palace,70,1,0,1,71,5,10,19,-18.6,-3.9,-5.0,338.0,0.082356065511703,0.215789124369621,1,3,1.659371103160077
43,12436476,Premier League,24/25,2024-12-26 15:00:00,Bournemouth,Crystal Palace,75,1,0,1,76,5,10,22,22.0,1.7,43.0,448.0,0.10573003813624399,0.18808610364794698,3,4,1.7651011412963211
44,12436477,Premier League,24/25,2024-12-26 15:00:00,Newcastle United,Aston Villa,60,1,0,1,61,5,10,16,15.4,35.3,-37.0,1260.0,0.71840631961823,0.869476942345505,1,3,1.890326822176577
44,12436477,Premier League,24/25,2024-12-26 15:00:00,Newcastle United,Aston Villa,65,1,0,1,66,5,10,21,16.2,15.8,-14.0,1341.0,0.765369666740296,1.483775986358526,5,6,2.655696488916873
44,12436477,Premier League,24/25,2024-12-26 15:00:00,Newcastle United,Aston Villa,70,1,0,1,71,5,10,21,71.0,43.6,19.0,1696.0,0.0,0.765369666740296,0,5,2.655696488916873
44,12436477,Premier League,24/25,2024-12-26 15:00:00,Newcastle United,Aston Villa,75,1,0,1,76,5,10,21,-11.0,30.0,-61.0,1641.0,0.0,0.0,0,0,2.655696488916873
46,12436479,Premier League,24/25,2024-12-26 15:00:00,Nottingham Forest,Tottenham Hotspur,60,1,0,1,61,5,10,15,-39.4,-19.1,-35.0,-919.0,0.295742191374299,0.447181068360799,2,3,1.275050248950717
46,12436479,Premier League,24/25,2024-12-26 15:00:00,Nottingham Forest,Tottenham Hotspur,65,1,0,1,66,5,10,17,13.8,-12.8,39.0,-850.0,0.3144988194108,0.610241010785099,2,4,1.589549068361517
46,12436479,Premier League,24/25,2024-12-26 15:00:00,Nottingham Forest,Tottenham Hotspur,70,1,0,1,71,5,10,20,14.8,14.3,-40.0,-776.0,0.32943816855549596,0.643936987966296,3,5,1.9189872369170131
46,12436479,Premier League,24/25,2024-12-26 15:00:00,Nottingham Forest,Tottenham Hotspur,75,1,0,1,76,5,10,20,-21.6,-3.4,-75.0,-884.0,0.0,0.32943816855549596,0,3,1.9189872369170131
47,12436480,Premier League,24/25,2024-12-26 15:00:00,Southampton,West Ham United,60,1,0,1,61,5,10,21,-20.2,-3.5,-83.0,105.0,0.77847623825073,0.77847623825073,2,2,2.468968471512186
47,12436480,Premier League,24/25,2024-12-26 15:00:00,Southampton,West Ham United,65,1,0,1,66,5,10,22,2.0,-9.1,32.0,115.0,0.038099862635136,0.816576100885866,1,3,2.5070683341473226
47,12436480,Premier League,24/25,2024-12-26 15:00:00,Southampton,West Ham United,70,1,0,1,71,5,10,27,28.0,15.0,36.0,255.0,0.264124441891908,0.30222430452704396,5,6,2.7711927760392303
47,12436480,Premier League,24/25,2024-12-26 15:00:00,Southampton,West Ham United,75,1,0,1,76,5,10,28,-20.2,3.9,-42.0,154.0,0.10867627710104,0.372800718992948,1,6,2.87986905314027
49,12436482,Premier League,24/25,2024-12-26 17:30:00,Wolverhampton,Manchester United,60,1,0,1,61,5,10,12,25.2,15.5,15.0,30.0,0.0057947114109993,0.0792471170425413,1,2,0.5633916715159992
49,12436482,Premier League,24/25,2024-12-26 17:30:00,Wolverhampton,Manchester United,65,1,0,1,66,5,10,12,24.2,24.7,49.0,151.0,0.0,0.0057947114109993,0,1,0.5633916715159992
49,12436482,Premier League,24/25,2024-12-26 17:30:00,Wolverhampton,Manchester United,70,1,0,1,71,5,10,14,-3.2,10.5,-50.0,135.0,0.042775170877576,0.042775170877576,2,2,0.6061668423935753
49,12436482,Premier League,24/25,2024-12-26 17:30:00,Wolverhampton,Manchester United,75,1,0,1,76,5,10,14,-2.8,-3.0,-25.0,121.0,0.0,0.042775170877576,0,2,0.6061668423935753
41,12436474,Premier League,24/25,2024-12-26 20:00:00,Liverpool FC,Leicester City,60,1,0,1,61,5,10,18,34.2,33.3,9.0,1958.0,0.0,0.022777255624533,0,1,2.066653802990902
41,12436474,Premier League,24/25,2024-12-26 20:00:00,Liverpool FC,Leicester City,65,1,0,1,66,5,10,20,48.4,41.3,25.0,2200.0,0.164813685786724,0.164813685786724,2,2,2.2314674887776262
41,12436474,Premier League,24/25,2024-12-26 20:00:00,Liverpool FC,Leicester City,70,1,0,1,71,5,10,20,30.4,39.4,-7.0,2352.0,0.0,0.164813685786724,0,2,2.2314674887776262
41,12436474,Premier League,24/25,2024-12-26 20:00:00,Liverpool FC,Leicester City,75,1,0,1,76,5,10,21,7.0,18.7,-38.0,2387.0,0.036351077258587,0.036351077258587,1,1,2.267818566036213
42,12436475,Premier League,24/25,2024-12-27 19:30:00,Brighton & Hove Albion,Brentford,60,1,0,1,61,5,10,22,17.6,17.9,29.0,1394.0,0.248584941029546,0.248584941029546,3,3,1.250375963747498
42,12436475,Premier League,24/25,2024-12-27 19:30:00,Brighton & Hove Albion,Brentford,65,1,0,1,66,5,10,24,-19.0,-0.7,-100.0,1299.0,0.509580988436937,0.758165929466483,2,5,1.759956952184435
42,12436475,Premier League,24/25,2024-12-27 19:30:00,Brighton & Hove Albion,Brentford,70,1,0,1,71,5,10,25,-10.0,-14.5,0.0,1249.0,0.16603000462055,0.6756109930574871,1,3,1.925986956804985
42,12436475,Premier League,24/25,2024-12-27 19:30:00,Brighton & Hove Albion,Brentford,75,1,0,1,76,5,10,26,-3.2,-6.6,27.0,1233.0,0.12256516516209,0.28859516978264,1,2,2.0485521219670746
39,12436472,Premier League,24/25,2024-12-27 20:15:00,Arsenal,Ipswich Town,60,1,0,1,61,5,10,8,-26.2,-2.9,-65.0,1405.0,0.013664822094142,0.11961543839425201,1,2,1.139479589648548
39,12436472,Premier League,24/25,2024-12-27 20:15:00,Arsenal,Ipswich Town,65,1,0,1,66,5,10,9,11.2,-7.5,36.0,1461.0,0.2370914965868,0.250756318680942,1,2,1.376571086235348
39,12436472,Premier League,24/25,2024-12-27 20:15:00,Arsenal,Ipswich Town,70,1,0,1,71,5,10,9,5.6,8.4,23.0,1489.0,0.0,0.2370914965868,0,1,1.376571086235348
39,12436472,Premier League,24/25,2024-12-27 20:15:00,Arsenal,Ipswich Town,75,1,0,1,76,5,10,12,31.0,18.3,15.0,1644.0,0.421278499066827,0.421278499066827,3,3,1.797849585302175
79,12436512,Premier League,24/25,2024-12-29 14:30:00,Leicester City,Manchester City,60,1,0,1,61,5,10,15,-14.0,4.5,-25.0,-42.0,0.0,0.020773254334927,0,1,1.3612361894920448
79,12436512,Premier League,24/25,2024-12-29 14:30:00,Leicester City,Manchester City,65,1,0,1,66,5,10,16,39.8,12.9,42.0,157.0,0.27098545432091,0.27098545432091,1,1,1.6322216438129549
79,12436512,Premier League,24/25,2024-12-29 14:30:00,Leicester City,Manchester City,70,1,0,1,71,5,10,17,31.2,35.5,20.0,313.0,0.45856493711472,0.72955039143563,1,2,2.0907865809276753
79,12436512,Premier League,24/25,2024-12-29 14:30:00,Leicester City,Manchester City,75,1,0,1,76,5,10,18,-8.0,11.6,-33.0,273.0,0.18299908936024,0.64156402647496,1,2,2.2737856702879156
82,12436515,Premier League,24/25,2024-12-29 15:00:00,Fulham,Bournemouth,60,1,0,1,61,5,10,19,7.6,-11.7,78.0,-1058.0,0.203224450349804,0.368132129311554,3,4,1.9108012896031061
82,12436515,Premier League,24/25,2024-12-29 15:00:00,Fulham,Bournemouth,65,1,0,1,66,5,10,19,0.4,4.0,-19.0,-1056.0,0.0,0.203224450349804,0,3,1.9108012896031061
82,12436515,Premier League,24/25,2024-12-29 15:00:00,Fulham,Bournemouth,70,1,0,1,71,5,10,23,-6.8,-3.2,-31.0,-1090.0,0.562173854559663,0.562173854559663,4,4,2.4729751441627688
82,12436515,Premier League,24/25,2024-12-29 15:00:00,Fulham,Bournemouth,75,1,0,1,76,5,10,24,25.6,9.4,89.0,-962.0,0.056073475629091,0.618247330188754,1,5,2.52904861979186
84,12436517,Premier League,24/25,2024-12-29 15:00:00,Everton,Nottingham Forest,60,1,0,1,61,5,10,12,11.8,8.2,-9.0,366.0,0.038444593548775,0.17241862043738398,1,3,1.008095070648207
84,12436517,Premier League,24/25,2024-12-29 15:00:00,Everton,Nottingham Forest,65,1,0,1,66,5,10,16,-16.6,-2.4,-122.0,283.0,0.569412451237443,0.6078570447862179,4,5,1.57750752188565
84,12436517,Premier League,24/25,2024-12-29 15:00:00,Everton,Nottingham Forest,70,1,0,1,71,5,10,16,-41.0,-28.8,-4.0,78.0,0.0,0.569412451237443,0,4,1.57750752188565
84,12436517,Premier League,24/25,2024-12-29 15:00:00,Everton,Nottingham Forest,75,1,0,1,76,5,10,17,28.6,-6.2,120.0,221.0,0.16838033497334,0.16838033497334,1,1,1.74588785685899
88,12436521,Premier League,24/25,2024-12-29 15:00:00,Tottenham Hotspur,Wolverhampton,60,1,0,1,61,5,10,13,-16.6,-4.3,-29.0,109.0,0.019243674352765,0.019243674352765,1,1,1.4756341921553
88,12436521,Premier League,24/25,2024-12-29 15:00:00,Tottenham Hotspur,Wolverhampton,65,1,0,1,66,5,10,15,-21.6,-19.1,-17.0,1.0,0.107452130876482,0.126695805229247,2,3,1.5830863230317822
88,12436521,Premier League,24/25,2024-12-29 15:00:00,Tottenham Hotspur,Wolverhampton,70,1,0,1,71,5,10,17,4.2,-8.7,1.0,22.0,0.083853725343942,0.19130585622042398,2,4,1.6669400483757242
88,12436521,Premier League,24/25,2024-12-29 15:00:00,Tottenham Hotspur,Wolverhampton,75,1,0,1,76,5,10,18,-7.8,-1.8,-42.0,-17.0,0.049394439905882,0.133248165249824,1,3,1.7163344882816058
99,12436532,Premier League,24/25,2024-12-29 15:00:00,Crystal Palace,Southampton,60,1,0,1,61,5,10,20,5.0,6.2,41.0,939.0,0.062162663787603,0.104568991810083,1,2,2.472294148989017
99,12436532,Premier League,24/25,2024-12-29 15:00:00,Crystal Palace,Southampton,65,1,0,1,66,5,10,23,1.0,3.0,-16.0,944.0,0.28466559760272997,0.34682826139033296,3,4,2.756959746591747
99,12436532,Premier League,24/25,2024-12-29 15:00:00,Crystal Palace,Southampton,70,1,0,1,71,5,10,24,-32.6,-15.8,-4.0,781.0,0.1102451980114,0.39491079561413,1,4,2.867204944603147
99,12436532,Premier League,24/25,2024-12-29 15:00:00,Crystal Palace,Southampton,75,1,0,1,76,5,10,24,10.4,-11.1,-1.0,833.0,0.0,0.1102451980114,0,1,2.867204944603147
80,12436513,Premier League,24/25,2024-12-29 17:15:00,West Ham United,Liverpool FC,60,1,0,1,61,5,10,19,-13.6,-22.2,2.0,-1580.0,0.0,0.022992810234427,0,1,2.385497594252218
80,12436513,Premier League,24/25,2024-12-29 17:15:00,West Ham United,Liverpool FC,65,1,0,1,66,5,10,20,-21.6,-17.6,-19.0,-1688.0,0.032351698726416,0.032351698726416,1,1,2.417849292978634
80,12436513,Premier League,24/25,2024-12-29 17:15:00,West Ham United,Liverpool FC,70,1,0,1,71,5,10,21,-22.8,-22.2,9.0,-1802.0,0.055993784219027,0.088345482945443,1,2,2.473843077197661
80,12436513,Premier League,24/25,2024-12-29 17:15:00,West Ham United,Liverpool FC,75,1,0,1,76,5,10,22,-17.4,-20.1,60.0,-1889.0,0.21361827850342,0.269612062722447,1,2,2.687461355701081
77,12436510,Premier League,24/25,2024-12-30 19:45:00,Ipswich Town,Chelsea,60,1,0,1,61,5,10,20,-20.2,-33.2,36.0,-1268.0,0.038148187100887,0.166476614773277,1,2,3.158116010987765
77,12436510,Premier League,24/25,2024-12-30 19:45:00,Ipswich Town,Chelsea,65,1,0,1,66,5,10,21,-34.6,-27.4,1.0,-1441.0,0.022790631279349,0.060938818380236,1,2,3.1809066422671144
77,12436510,Premier League,24/25,2024-12-30 19:45:00,Ipswich Town,Chelsea,70,1,0,1,71,5,10,24,-16.4,-25.5,8.0,-1523.0,0.186974788084624,0.209765419363973,3,4,3.367881430351738
77,12436510,Premier League,24/25,2024-12-30 19:45:00,Ipswich Town,Chelsea,75,1,0,1,76,5,10,25,-22.4,-19.4,98.0,-1635.0,0.090959519147873,0.277934307232497,1,4,3.458840949499611
97,12436530,Premier League,24/25,2024-12-30 19:45:00,Aston Villa,Brighton & Hove Albion,60,1,0,1,61,5,10,19,27.8,32.0,-29.0,866.0,0.0,0.032472692430019,0,1,1.9527905155360648
97,12436530,Premier League,24/25,2024-12-30 19:45:00,Aston Villa,Brighton & Hove Albion,65,1,0,1,66,5,10,22,12.6,20.2,-44.0,929.0,0.125348445028067,0.125348445028067,3,3,2.078138960564132
97,12436530,Premier League,24/25,2024-12-30 19:45:00,Aston Villa,Brighton & Hove Albion,70,1,0,1,71,5,10,23,14.8,13.7,-30.0,1003.0,0.12046588212252,0.245814327150587,1,4,2.1986048426866516
97,12436530,Premier League,24/25,2024-12-30 19:45:00,Aston Villa,Brighton & Hove Albion,75,1,0,1,76,5,10,25,0.6,7.7,0.0,1006.0,0.083314361050725,0.203780243173245,2,3,2.281919203737377
89,12436522,Premier League,24/25,2024-12-30 20:00:00,Manchester United,Newcastle United,60,1,0,1,61,5,10,19,29.2,25.9,63.0,-309.0,0.333756651729348,0.383106395602229,3,5,2.5724710440263197
89,12436522,Premier League,24/25,2024-12-30 20:00:00,Manchester United,Newcastle United,65,1,0,1,66,5,10,19,8.4,18.8,-18.0,-267.0,0.0,0.333756651729348,0,3,2.5724710440263197
89,12436522,Premier League,24/25,2024-12-30 20:00:00,Manchester United,Newcastle United,70,1,0,1,71,5,10,20,-14.2,-2.9,-78.0,-338.0,0.024797007441521,0.024797007441521,1,1,2.597268051467841
89,12436522,Premier League,24/25,2024-12-30 20:00:00,Manchester United,Newcastle United,75,1,0,1,76,5,10,22,13.4,-0.4,87.0,-271.0,0.186158262193207,0.210955269634728,2,3,2.7834263136610478
1,12436410,Premier League,24/25,2025-01-01 17:30:00,Brentford,Arsenal,60,1,0,1,61,5,10,18,-21.0,-42.8,77.0,-1171.0,0.317404389381407,0.49040821194648704,2,3,2.142794621177013
1,12436410,Premier League,24/25,2025-01-01 17:30:00,Brentford,Arsenal,65,1,0,1,66,5,10,19,-5.2,-13.1,13.0,-1197.0,0.10179297626019,0.419197365641597,1,3,2.244587597437203
1,12436410,Premier League,24/25,2025-01-01 17:30:00,Brentford,Arsenal,70,1,0,1,71,5,10,19,22.2,8.5,30.0,-1086.0,0.0,0.10179297626019,0,1,2.244587597437203
1,12436410,Premier League,24/25,2025-01-01 17:30:00,Brentford,Arsenal,75,1,0,1,76,5,10,19,3.0,12.6,-25.0,-1071.0,0.0,0.0,0,0,2.244587597437203
86,12436519,Premier League,24/25,2025-01-04 12:30:00,Tottenham Hotspur,Newcastle United,60,1,0,1,61,5,10,18,63.0,26.8,50.0,-111.0,0.29499058425427,0.53132183477283,2,7,2.779851735569543
86,12436519,Premier League,24/25,2025-01-04 12:30:00,Tottenham Hotspur,Newcastle United,65,1,0,1,66,5,10,18,-5.6,28.7,-38.0,-139.0,0.0,0.29499058425427,0,2,2.779851735569543
86,12436519,Premier League,24/25,2025-01-04 12:30:00,Tottenham Hotspur,Newcastle United,70,1,0,1,71,5,10,18,25.8,10.1,38.0,-10.0,0.0,0.0,0,0,2.779851735569543
86,12436519,Premier League,24/25,2025-01-04 12:30:00,Tottenham Hotspur,Newcastle United,75,1,0,1,76,5,10,18,12.2,19.0,-31.0,51.0,0.0,0.0,0,0,2.779851735569543
2,12436419,Premier League,24/25,2025-01-04 15:00:00,Crystal Palace,Chelsea,60,1,0,1,61,5,10,16,-0.6,2.2,-59.0,-659.0,0.061043199151754,0.061043199151754,1,1,1.3672415325418161
2,12436419,Premier League,24/25,2025-01-04 15:00:00,Crystal Palace,Chelsea,65,1,0,1,66,5,10,18,-9.2,-4.9,-6.0,-705.0,0.101041007786989,0.162084206938743,2,3,1.4682825403288051
2,12436419,Premier League,24/25,2025-01-04 15:00:00,Crystal Palace,Chelsea,70,1,0,1,71,5,10,21,-1.8,-5.5,20.0,-714.0,0.15943386731669318,0.26047487510368217,3,5,1.6277164076454982
2,12436419,Premier League,24/25,2025-01-04 15:00:00,Crystal Palace,Chelsea,75,1,0,1,76,5,10,24,-1.4,-1.6,45.0,-721.0,0.15476199984550498,0.31419586716219816,3,6,1.7824784074910034
75,12436508,Premier League,24/25,2025-01-04 15:00:00,Manchester City,West Ham United,60,1,0,1,61,5,10,19,19.0,3.2,21.0,580.0,0.59269851446152,0.967036353424192,1,4,2.4396453928202493
75,12436508,Premier League,24/25,2025-01-04 15:00:00,Manchester City,West Ham United,65,1,0,1,66,5,10,20,7.6,13.3,-43.0,618.0,0.039284970611334,0.631983485072854,1,2,2.478930363431583
75,12436508,Premier League,24/25,2025-01-04 15:00:00,Manchester City,West Ham United,70,1,0,1,71,5,10,21,-41.0,-16.7,-35.0,413.0,0.20064930617809,0.23993427678942397,1,2,2.679579669609673
75,12436508,Premier League,24/25,2025-01-04 15:00:00,Manchester City,West Ham United,75,1,0,1,76,5,10,22,-22.0,-31.5,-40.0,303.0,0.37016507983208,0.57081438601017,1,2,3.049744749441753
85,12436518,Premier League,24/25,2025-01-04 15:00:00,Bournemouth,Everton,60,1,0,1,61,5,10,20,4.2,-9.3,-2.0,634.0,0.0,0.36578381061554,0,1,2.1544759934768023
85,12436518,Premier League,24/25,2025-01-04 15:00:00,Bournemouth,Everton,65,1,0,1,66,5,10,21,29.8,17.0,36.0,783.0,0.031193874776363,0.031193874776363,1,1,2.1856698682531652
85,12436518,Premier League,24/25,2025-01-04 15:00:00,Bournemouth,Everton,70,1,0,1,71,5,10,21,14.8,22.3,14.0,857.0,0.0,0.031193874776363,0,1,2.1856698682531652
85,12436518,Premier League,24/25,2025-01-04 15:00:00,Bournemouth,Everton,75,1,0,1,76,5,10,23,-3.4,5.7,7.0,840.0,0.125222869217396,0.125222869217396,2,2,2.310892737470561
87,12436520,Premier League,24/25,2025-01-04 15:00:00,Southampton,Brentford,60,1,0,1,61,5,10,16,12.0,-26.7,80.0,-670.0,0.453428033739329,0.715539779514077,2,5,2.148790089413538
87,12436520,Premier League,24/25,2025-01-04 15:00:00,Southampton,Brentford,65,1,0,1,66,5,10,17,-17.6,-2.8,-25.0,-758.0,0.21686555445194,0.6702935881912689,1,3,2.3656556438654777
87,12436520,Premier League,24/25,2025-01-04 15:00:00,Southampton,Brentford,70,1,0,1,71,5,10,19,-54.8,-36.2,-21.0,-1032.0,0.874682826960087,1.091548381412027,2,3,3.2403384708255647
87,12436520,Premier League,24/25,2025-01-04 15:00:00,Southampton,Brentford,75,1,0,1,76,5,10,22,-46.6,-50.7,12.0,-1265.0,0.48589418642223203,1.3605770133823192,3,5,3.726232657247797
90,12436523,Premier League,24/25,2025-01-04 15:00:00,Aston Villa,Leicester City,60,1,0,1,61,5,10,9,27.2,13.8,21.0,563.0,0.097586665302515,0.168094854801893,2,3,0.53953075781465
90,12436523,Premier League,24/25,2025-01-04 15:00:00,Aston Villa,Leicester City,65,1,0,1,66,5,10,11,1.2,14.2,-24.0,569.0,0.28459189832211,0.382178563624625,2,4,0.8241226561367598
90,12436523,Premier League,24/25,2025-01-04 15:00:00,Aston Villa,Leicester City,70,1,0,1,71,5,10,11,0.4,0.8,8.0,571.0,0.0,0.28459189832211,0,2,0.8241226561367598
90,12436523,Premier League,24/25,2025-01-04 15:00:00,Aston Villa,Leicester City,75,1,0,1,76,5,10,11,15.6,8.0,12.0,649.0,0.0,0.0,0,0,0.8241226561367598
95,12436528,Premier League,24/25,2025-01-04 17:30:00,Brighton & Hove Albion,Arsenal,60,1,0,1,61,5,10,13,-25.4,-16.6,-36.0,-341.0,0.1234130486846,0.1234130486846,1,1,1.270272799767564
95,12436528,Premier League,24/25,2025-01-04 17:30:00,Brighton & Hove Albion,Arsenal,65,1,0,1,66,5,10,14,-6.0,-15.7,-12.0,-371.0,0.7884,0.9118130486846,1,2,2.0586727997675633
95,12436528,Premier League,24/25,2025-01-04 17:30:00,Brighton & Hove Albion,Arsenal,70,1,0,1,71,5,10,14,8.0,1.0,6.0,-331.0,0.0,0.7884,0,1,2.0586727997675633
95,12436528,Premier League,24/25,2025-01-04 17:30:00,Brighton & Hove Albion,Arsenal,75,1,0,1,76,5,10,14,-11.8,-1.9,-31.0,-390.0,0.0,0.0,0,0,2.0586727997675633
92,12436525,Premier League,24/25,2025-01-05 14:00:00,Fulham,Ipswich Town,60,1,0,1,61,5,10,12,26.4,31.1,36.0,1274.0,0.039103161543608,0.039103161543608,1,1,1.0281505668535948
92,12436525,Premier League,24/25,2025-01-05 14:00:00,Fulham,Ipswich Town,65,1,0,1,66,5,10,14,34.8,30.6,-5.0,1448.0,0.19891426712274501,0.238017428666353,2,3,1.22706483397634
92,12436525,Premier League,24/25,2025-01-05 14:00:00,Fulham,Ipswich Town,70,1,0,1,71,5,10,15,-6.0,14.4,-33.0,1418.0,0.7884,0.9873142671227451,1,3,2.0154648339763397
92,12436525,Premier League,24/25,2025-01-05 14:00:00,Fulham,Ipswich Town,75,1,0,1,76,5,10,16,3.4,-1.3,57.0,1435.0,0.7884,1.5768,1,2,2.80386483397634
81,12436514,Premier League,24/25,2025-01-05 16:30:00,Liverpool FC,Manchester United,60,1,0,1,61,5,10,17,-3.0,-18.5,45.0,342.0,0.072331435978413,0.149101302027703,1,2,1.7713554296642584
81,12436514,Premier League,24/25,2025-01-05 16:30:00,Liverpool FC,Manchester United,65,1,0,1,66,5,10,17,-11.4,-7.2,18.0,285.0,0.0,0.072331435978413,0,1,1.7713554296642584
81,12436514,Premier League,24/25,2025-01-05 16:30:00,Liverpool FC,Manchester United,70,1,0,1,71,5,10,20,42.6,15.6,35.0,498.0,0.8412112873435019,0.8412112873435019,3,3,2.61256671700776
81,12436514,Premier League,24/25,2025-01-05 16:30:00,Liverpool FC,Manchester United,75,1,0,1,76,5,10,21,30.0,36.3,-28.0,648.0,0.12458121031523,0.9657924976587319,1,4,2.737147927322991
5,12436437,Premier League,24/25,2025-01-06 20:00:00,Wolverhampton,Nottingham Forest,60,1,0,1,61,5,10,16,8.4,13.1,3.0,346.0,0.037110440433025,0.09180461987853,1,2,2.071711821481588
5,12436437,Premier League,24/25,2025-01-06 20:00:00,Wolverhampton,Nottingham Forest,65,1,0,1,66,5,10,17,-1.2,3.6,28.0,340.0,0.086147673428059,0.123258113861084,1,2,2.1578594949096472
5,12436437,Premier League,24/25,2025-01-06 20:00:00,Wolverhampton,Nottingham Forest,70,1,0,1,71,5,10,18,12.0,5.4,-7.0,400.0,0.09958953410387,0.18573720753192902,1,2,2.2574490290135167
5,12436437,Premier League,24/25,2025-01-06 20:00:00,Wolverhampton,Nottingham Forest,75,1,0,1,76,5,10,19,-3.4,4.3,-15.0,383.0,0.3015843629837,0.40117389708757,1,2,2.559033391997217
4,12436436,Premier League,24/25,2025-01-14 19:30:00,Brentford,Manchester City,60,1,0,1,61,5,10,19,7.6,-5.4,29.0,-381.0,0.058283798396587,0.285770369693638,1,4,1.368693131953483
4,12436436,Premier League,24/25,2025-01-14 19:30:00,Brentford,Manchester City,65,1,0,1,66,5,10,25,-7.4,0.1,52.0,-418.0,0.547264195978639,0.605547994375226,6,7,1.9159573279321218
4,12436436,Premier League,24/25,2025-01-14 19:30:00,Brentford,Manchester City,70,1,0,1,71,5,10,27,1.0,-3.2,36.0,-413.0,1.0152331888675699,1.5624973848462087,2,8,2.9311905167996923
4,12436436,Premier League,24/25,2025-01-14 19:30:00,Brentford,Manchester City,75,1,0,1,76,5,10,28,54.4,27.7,32.0,-141.0,0.049218844622374,1.0644520334899439,1,3,2.980409361422066
76,12436509,Premier League,24/25,2025-01-14 19:30:00,West Ham United,Fulham,60,1,0,1,61,5,10,13,-33.0,-36.7,-27.0,-793.0,0.028954969719052,0.075816665776074,1,3,1.124969623051579
76,12436509,Premier League,24/25,2025-01-14 19:30:00,West Ham United,Fulham,65,1,0,1,66,5,10,14,-5.2,-19.1,43.0,-819.0,0.13069421052933,0.159649180248382,1,2,1.255663833580909
76,12436509,Premier League,24/25,2025-01-14 19:30:00,West Ham United,Fulham,70,1,0,1,71,5,10,15,13.0,3.9,40.0,-754.0,0.49803668260574,0.62873089313507,1,2,1.753700516186649
76,12436509,Premier League,24/25,2025-01-14 19:30:00,West Ham United,Fulham,75,1,0,1,76,5,10,17,-38.0,-12.5,-37.0,-944.0,0.127384558320046,0.625421240925786,2,3,1.881085074506695
98,12436531,Premier League,24/25,2025-01-14 19:30:00,Chelsea,Bournemouth,60,1,0,1,61,5,10,19,31.0,4.0,89.0,698.0,0.095498245209456,0.095498245209456,2,2,3.14049529846907
98,12436531,Premier League,24/25,2025-01-14 19:30:00,Chelsea,Bournemouth,65,1,0,1,66,5,10,22,-5.4,12.8,-1.0,671.0,0.059249145910144005,0.1547473911196,3,5,3.1997444443792142
98,12436531,Premier League,24/25,2025-01-14 19:30:00,Chelsea,Bournemouth,70,1,0,1,71,5,10,24,7.8,1.2,-25.0,710.0,0.105310140177608,0.164559286087752,2,5,3.3050545845568218
98,12436531,Premier League,24/25,2025-01-14 19:30:00,Chelsea,Bournemouth,75,1,0,1,76,5,10,24,13.8,10.8,-33.0,779.0,0.0,0.105310140177608,0,2,3.3050545845568218
93,12436526,Premier League,24/25,2025-01-14 20:00:00,Nottingham Forest,Liverpool FC,60,1,0,1,61,5,10,15,-45.2,-27.0,-25.0,-1177.0,0.0733369202353059,0.1101464652456339,2,3,0.79944071220234
93,12436526,Premier League,24/25,2025-01-14 20:00:00,Nottingham Forest,Liverpool FC,65,1,0,1,66,5,10,16,3.4,-20.9,-12.0,-1160.0,0.049041073769331,0.1223779940046369,1,3,0.8484817859716709
93,12436526,Premier League,24/25,2025-01-14 20:00:00,Nottingham Forest,Liverpool FC,70,1,0,1,71,5,10,18,-42.0,-19.3,-72.0,-1370.0,0.61506590247154,0.664106976240871,2,3,1.4635476884432108
93,12436526,Premier League,24/25,2025-01-14 20:00:00,Nottingham Forest,Liverpool FC,75,1,0,1,76,5,10,19,-18.2,-30.1,0.0,-1461.0,0.052993558347225,0.6680594608187651,1,3,1.516541246790436
3,12436434,Premier League,24/25,2025-01-15 19:30:00,Everton,Aston Villa,60,1,0,1,61,5,10,17,6.6,-8.1,66.0,-363.0,0.0,0.38295862451195395,0,2,1.7251817425712985
3,12436434,Premier League,24/25,2025-01-15 19:30:00,Everton,Aston Villa,65,1,0,1,66,5,10,18,14.6,10.6,-42.0,-290.0,0.17075181007385,0.17075181007385,1,1,1.8959335526451486
3,12436434,Premier League,24/25,2025-01-15 19:30:00,Everton,Aston Villa,70,1,0,1,71,5,10,18,-27.8,-6.6,-58.0,-429.0,0.0,0.17075181007385,0,1,1.8959335526451486
3,12436434,Premier League,24/25,2025-01-15 19:30:00,Everton,Aston Villa,75,1,0,1,76,5,10,19,24.8,-1.5,70.0,-305.0,0.14325051009655,0.14325051009655,1,1,2.0391840627416986
94,12436527,Premier League,24/25,2025-01-15 19:30:00,Leicester City,Crystal Palace,60,1,0,1,61,5,10,16,-15.2,-23.3,-5.0,412.0,0.0,0.87479603290558,0,1,2.347882322967056
94,12436527,Premier League,24/25,2025-01-15 19:30:00,Leicester City,Crystal Palace,65,1,0,1,66,5,10,18,-35.8,-25.5,61.0,233.0,0.28106483817101,0.28106483817101,2,2,2.628947161138066
94,12436527,Premier League,24/25,2025-01-15 19:30:00,Leicester City,Crystal Palace,70,1,0,1,71,5,10,22,31.0,-2.4,103.0,388.0,0.244141303002835,0.525206141173845,4,6,2.873088464140902
94,12436527,Premier League,24/25,2025-01-15 19:30:00,Leicester City,Crystal Palace,75,1,0,1,76,5,10,24,48.4,39.7,59.0,630.0,0.053173121064902,0.297314424067737,2,6,2.926261585205803
96,12436529,Premier League,24/25,2025-01-15 19:30:00,Newcastle United,Wolverhampton,60,1,0,1,61,5,10,15,32.8,33.6,25.0,1000.0,0.50293987989426,0.5615738891065151,1,2,1.7449113931506846
96,12436529,Premier League,24/25,2025-01-15 19:30:00,Newcastle United,Wolverhampton,65,1,0,1,66,5,10,18,-9.6,11.6,7.0,952.0,0.16879919543862298,0.671739075332883,3,4,1.913710588589308
96,12436529,Premier League,24/25,2025-01-15 19:30:00,Newcastle United,Wolverhampton,70,1,0,1,71,5,10,20,27.2,8.8,19.0,1088.0,0.33489616215229,0.503695357590913,2,5,2.2486067507415988
96,12436529,Premier League,24/25,2025-01-15 19:30:00,Newcastle United,Wolverhampton,75,1,0,1,76,5,10,23,-24.4,1.4,-7.0,966.0,0.6128741949796631,0.947770357131953,3,5,2.861480945721262
78,12436511,Premier League,24/25,2025-01-15 20:00:00,Arsenal,Tottenham Hotspur,60,1,0,1,61,5,10,14,30.0,19.4,40.0,919.0,0.307098358869553,0.554948464035993,4,5,1.2879593819379929
78,12436511,Premier League,24/25,2025-01-15 20:00:00,Arsenal,Tottenham Hotspur,65,1,0,1,66,5,10,14,19.4,24.7,-7.0,1016.0,0.0,0.307098358869553,0,4,1.2879593819379929
78,12436511,Premier League,24/25,2025-01-15 20:00:00,Arsenal,Tottenham Hotspur,70,1,0,1,71,5,10,15,7.6,13.5,-13.0,1054.0,0.077791668474674,0.077791668474674,1,1,1.365751050412667
78,12436511,Premier League,24/25,2025-01-15 20:00:00,Arsenal,Tottenham Hotspur,75,1,0,1,76,5,10,18,21.4,14.5,18.0,1161.0,0.28504507243633104,0.36283674091100504,3,4,1.6507961228489978
91,12436524,Premier League,24/25,2025-01-16 19:30:00,Ipswich Town,Brighton & Hove Albion,60,1,0,1,61,5,10,11,2.0,-8.7,8.0,-542.0,0.30612824857235,0.48101499676703996,2,3,0.8823213651776219
91,12436524,Premier League,24/25,2025-01-16 19:30:00,Ipswich Town,Brighton & Hove Albion,65,1,0,1,66,5,10,12,-8.6,-3.3,-30.0,-585.0,0.10753375291824,0.41366200149058996,1,3,0.9898551180958618
91,12436524,Premier League,24/25,2025-01-16 19:30:00,Ipswich Town,Brighton & Hove Albion,70,1,0,1,71,5,10,14,-63.4,-36.0,-129.0,-902.0,0.122509930282831,0.230043683201071,2,3,1.112365048378693
91,12436524,Premier League,24/25,2025-01-16 19:30:00,Ipswich Town,Brighton & Hove Albion,75,1,0,1,76,5,10,15,-41.2,-52.3,9.0,-1108.0,0.03596830740571,0.158478237688541,1,3,1.148333355784403
83,12436516,Premier League,24/25,2025-01-16 20:00:00,Manchester United,Southampton,60,1,0,1,61,5,10,25,3.0,-15.5,49.0,-409.0,0.81052585691213,0.994056567549698,2,4,3.128920344635837
83,12436516,Premier League,24/25,2025-01-16 20:00:00,Manchester United,Southampton,65,1,0,1,66,5,10,27,29.4,16.2,37.0,-262.0,0.11328522861003901,0.923811085522169,2,4,3.242205573245876
83,12436516,Premier League,24/25,2025-01-16 20:00:00,Manchester United,Southampton,70,1,0,1,71,5,10,27,8.2,18.8,-32.0,-221.0,0.0,0.11328522861003901,0,2,3.242205573245876
83,12436516,Premier League,24/25,2025-01-16 20:00:00,Manchester United,Southampton,75,1,0,1,76,5,10,28,16.2,12.2,-6.0,-140.0,0.11687751859426,0.11687751859426,1,1,3.359083091840136
208,12436885,Premier League,24/25,2025-01-18 12:30:00,Newcastle United,Bournemouth,60,1,0,1,61,5,10,20,6.2,8.7,41.0,-221.0,0.17862169072032302,0.21483330056071603,2,3,1.746720849070698
208,12436885,Premier League,24/25,2025-01-18 12:30:00,Newcastle United,Bournemouth,65,1,0,1,66,5,10,20,-37.4,-15.6,-30.0,-408.0,0.0,0.17862169072032302,0,2,1.746720849070698
208,12436885,Premier League,24/25,2025-01-18 12:30:00,Newcastle United,Bournemouth,70,1,0,1,71,5,10,21,7.4,-15.0,77.0,-371.0,0.27546620368958,0.27546620368958,1,1,2.0221870527602777
208,12436885,Premier League,24/25,2025-01-18 12:30:00,Newcastle United,Bournemouth,75,1,0,1,76,5,10,22,28.4,17.9,5.0,-229.0,0.042512029409409,0.31797823309898904,1,2,2.0646990821696867
8,12436440,Premier League,24/25,2025-01-18 15:00:00,Brentford,Liverpool FC,60,1,0,1,61,5,10,30,-18.8,-28.1,45.0,-1468.0,0.010626330040395,0.282106946222486,1,4,2.4090777328237922
8,12436440,Premier League,24/25,2025-01-18 15:00:00,Brentford,Liverpool FC,65,1,0,1,66,5,10,31,-20.6,-19.7,-2.0,-1571.0,0.14475345611572,0.155379786156115,1,2,2.553831188939512
8,12436440,Premier League,24/25,2025-01-18 15:00:00,Brentford,Liverpool FC,70,1,0,1,71,5,10,35,-34.0,-27.3,-63.0,-1741.0,0.18020405899733,0.32495751511305,4,5,2.7340352479368426
8,12436440,Premier League,24/25,2025-01-18 15:00:00,Brentford,Liverpool FC,75,1,0,1,76,5,10,37,9.6,-12.2,50.0,-1693.0,0.09778729826211999,0.27799135725944996,2,6,2.8318225461989623
10,12436442,Premier League,24/25,2025-01-18 15:00:00,Leicester City,Fulham,60,1,0,1,61,5,10,18,34.2,9.4,65.0,-285.0,0.062527563422918,0.087859287858009,2,3,2.110301770269872
10,12436442,Premier League,24/25,2025-01-18 15:00:00,Leicester City,Fulham,65,1,0,1,66,5,10,19,19.0,26.6,-3.0,-190.0,0.053382147103548,0.11590971052646601,1,3,2.16368391737342
10,12436442,Premier League,24/25,2025-01-18 15:00:00,Leicester City,Fulham,70,1,0,1,71,5,10,22,-43.0,-12.0,-114.0,-405.0,0.196064312011006,0.249446459114554,3,4,2.3597482293844254
10,12436442,Premier League,24/25,2025-01-18 15:00:00,Leicester City,Fulham,75,1,0,1,76,5,10,22,3.6,-19.7,22.0,-387.0,0.0,0.196064312011006,0,3,2.3597482293844254
212,12436889,Premier League,24/25,2025-01-18 15:00:00,West Ham United,Crystal Palace,60,1,0,1,61,5,10,10,-9.6,-3.5,-11.0,-764.0,0.0,0.015777073800564,0,1,0.418521926738319
212,12436889,Premier League,24/25,2025-01-18 15:00:00,West Ham United,Crystal Palace,65,1,0,1,66,5,10,11,-9.6,-9.6,29.0,-812.0,0.114273250103,0.114273250103,1,1,0.532795176841319
212,12436889,Premier League,24/25,2025-01-18 15:00:00,West Ham United,Crystal Palace,70,1,0,1,71,5,10,13,28.2,9.3,71.0,-671.0,0.041059267707169,0.155332517810169,2,3,0.573854444548488
212,12436889,Premier League,24/25,2025-01-18 15:00:00,West Ham United,Crystal Palace,75,1,0,1,76,5,10,13,29.0,28.6,-50.0,-526.0,0.0,0.041059267707169,0,2,0.573854444548488
11,12436443,Premier League,24/25,2025-01-18 17:30:00,Arsenal,Aston Villa,60,1,0,1,61,5,10,13,-3.4,23.6,-61.0,1412.0,0.21476125717163,0.32888041064143103,1,3,1.162929818034174
11,12436443,Premier League,24/25,2025-01-18 17:30:00,Arsenal,Aston Villa,65,1,0,1,66,5,10,16,-19.6,-11.5,-40.0,1314.0,0.10548369027674201,0.320244947448372,3,4,1.2684135083109158
11,12436443,Premier League,24/25,2025-01-18 17:30:00,Arsenal,Aston Villa,70,1,0,1,71,5,10,18,18.4,-0.6,10.0,1406.0,0.583651753142478,0.6891354434192201,2,5,1.852065261453394
11,12436443,Premier League,24/25,2025-01-18 17:30:00,Arsenal,Aston Villa,75,1,0,1,76,5,10,19,19.8,19.1,-25.0,1505.0,0.02420156262815,0.607853315770628,1,3,1.876266824081544
16,12436448,Premier League,24/25,2025-01-19 14:00:00,Everton,Tottenham Hotspur,60,1,0,1,61,5,10,14,-18.0,-7.0,-19.0,-85.0,0.0,0.021121198311448,0,1,2.066254368051878
16,12436448,Premier League,24/25,2025-01-19 14:00:00,Everton,Tottenham Hotspur,65,1,0,1,66,5,10,16,22.6,2.3,29.0,28.0,0.199785217642785,0.199785217642785,2,2,2.2660395856946627
16,12436448,Premier League,24/25,2025-01-19 14:00:00,Everton,Tottenham Hotspur,70,1,0,1,71,5,10,16,-3.0,9.8,1.0,13.0,0.0,0.199785217642785,0,2,2.2660395856946627
16,12436448,Premier League,24/25,2025-01-19 14:00:00,Everton,Tottenham Hotspur,75,1,0,1,76,5,10,18,-5.6,-4.3,-37.0,-15.0,0.18045368790626498,0.18045368790626498,2,2,2.446493273600928
206,12436883,Premier League,24/25,2025-01-19 14:00:00,Manchester United,Brighton & Hove Albion,60,1,0,1,61,5,10,10,13.2,-10.8,9.0,-139.0,0.80085676908493,0.80085676908493,1,1,2.7500735335439406
206,12436883,Premier League,24/25,2025-01-19 14:00:00,Manchester United,Brighton & Hove Albion,65,1,0,1,66,5,10,10,-8.2,2.5,-17.0,-180.0,0.0,0.80085676908493,0,1,2.7500735335439406
206,12436883,Premier League,24/25,2025-01-19 14:00:00,Manchester United,Brighton & Hove Albion,70,1,0,1,71,5,10,10,17.6,4.7,37.0,-92.0,0.0,0.0,0,0,2.7500735335439406
206,12436883,Premier League,24/25,2025-01-19 14:00:00,Manchester United,Brighton & Hove Albion,75,1,0,1,76,5,10,11,-32.2,-7.3,-32.0,-253.0,0.1661934107542,0.1661934107542,1,1,2.916266944298141
210,12436887,Premier League,24/25,2025-01-19 14:00:00,Nottingham Forest,Southampton,60,1,0,1,61,5,10,16,32.2,34.7,-8.0,709.0,0.211594179272653,0.9881234308704681,2,5,1.648449046537276
210,12436887,Premier League,24/25,2025-01-19 14:00:00,Nottingham Forest,Southampton,65,1,0,1,66,5,10,16,-11.2,10.5,-84.0,653.0,0.0,0.211594179272653,0,2,1.648449046537276
210,12436887,Premier League,24/25,2025-01-19 14:00:00,Nottingham Forest,Southampton,70,1,0,1,71,5,10,17,-6.6,-8.9,56.0,620.0,0.03680719807744,0.03680719807744,1,1,1.6852562446147163
210,12436887,Premier League,24/25,2025-01-19 14:00:00,Nottingham Forest,Southampton,75,1,0,1,76,5,10,20,42.0,17.7,82.0,830.0,0.8609308749437299,0.8977380730211699,3,4,2.5461871195584465
7,12436439,Premier League,24/25,2025-01-19 16:30:00,Ipswich Town,Manchester City,60,1,0,1,61,5,10,19,-60.6,-51.7,-37.0,-1215.0,0.86892688274383,0.86892688274383,3,3,2.902149142697434
7,12436439,Premier League,24/25,2025-01-19 16:30:00,Ipswich Town,Manchester City,65,1,0,1,66,5,10,20,-30.4,-45.5,28.0,-1367.0,0.0085646044462919,0.8774914871901218,1,4,2.9107137471437254
7,12436439,Premier League,24/25,2025-01-19 16:30:00,Ipswich Town,Manchester City,70,1,0,1,71,5,10,22,-18.8,-24.6,46.0,-1461.0,0.49618995189667203,0.504754556342964,2,3,3.4069036990403974
7,12436439,Premier League,24/25,2025-01-19 16:30:00,Ipswich Town,Manchester City,75,1,0,1,76,5,10,22,-38.6,-28.7,-72.0,-1654.0,0.0,0.49618995189667203,0,2,3.4069036990403974
22,12436455,Premier League,24/25,2025-01-20 20:00:00,Chelsea,Wolverhampton,60,1,0,1,61,5,10,21,-3.6,4.6,-20.0,1115.0,0.936215247958898,0.955238992348313,2,3,2.5361770242452644
22,12436455,Premier League,24/25,2025-01-20 20:00:00,Chelsea,Wolverhampton,65,1,0,1,66,5,10,23,31.2,13.8,11.0,1271.0,1.08804910629988,2.0242643542587784,2,4,3.624226130545145
22,12436455,Premier League,24/25,2025-01-20 20:00:00,Chelsea,Wolverhampton,70,1,0,1,71,5,10,23,53.2,42.2,25.0,1537.0,0.0,1.08804910629988,0,2,3.624226130545145
22,12436455,Premier League,24/25,2025-01-20 20:00:00,Chelsea,Wolverhampton,75,1,0,1,76,5,10,23,21.4,37.3,-50.0,1644.0,0.0,0.0,0,0,3.624226130545145
214,12436891,Premier League,24/25,2025-01-25 15:00:00,Bournemouth,Nottingham Forest,60,1,0,1,61,5,10,21,47.6,7.1,50.0,-8.0,0.15233687311411098,0.440261162817477,2,4,1.318750520236794
214,12436891,Premier League,24/25,2025-01-25 15:00:00,Bournemouth,Nottingham Forest,65,1,0,1,66,5,10,22,35.8,41.7,-1.0,171.0,0.10671702772379,0.25905390083790103,1,3,1.4254675479605838
214,12436891,Premier League,24/25,2025-01-25 15:00:00,Bournemouth,Nottingham Forest,70,1,0,1,71,5,10,25,-8.2,13.8,-74.0,130.0,0.311685040593143,0.418402068316933,3,4,1.7371525885537271
214,12436891,Premier League,24/25,2025-01-25 15:00:00,Bournemouth,Nottingham Forest,75,1,0,1,76,5,10,26,-46.4,-27.3,-146.0,-102.0,0.029581222683191,0.34126626327633397,1,4,1.766733811236918
218,12436895,Premier League,24/25,2025-01-25 15:00:00,Brighton & Hove Albion,Everton,60,1,0,1,61,5,10,10,49.6,44.5,-3.0,601.0,0.115954553708434,0.115954553708434,2,2,1.154529757836462
218,12436895,Premier League,24/25,2025-01-25 15:00:00,Brighton & Hove Albion,Everton,65,1,0,1,66,5,10,11,78.2,63.9,11.0,992.0,0.13170243799686,0.24765699170529398,1,3,1.286232195833322
218,12436895,Premier League,24/25,2025-01-25 15:00:00,Brighton & Hove Albion,Everton,70,1,0,1,71,5,10,14,59.4,68.8,-55.0,1289.0,0.147160649299622,0.278863087296482,3,4,1.433392845132944
218,12436895,Premier League,24/25,2025-01-25 15:00:00,Brighton & Hove Albion,Everton,75,1,0,1,76,5,10,15,43.8,51.6,-12.0,1508.0,0.022038783878088,0.16919943317771002,1,4,1.455431629011032
224,12436901,Premier League,24/25,2025-01-25 15:00:00,Liverpool FC,Ipswich Town,60,1,0,1,61,5,10,11,3.6,11.5,-3.0,1433.0,0.030352341011167,0.030352341011167,1,1,1.547095632180579
224,12436901,Premier League,24/25,2025-01-25 15:00:00,Liverpool FC,Ipswich Town,65,1,0,1,66,5,10,12,4.8,4.2,26.0,1457.0,0.024086147546768,0.054438488557935,1,2,1.5711817797273468
224,12436901,Premier League,24/25,2025-01-25 15:00:00,Liverpool FC,Ipswich Town,70,1,0,1,71,5,10,13,53.0,28.9,67.0,1722.0,0.50608617067337,0.530172318220138,1,2,2.0772679504007168
224,12436901,Premier League,24/25,2025-01-25 15:00:00,Liverpool FC,Ipswich Town,75,1,0,1,76,5,10,15,40.0,46.5,-44.0,1922.0,0.052106143906712005,0.558192314580082,2,3,2.129374094307429
228,12436905,Premier League,24/25,2025-01-25 15:00:00,Southampton,Newcastle United,60,1,0,1,61,5,10,16,-28.6,-9.9,-98.0,-671.0,0.079151200130581,0.671800123527641,2,3,2.821426315271843
228,12436905,Premier League,24/25,2025-01-25 15:00:00,Southampton,Newcastle United,65,1,0,1,66,5,10,18,-17.6,-23.1,-16.0,-759.0,0.371749665588136,0.450900865718717,2,4,3.193175980859979
228,12436905,Premier League,24/25,2025-01-25 15:00:00,Southampton,Newcastle United,70,1,0,1,71,5,10,18,-7.0,-12.3,20.0,-794.0,0.0,0.371749665588136,0,2,3.193175980859979
228,12436905,Premier League,24/25,2025-01-25 15:00:00,Southampton,Newcastle United,75,1,0,1,76,5,10,19,21.8,7.4,67.0,-685.0,0.066889233887196,0.066889233887196,1,1,3.260065214747175
232,12436909,Premier League,24/25,2025-01-25 15:00:00,Wolverhampton,Arsenal,60,1,0,1,61,5,10,12,-0.4,-24.1,22.0,-808.0,0.09552242234349201,0.133873086422681,2,3,1.174857312813395
232,12436909,Premier League,24/25,2025-01-25 15:00:00,Wolverhampton,Arsenal,65,1,0,1,66,5,10,15,32.6,16.1,108.0,-645.0,0.36726631410419497,0.462788736447687,3,5,1.54212362691759
232,12436909,Premier League,24/25,2025-01-25 15:00:00,Wolverhampton,Arsenal,70,1,0,1,71,5,10,15,35.4,34.0,-21.0,-468.0,0.0,0.36726631410419497,0,3,1.54212362691759
232,12436909,Premier League,24/25,2025-01-25 15:00:00,Wolverhampton,Arsenal,75,1,0,1,76,5,10,16,-33.6,0.9,-142.0,-636.0,0.096905022859573,0.096905022859573,1,1,1.639028649777163
226,12436903,Premier League,24/25,2025-01-25 17:30:00,Manchester City,Chelsea,60,1,0,1,61,5,10,21,-5.4,1.8,16.0,611.0,0.061958059668541,0.32019843906164497,1,4,3.8236309289932313
226,12436903,Premier League,24/25,2025-01-25 17:30:00,Manchester City,Chelsea,65,1,0,1,66,5,10,21,29.4,12.0,31.0,758.0,0.0,0.061958059668541,0,1,3.8236309289932313
226,12436903,Premier League,24/25,2025-01-25 17:30:00,Manchester City,Chelsea,70,1,0,1,71,5,10,23,32.4,30.9,-1.0,920.0,0.176650881767273,0.176650881767273,2,2,4.000281810760504
226,12436903,Premier League,24/25,2025-01-25 17:30:00,Manchester City,Chelsea,75,1,0,1,76,5,10,23,13.8,23.1,-44.0,989.0,0.0,0.176650881767273,0,2,4.000281810760504
220,12436897,Premier League,24/25,2025-01-26 14:00:00,Crystal Palace,Brentford,60,1,0,1,60,5,10,18,37.4,20.5,47.0,-172.0,0.120082972571254,0.160374315455556,4,5,0.837145735509691
220,12436897,Premier League,24/25,2025-01-26 14:00:00,Crystal Palace,Brentford,65,1,0,1,65,5,10,18,-54.4,-8.5,-102.0,-444.0,0.0,0.120082972571254,0,4,0.837145735509691
220,12436897,Premier League,24/25,2025-01-26 14:00:00,Crystal Palace,Brentford,70,1,0,1,70,5,10,20,-16.0,-35.2,-40.0,-524.0,0.827545961403847,0.827545961403847,2,2,1.664691696913538
220,12436897,Premier League,24/25,2025-01-26 14:00:00,Crystal Palace,Brentford,75,1,0,1,75,5,10,23,-3.8,-9.9,39.0,-543.0,0.096265142783522,0.923811104187369,3,5,1.76095683969706
230,12436907,Premier League,24/25,2025-01-26 14:00:00,Tottenham Hotspur,Leicester City,60,1,0,1,61,5,10,19,27.8,5.9,81.0,110.0,0.065729789435863,0.219013739377255,1,3,2.3077818555757315
230,12436907,Premier League,24/25,2025-01-26 14:00:00,Tottenham Hotspur,Leicester City,65,1,0,1,66,5,10,21,22.8,25.3,4.0,224.0,0.064683906733989,0.130413696169852,2,3,2.37246576230972
230,12436907,Premier League,24/25,2025-01-26 14:00:00,Tottenham Hotspur,Leicester City,70,1,0,1,71,5,10,22,23.8,23.3,-24.0,343.0,0.052848070859909,0.11753197759389801,1,3,2.425313833169629
230,12436907,Premier League,24/25,2025-01-26 14:00:00,Tottenham Hotspur,Leicester City,75,1,0,1,76,5,10,23,23.0,23.4,-17.0,458.0,0.026405831798911,0.07925390265882,1,2,2.45171966496854
216,12436893,Premier League,24/25,2025-01-26 16:30:00,Aston Villa,West Ham United,60,1,0,1,61,5,10,16,-6.2,-14.7,-18.0,234.0,0.065753348171711,0.501114122569561,1,3,1.394319932907822
216,12436893,Premier League,24/25,2025-01-26 16:30:00,Aston Villa,West Ham United,65,1,0,1,66,5,10,18,-35.2,-20.7,19.0,58.0,0.171928748488426,0.23768209666013698,2,3,1.566248681396248
216,12436893,Premier League,24/25,2025-01-26 16:30:00,Aston Villa,West Ham United,70,1,0,1,71,5,10,21,27.8,-3.7,114.0,197.0,0.257950332015755,0.429879080504181,3,5,1.8241990134120032
216,12436893,Premier League,24/25,2025-01-26 16:30:00,Aston Villa,West Ham United,75,1,0,1,76,5,10,22,-20.6,3.6,-40.0,94.0,0.038210209459066,0.296160541474821,1,4,1.8624092228710691
222,12436899,Premier League,24/25,2025-01-26 19:00:00,Fulham,Manchester United,60,1,0,1,61,5,10,8,-15.8,-13.0,17.0,-62.0,0.045111779123545,0.045111779123545,1,1,0.48183935228734903
222,12436899,Premier League,24/25,2025-01-26 19:00:00,Fulham,Manchester United,65,1,0,1,66,5,10,8,-3.0,-9.4,21.0,-77.0,0.0,0.045111779123545,0,1,0.48183935228734903
222,12436899,Premier League,24/25,2025-01-26 19:00:00,Fulham,Manchester United,70,1,0,1,71,5,10,8,-5.8,-4.4,2.0,-106.0,0.0,0.0,0,0,0.48183935228734903
222,12436899,Premier League,24/25,2025-01-26 19:00:00,Fulham,Manchester United,75,1,0,1,76,5,10,9,20.4,7.3,42.0,-4.0,0.062490217387676,0.062490217387676,1,1,0.544329569675025
251,12436930,Premier League,24/25,2025-02-01 12:30:00,Nottingham Forest,Brighton & Hove Albion,60,1,0,1,61,5,10,15,-19.0,-34.7,11.0,-556.0,0.0,0.0,0,0,1.6696406621485922
251,12436930,Premier League,24/25,2025-02-01 12:30:00,Nottingham Forest,Brighton & Hove Albion,65,1,0,1,66,5,10,16,-8.0,-13.5,62.0,-596.0,0.83379036188126,0.83379036188126,1,1,2.503431024029852
251,12436930,Premier League,24/25,2025-02-01 12:30:00,Nottingham Forest,Brighton & Hove Albion,70,1,0,1,71,5,10,18,23.0,7.5,66.0,-481.0,0.849048266226053,1.682838628107313,2,3,3.352479290255905
251,12436930,Premier League,24/25,2025-02-01 12:30:00,Nottingham Forest,Brighton & Hove Albion,75,1,0,1,76,5,10,18,14.6,18.8,-7.0,-408.0,0.0,0.849048266226053,0,2,3.352479290255905
234,12436911,Premier League,24/25,2025-02-01 15:00:00,Bournemouth,Liverpool FC,60,1,0,1,61,5,10,22,-24.4,7.4,-40.0,-161.0,0.099100336432457,0.099100336432457,3,3,2.988569840827574
234,12436911,Premier League,24/25,2025-02-01 15:00:00,Bournemouth,Liverpool FC,65,1,0,1,66,5,10,24,-20.6,-22.5,14.0,-264.0,0.06903606094419901,0.168136397376656,2,5,3.0576059017717716
234,12436911,Premier League,24/25,2025-02-01 15:00:00,Bournemouth,Liverpool FC,70,1,0,1,71,5,10,26,4.2,-8.2,21.0,-243.0,0.512577308341863,0.581613369286062,2,4,3.5701832101136355
234,12436911,Premier League,24/25,2025-02-01 15:00:00,Bournemouth,Liverpool FC,75,1,0,1,76,5,10,28,12.8,8.5,-44.0,-179.0,0.081264430657029,0.593841738998892,2,4,3.651447640770664
243,12436921,Premier League,24/25,2025-02-01 15:00:00,Everton,Leicester City,60,1,0,1,61,5,10,11,27.2,19.6,74.0,192.0,0.22539818286896,0.22539818286896,1,1,1.76021971739829
243,12436921,Premier League,24/25,2025-02-01 15:00:00,Everton,Leicester City,65,1,0,1,66,5,10,11,19.6,23.4,-11.0,290.0,0.0,0.22539818286896,0,1,1.76021971739829
243,12436921,Premier League,24/25,2025-02-01 15:00:00,Everton,Leicester City,70,1,0,1,71,5,10,12,-12.4,3.6,-49.0,228.0,0.064072452485561,0.064072452485561,1,1,1.824292169883851
243,12436921,Premier League,24/25,2025-02-01 15:00:00,Everton,Leicester City,75,1,0,1,76,5,10,16,-9.4,-10.9,-1.0,181.0,0.356770239770411,0.420842692255972,4,5,2.181062409654262
246,12436924,Premier League,24/25,2025-02-01 15:00:00,Ipswich Town,Southampton,60,1,0,1,61,5,10,15,13.8,18.9,-19.0,511.0,0.073301941156387,0.115894835442304,1,2,1.7538618817925309
246,12436924,Premier League,24/25,2025-02-01 15:00:00,Ipswich Town,Southampton,65,1,0,1,66,5,10,19,-16.6,-1.4,-33.0,428.0,0.245575129985808,0.318877071142195,4,5,1.9994370117783389
246,12436924,Premier League,24/25,2025-02-01 15:00:00,Ipswich Town,Southampton,70,1,0,1,71,5,10,19,6.8,-4.9,7.0,462.0,0.0,0.245575129985808,0,4,1.9994370117783389
246,12436924,Premier League,24/25,2025-02-01 15:00:00,Ipswich Town,Southampton,75,1,0,1,76,5,10,22,45.0,25.9,13.0,687.0,0.336081640794879,0.336081640794879,3,3,2.3355186525732172
250,12436928,Premier League,24/25,2025-02-01 15:00:00,Newcastle United,Fulham,60,1,0,1,61,5,10,18,-18.8,-13.3,-43.0,-260.0,0.122338388115167,0.122338388115167,3,3,1.127685749903318
250,12436928,Premier League,24/25,2025-02-01 15:00:00,Newcastle United,Fulham,65,1,0,1,66,5,10,22,-7.8,-13.3,-4.0,-299.0,0.404924964532257,0.527263352647424,4,7,1.532610714435575
250,12436928,Premier League,24/25,2025-02-01 15:00:00,Newcastle United,Fulham,70,1,0,1,71,5,10,22,-3.2,-5.5,48.0,-315.0,0.0,0.404924964532257,0,4,1.532610714435575
250,12436928,Premier League,24/25,2025-02-01 15:00:00,Newcastle United,Fulham,75,1,0,1,76,5,10,24,-2.6,-2.9,17.0,-328.0,0.049756666645407996,0.049756666645407996,2,2,1.582367381080983
253,12436932,Premier League,24/25,2025-02-01 17:30:00,Wolverhampton,Aston Villa,60,1,0,1,61,5,10,10,-27.0,-18.4,-14.0,-194.0,0.019288873299956,0.019288873299956,1,1,1.594504760578287
253,12436932,Premier League,24/25,2025-02-01 17:30:00,Wolverhampton,Aston Villa,65,1,0,1,66,5,10,12,-7.4,-17.2,-12.0,-231.0,0.084032561630011,0.103321434929967,2,3,1.6785373222082984
253,12436932,Premier League,24/25,2025-02-01 17:30:00,Wolverhampton,Aston Villa,70,1,0,1,71,5,10,12,-34.6,-21.0,-25.0,-404.0,0.0,0.084032561630011,0,2,1.6785373222082984
253,12436932,Premier League,24/25,2025-02-01 17:30:00,Wolverhampton,Aston Villa,75,1,0,1,76,5,10,12,-3.0,-18.8,24.0,-419.0,0.0,0.0,0,0,1.6785373222082984
239,12436916,Premier League,24/25,2025-02-02 14:00:00,Brentford,Tottenham Hotspur,60,1,0,1,61,5,10,24,24.2,36.0,-22.0,671.0,0.069304585456848,0.6958553157746791,1,4,2.0984646007418712
239,12436916,Premier League,24/25,2025-02-02 14:00:00,Brentford,Tottenham Hotspur,65,1,0,1,66,5,10,25,20.4,22.3,-3.0,773.0,0.007660377305001,0.076964962761849,1,2,2.106124978046872
239,12436916,Premier League,24/25,2025-02-02 14:00:00,Brentford,Tottenham Hotspur,70,1,0,1,71,5,10,27,34.0,27.2,33.0,943.0,0.026196439750492302,0.0338568170554933,2,3,2.132321417797364
239,12436916,Premier League,24/25,2025-02-02 14:00:00,Brentford,Tottenham Hotspur,75,1,0,1,76,5,10,28,29.0,31.5,-3.0,1088.0,0.043203413486481,0.0693998532369733,1,3,2.1755248312838456
247,12436925,Premier League,24/25,2025-02-02 14:00:00,Manchester United,Crystal Palace,60,1,0,1,61,5,10,20,26.4,25.5,19.0,703.0,0.0,0.235191859304905,0,3,2.0637180656194767
247,12436925,Premier League,24/25,2025-02-02 14:00:00,Manchester United,Crystal Palace,65,1,0,1,66,5,10,23,-24.6,0.9,-95.0,580.0,0.9376229364424911,0.9376229364424911,3,3,3.0013410020619684
247,12436925,Premier League,24/25,2025-02-02 14:00:00,Manchester United,Crystal Palace,70,1,0,1,71,5,10,23,10.8,-6.9,43.0,634.0,0.0,0.9376229364424911,0,3,3.0013410020619684
247,12436925,Premier League,24/25,2025-02-02 14:00:00,Manchester United,Crystal Palace,75,1,0,1,76,5,10,24,-0.2,5.3,19.0,633.0,0.086556971073151,0.086556971073151,1,1,3.087897973135119
236,12436913,Premier League,24/25,2025-02-02 16:30:00,Arsenal,Manchester City,60,1,0,1,61,5,10,13,-1.2,-11.1,26.0,-492.0,0.09179475530982001,0.44973912462592003,2,3,1.3549207877367793
236,12436913,Premier League,24/25,2025-02-02 16:30:00,Arsenal,Manchester City,65,1,0,1,66,5,10,14,-3.6,-2.4,9.0,-510.0,0.042402669787407,0.13419742509722699,1,3,1.3973234575241862
236,12436913,Premier League,24/25,2025-02-02 16:30:00,Arsenal,Manchester City,70,1,0,1,71,5,10,15,2.4,-0.6,57.0,-498.0,0.1668631285429,0.209265798330307,1,2,1.5641865860670863
236,12436913,Premier League,24/25,2025-02-02 16:30:00,Arsenal,Manchester City,75,1,0,1,76,5,10,15,21.8,12.1,29.0,-389.0,0.0,0.1668631285429,0,1,1.5641865860670863
241,12436919,Premier League,24/25,2025-02-03 20:00:00,Chelsea,West Ham United,60,1,0,1,61,5,10,23,-17.0,-10.7,-51.0,408.0,0.22443821281194698,0.24807705730199797,4,5,1.417483517900112
241,12436919,Premier League,24/25,2025-02-03 20:00:00,Chelsea,West Ham United,65,1,0,1,66,5,10,25,26.4,4.7,62.0,540.0,0.4096249639988,0.634063176810747,2,6,1.827108481898912
241,12436919,Premier League,24/25,2025-02-03 20:00:00,Chelsea,West Ham United,70,1,0,1,71,5,10,27,-4.4,11.0,-58.0,518.0,0.29313170909881103,0.702756673097611,2,4,2.120240190997723
241,12436919,Premier League,24/25,2025-02-03 20:00:00,Chelsea,West Ham United,75,1,0,1,76,5,10,29,3.0,-0.7,11.0,533.0,0.064505979418755,0.35763768851756605,2,4,2.184746170416478
376,13344418,Premier League,24/25,2025-02-12 19:30:00,Everton,Liverpool FC,60,1,0,1,61,5,10,9,2.2,-4.8,-3.0,-236.0,0.0,0.12286294251680399,0,2,0.997840899974105
376,13344418,Premier League,24/25,2025-02-12 19:30:00,Everton,Liverpool FC,65,1,0,1,66,5,10,9,5.0,3.6,2.0,-211.0,0.0,0.0,0,0,0.997840899974105
376,13344418,Premier League,24/25,2025-02-12 19:30:00,Everton,Liverpool FC,70,1,0,1,71,5,10,9,20.8,12.9,45.0,-107.0,0.0,0.0,0,0,0.997840899974105
376,13344418,Premier League,24/25,2025-02-12 19:30:00,Everton,Liverpool FC,75,1,0,1,76,5,10,12,4.6,12.7,-15.0,-84.0,0.35430353507399903,0.35430353507399903,3,3,1.352144435048104
258,12436937,Premier League,24/25,2025-02-14 20:00:00,Brighton & Hove Albion,Chelsea,60,1,0,1,61,5,10,11,-21.4,-16.0,-16.0,-715.0,0.0,0.085353918373585,0,1,0.839047659188508
258,12436937,Premier League,24/25,2025-02-14 20:00:00,Brighton & Hove Albion,Chelsea,65,1,0,1,66,5,10,13,12.8,-4.3,23.0,-651.0,0.152920115739109,0.152920115739109,2,2,0.991967774927617
258,12436937,Premier League,24/25,2025-02-14 20:00:00,Brighton & Hove Albion,Chelsea,70,1,0,1,71,5,10,14,-24.2,-5.7,-36.0,-772.0,0.081087350845337,0.23400746658444602,1,3,1.0730551257729541
258,12436937,Premier League,24/25,2025-02-14 20:00:00,Brighton & Hove Albion,Chelsea,75,1,0,1,76,5,10,17,-22.8,-23.5,5.0,-886.0,0.36307222396135297,0.44415957480669,3,4,1.436127349734307
264,12436943,Premier League,24/25,2025-02-15 12:30:00,Leicester City,Arsenal,60,1,0,1,61,5,10,8,-30.6,-20.4,-58.0,-791.0,0.050665054470301,0.050665054470301,1,1,0.5963421240449011
264,12436943,Premier League,24/25,2025-02-15 12:30:00,Leicester City,Arsenal,65,1,0,1,66,5,10,9,-14.2,-22.4,-21.0,-862.0,0.059260740876198,0.109925795346499,1,2,0.655602864921099
264,12436943,Premier League,24/25,2025-02-15 12:30:00,Leicester City,Arsenal,70,1,0,1,71,5,10,11,-11.6,-12.9,-4.0,-920.0,0.06441766582429401,0.12367840670049202,2,3,0.7200205307453931
264,12436943,Premier League,24/25,2025-02-15 12:30:00,Leicester City,Arsenal,75,1,0,1,76,5,10,11,-7.0,-9.3,59.0,-955.0,0.0,0.06441766582429401,0,2,0.7200205307453931
255,12436934,Premier League,24/25,2025-02-15 15:00:00,Aston Villa,Ipswich Town,60,1,0,1,61,5,10,16,-2.8,21.4,-48.0,898.0,0.154945757240054,0.358421441167594,2,3,1.593997178599234
255,12436934,Premier League,24/25,2025-02-15 15:00:00,Aston Villa,Ipswich Town,65,1,0,1,66,5,10,16,27.4,12.3,76.0,1035.0,0.0,0.154945757240054,0,2,1.593997178599234
255,12436934,Premier League,24/25,2025-02-15 15:00:00,Aston Villa,Ipswich Town,70,1,0,1,71,5,10,18,39.8,33.6,50.0,1234.0,0.33226234093308205,0.33226234093308205,2,2,1.926259519532316
255,12436934,Premier League,24/25,2025-02-15 15:00:00,Aston Villa,Ipswich Town,75,1,0,1,76,5,10,21,73.6,56.7,64.0,1602.0,0.212685501202944,0.544947842136026,3,5,2.1389450207352603
261,12436940,Premier League,24/25,2025-02-15 15:00:00,Fulham,Nottingham Forest,60,1,0,1,61,5,10,19,42.6,17.1,45.0,1134.0,0.208441872149704,0.258562121540307,3,5,1.6813009791076081
261,12436940,Premier League,24/25,2025-02-15 15:00:00,Fulham,Nottingham Forest,65,1,0,1,66,5,10,23,67.2,54.9,76.0,1470.0,0.22662349231541,0.435065364465114,4,7,1.9079244714230181
261,12436940,Premier League,24/25,2025-02-15 15:00:00,Fulham,Nottingham Forest,70,1,0,1,71,5,10,23,8.4,37.8,-89.0,1512.0,0.0,0.22662349231541,0,4,1.9079244714230181
261,12436940,Premier League,24/25,2025-02-15 15:00:00,Fulham,Nottingham Forest,75,1,0,1,76,5,10,25,-27.0,-9.3,-47.0,1377.0,0.07694618776440701,0.07694618776440701,2,2,1.984870659187425
269,12436948,Premier League,24/25,2025-02-15 15:00:00,Manchester City,Newcastle United,60,1,0,1,61,5,10,12,25.0,8.2,-67.0,897.0,0.54262464679778,0.587919270619754,3,4,1.766671041026717
269,12436948,Premier League,24/25,2025-02-15 15:00:00,Manchester City,Newcastle United,65,1,0,1,66,5,10,12,14.4,19.7,14.0,969.0,0.0,0.54262464679778,0,3,1.766671041026717
269,12436948,Premier League,24/25,2025-02-15 15:00:00,Manchester City,Newcastle United,70,1,0,1,71,5,10,12,31.8,23.1,54.0,1128.0,0.0,0.0,0,0,1.766671041026717
269,12436948,Premier League,24/25,2025-02-15 15:00:00,Manchester City,Newcastle United,75,1,0,1,76,5,10,12,19.0,25.4,-20.0,1223.0,0.0,0.0,0,0,1.766671041026717
271,12436950,Premier League,24/25,2025-02-15 15:00:00,Southampton,Bournemouth,60,1,0,1,61,5,10,14,-31.8,-19.6,1.0,-1052.0,0.0,0.289393171668056,0,3,1.1232614479959122
271,12436950,Premier League,24/25,2025-02-15 15:00:00,Southampton,Bournemouth,65,1,0,1,66,5,10,17,30.0,-0.9,67.0,-902.0,0.179184298962354,0.179184298962354,3,3,1.3024457469582662
271,12436950,Premier League,24/25,2025-02-15 15:00:00,Southampton,Bournemouth,70,1,0,1,71,5,10,18,20.2,25.1,-24.0,-801.0,0.016411066055298,0.195595365017652,1,4,1.3188568130135643
271,12436950,Premier League,24/25,2025-02-15 15:00:00,Southampton,Bournemouth,75,1,0,1,76,5,10,22,31.0,25.6,-22.0,-646.0,0.196648169308902,0.2130592353642,4,5,1.515504982322466
276,12436956,Premier League,24/25,2025-02-15 15:00:00,West Ham United,Brentford,60,1,0,1,61,5,10,20,17.0,33.2,-24.0,49.0,0.0,0.178209405392408,0,4,2.12640491034835
276,12436956,Premier League,24/25,2025-02-15 15:00:00,West Ham United,Brentford,65,1,0,1,66,5,10,21,31.8,24.4,-17.0,208.0,0.038658298552036,0.038658298552036,1,1,2.1650632089003863
276,12436956,Premier League,24/25,2025-02-15 15:00:00,West Ham United,Brentford,70,1,0,1,71,5,10,22,1.4,16.6,-26.0,215.0,0.052405633032322,0.091063931584358,1,2,2.217468841932708
276,12436956,Premier League,24/25,2025-02-15 15:00:00,West Ham United,Brentford,75,1,0,1,76,5,10,22,-1.8,-0.2,7.0,206.0,0.0,0.052405633032322,0,1,2.217468841932708
260,12436939,Premier League,24/25,2025-02-15 17:30:00,Crystal Palace,Everton,60,1,0,1,61,5,10,17,-33.2,-15.4,-66.0,366.0,0.332225620746611,0.5843390263617059,3,7,1.984955005347733
260,12436939,Premier League,24/25,2025-02-15 17:30:00,Crystal Palace,Everton,65,1,0,1,66,5,10,18,11.6,-10.8,6.0,424.0,0.058611936867237,0.39083755761384803,1,4,2.0435669422149703
260,12436939,Premier League,24/25,2025-02-15 17:30:00,Crystal Palace,Everton,70,1,0,1,71,5,10,19,8.0,9.8,3.0,464.0,0.047063589096069,0.10567552596330601,1,2,2.090630531311039
260,12436939,Premier League,24/25,2025-02-15 17:30:00,Crystal Palace,Everton,75,1,0,1,76,5,10,22,18.4,13.2,-23.0,556.0,0.112712362781167,0.159775951877236,3,4,2.203342894092206
266,12436945,Premier League,24/25,2025-02-16 14:00:00,Liverpool FC,Wolverhampton,60,1,0,1,61,5,10,20,4.4,-21.6,21.0,532.0,0.0,0.0,0,0,2.8006771821916097
266,12436945,Premier League,24/25,2025-02-16 14:00:00,Liverpool FC,Wolverhampton,65,1,0,1,66,5,10,22,-8.0,-1.8,17.0,492.0,0.13628696464002,0.13628696464002,2,2,2.9369641468316297
266,12436945,Premier League,24/25,2025-02-16 14:00:00,Liverpool FC,Wolverhampton,70,1,0,1,71,5,10,24,-14.4,-11.2,-19.0,420.0,0.131715007126332,0.268001971766352,2,4,3.0686791539579605
266,12436945,Premier League,24/25,2025-02-16 14:00:00,Liverpool FC,Wolverhampton,75,1,0,1,76,5,10,25,-39.6,-27.0,-14.0,222.0,0.022735273465514,0.154450280591846,1,3,3.091414427423475
273,12436952,Premier League,24/25,2025-02-16 16:30:00,Tottenham Hotspur,Manchester United,60,1,0,1,61,5,10,20,-20.8,4.7,-98.0,409.0,0.097238153219223,0.560245245695123,1,4,2.458288483321678
273,12436952,Premier League,24/25,2025-02-16 16:30:00,Tottenham Hotspur,Manchester United,65,1,0,1,66,5,10,24,38.6,8.9,77.0,602.0,0.23270640196279196,0.32994455518201493,4,5,2.69099488528447
273,12436952,Premier League,24/25,2025-02-16 16:30:00,Tottenham Hotspur,Manchester United,70,1,0,1,71,5,10,27,48.2,43.4,55.0,843.0,0.087549023330211,0.320255425293003,3,7,2.778543908614681
273,12436952,Premier League,24/25,2025-02-16 16:30:00,Tottenham Hotspur,Manchester United,75,1,0,1,76,5,10,30,-24.8,11.7,-74.0,719.0,0.43735511414706696,0.5249041374772779,3,6,3.2158990227617488
335,12437019,Premier League,24/25,2025-02-19 19:30:00,Aston Villa,Liverpool FC,60,1,0,1,61,5,10,16,-51.2,-18.1,-137.0,-484.0,0.082200217992068,0.082200217992068,2,2,2.0104010887444077
335,12437019,Premier League,24/25,2025-02-19 19:30:00,Aston Villa,Liverpool FC,65,1,0,1,66,5,10,20,-51.8,-51.5,-42.0,-743.0,0.24944561719894498,0.331645835191013,4,6,2.259846705943353
335,12437019,Premier League,24/25,2025-02-19 19:30:00,Aston Villa,Liverpool FC,70,1,0,1,71,5,10,21,-41.6,-46.7,9.0,-951.0,0.74759405851364,0.9970396757125849,1,5,3.007440764456993
335,12437019,Premier League,24/25,2025-02-19 19:30:00,Aston Villa,Liverpool FC,75,1,0,1,76,5,10,21,7.0,-17.3,100.0,-916.0,0.0,0.74759405851364,0,1,3.007440764456993
187,12436623,Premier League,24/25,2025-02-21 20:00:00,Leicester City,Brentford,60,1,0,1,61,5,10,11,-16.0,-15.7,-28.0,3.0,0.0,0.0,0,0,1.3730084188282499
187,12436623,Premier League,24/25,2025-02-21 20:00:00,Leicester City,Brentford,65,1,0,1,66,5,10,12,-27.0,-21.5,-63.0,-132.0,0.031651299446821,0.031651299446821,1,1,1.404659718275071
187,12436623,Premier League,24/25,2025-02-21 20:00:00,Leicester City,Brentford,70,1,0,1,71,5,10,15,-35.6,-31.3,-45.0,-310.0,0.125841286033392,0.157492585480213,3,4,1.530501004308463
187,12436623,Premier League,24/25,2025-02-21 20:00:00,Leicester City,Brentford,75,1,0,1,76,5,10,16,-42.0,-38.8,54.0,-520.0,0.021579032763839,0.147420318797231,1,4,1.552080037072302
189,12436625,Premier League,24/25,2025-02-22 12:30:00,Everton,Manchester United,60,1,0,1,61,5,10,8,12.8,4.0,10.0,333.0,0.057589322328568,0.057589322328568,1,1,1.6232366086915129
189,12436625,Premier League,24/25,2025-02-22 12:30:00,Everton,Manchester United,65,1,0,1,66,5,10,8,2.6,7.7,13.0,346.0,0.0,0.057589322328568,0,1,1.6232366086915129
189,12436625,Premier League,24/25,2025-02-22 12:30:00,Everton,Manchester United,70,1,0,1,71,5,10,9,21.4,12.0,-2.0,453.0,0.17086887359619,0.17086887359619,1,1,1.794105482287703
189,12436625,Premier League,24/25,2025-02-22 12:30:00,Everton,Manchester United,75,1,0,1,76,5,10,11,-29.4,-4.0,-66.0,306.0,0.084308911114932,0.25517778471112196,2,3,1.878414393402635
188,12436624,Premier League,24/25,2025-02-22 15:00:00,Fulham,Crystal Palace,60,1,0,1,61,5,10,12,3.6,15.5,-8.0,191.0,0.0,0.0,0,0,0.30578366667032175
188,12436624,Premier League,24/25,2025-02-22 15:00:00,Fulham,Crystal Palace,65,1,0,1,66,5,10,15,-17.0,-6.7,69.0,106.0,0.639639679342512,0.639639679342512,3,3,0.9454233460128337
188,12436624,Premier League,24/25,2025-02-22 15:00:00,Fulham,Crystal Palace,70,1,0,1,71,5,10,16,-16.8,-16.9,54.0,22.0,0.10604803264141,0.7456877119839219,1,4,1.0514713786542438
188,12436624,Premier League,24/25,2025-02-22 15:00:00,Fulham,Crystal Palace,75,1,0,1,76,5,10,20,1.0,-7.9,51.0,27.0,0.436211835592983,0.542259868234393,4,5,1.4876832142472267
193,12436629,Premier League,24/25,2025-02-22 15:00:00,Ipswich Town,Tottenham Hotspur,60,1,0,1,61,5,10,21,16.2,-3.1,38.0,-47.0,0.088828345760703,0.088828345760703,2,2,2.5407311487942774
193,12436629,Premier League,24/25,2025-02-22 15:00:00,Ipswich Town,Tottenham Hotspur,65,1,0,1,66,5,10,22,-18.4,-1.1,-16.0,-139.0,0.047152310609818,0.13598065637052098,1,3,2.5878834594040954
193,12436629,Premier League,24/25,2025-02-22 15:00:00,Ipswich Town,Tottenham Hotspur,70,1,0,1,71,5,10,22,-23.8,-21.1,-15.0,-258.0,0.0,0.047152310609818,0,1,2.5878834594040954
193,12436629,Premier League,24/25,2025-02-22 15:00:00,Ipswich Town,Tottenham Hotspur,75,1,0,1,76,5,10,23,30.8,3.5,56.0,-104.0,0.098967991769314,0.098967991769314,1,1,2.6868514511734096
278,12436958,Premier League,24/25,2025-02-22 15:00:00,Bournemouth,Wolverhampton,60,1,0,1,61,5,10,17,5.6,-15.6,34.0,306.0,0.13884012401104,0.20960005372762702,1,2,2.1060914667323303
278,12436958,Premier League,24/25,2025-02-22 15:00:00,Bournemouth,Wolverhampton,65,1,0,1,66,5,10,18,-7.6,-1.0,-22.0,268.0,0.633276283741,0.7721164077520399,1,2,2.7393677504733303
278,12436958,Premier League,24/25,2025-02-22 15:00:00,Bournemouth,Wolverhampton,70,1,0,1,71,5,10,18,2.8,-2.4,-2.0,282.0,0.0,0.633276283741,0,1,2.7393677504733303
278,12436958,Premier League,24/25,2025-02-22 15:00:00,Bournemouth,Wolverhampton,75,1,0,1,76,5,10,18,-21.0,-9.1,-22.0,177.0,0.0,0.0,0,0,2.7393677504733303
280,12436960,Premier League,24/25,2025-02-22 15:00:00,Arsenal,West Ham United,60,1,0,1,61,5,10,15,21.0,9.9,72.0,564.0,0.060257829725742,0.094435542821884,1,2,1.5937702329829395
280,12436960,Premier League,24/25,2025-02-22 15:00:00,Arsenal,West Ham United,65,1,0,1,66,5,10,19,52.8,36.9,99.0,828.0,0.27753082290291803,0.33778865262866004,4,5,1.8713010558858574
280,12436960,Premier League,24/25,2025-02-22 15:00:00,Arsenal,West Ham United,70,1,0,1,71,5,10,19,16.2,34.5,-55.0,909.0,0.0,0.27753082290291803,0,4,1.8713010558858574
280,12436960,Premier League,24/25,2025-02-22 15:00:00,Arsenal,West Ham United,75,1,0,1,76,5,10,20,-1.8,7.2,-61.0,900.0,0.026635304093361,0.026635304093361,1,1,1.8979363599792183
285,12436965,Premier League,24/25,2025-02-22 15:00:00,Southampton,Brighton & Hove Albion,60,1,0,1,61,5,10,11,-14.6,-7.5,-8.0,-239.0,0.49255734682083,0.49255734682083,1,1,1.7557906294241559
285,12436965,Premier League,24/25,2025-02-22 15:00:00,Southampton,Brighton & Hove Albion,65,1,0,1,66,5,10,11,-0.4,-7.5,8.0,-241.0,0.0,0.49255734682083,0,1,1.7557906294241559
285,12436965,Premier League,24/25,2025-02-22 15:00:00,Southampton,Brighton & Hove Albion,70,1,0,1,71,5,10,14,-6.0,-3.2,-8.0,-271.0,0.176453324034813,0.176453324034813,3,3,1.9322439534589688
285,12436965,Premier League,24/25,2025-02-22 15:00:00,Southampton,Brighton & Hove Albion,75,1,0,1,76,5,10,15,-39.6,-22.8,-15.0,-469.0,0.60913211107254,0.7855854351073529,1,4,2.5413760645315095
185,12436621,Premier League,24/25,2025-02-22 17:30:00,Aston Villa,Chelsea,60,1,0,1,61,5,10,17,15.4,6.1,23.0,-224.0,0.95397645235062,1.2017153650522319,1,3,3.583945734426397
185,12436621,Premier League,24/25,2025-02-22 17:30:00,Aston Villa,Chelsea,65,1,0,1,66,5,10,18,-7.6,3.9,14.0,-262.0,0.13499520719051,1.08897165954113,1,2,3.718940941616907
185,12436621,Premier League,24/25,2025-02-22 17:30:00,Aston Villa,Chelsea,70,1,0,1,71,5,10,19,2.8,-2.4,-46.0,-248.0,0.079918473958969,0.214913681149479,1,2,3.798859415575876
185,12436621,Premier League,24/25,2025-02-22 17:30:00,Aston Villa,Chelsea,75,1,0,1,76,5,10,20,3.8,3.3,-5.0,-229.0,0.020271753892303,0.100190227851272,1,2,3.8191311694681787
283,12436963,Premier League,24/25,2025-02-23 14:00:00,Newcastle United,Nottingham Forest,60,1,0,1,61,5,10,18,-26.8,-13.8,-86.0,1183.0,0.020678108558059,0.49388731084763904,1,2,3.5604182724297004
283,12436963,Premier League,24/25,2025-02-23 14:00:00,Newcastle United,Nottingham Forest,65,1,0,1,66,5,10,20,-41.8,-34.3,-15.0,974.0,0.336101114749906,0.356779223307965,2,3,3.896519387179606
283,12436963,Premier League,24/25,2025-02-23 14:00:00,Newcastle United,Nottingham Forest,70,1,0,1,71,5,10,22,-33.0,-37.4,35.0,809.0,0.080207258462906,0.416308373212812,2,4,3.976726645642512
283,12436963,Premier League,24/25,2025-02-23 14:00:00,Newcastle United,Nottingham Forest,75,1,0,1,76,5,10,22,-24.8,-28.9,43.0,685.0,0.0,0.080207258462906,0,2,3.976726645642512
191,12436627,Premier League,24/25,2025-02-23 16:30:00,Manchester City,Liverpool FC,60,1,0,1,61,5,10,14,11.6,7.9,45.0,784.0,0.042888600379229,0.042888600379229,1,1,0.6696687592193521
191,12436627,Premier League,24/25,2025-02-23 16:30:00,Manchester City,Liverpool FC,65,1,0,1,66,5,10,16,-14.2,-1.3,-48.0,713.0,0.17966207116842597,0.22255067154765498,2,3,0.849330830387778
191,12436627,Premier League,24/25,2025-02-23 16:30:00,Manchester City,Liverpool FC,70,1,0,1,71,5,10,18,22.4,4.1,10.0,825.0,0.042906322516501,0.22256839368492698,2,4,0.892237152904279
191,12436627,Premier League,24/25,2025-02-23 16:30:00,Manchester City,Liverpool FC,75,1,0,1,76,5,10,22,28.8,25.6,82.0,969.0,0.31542693637311797,0.358333258889619,4,6,1.207664089277397
290,12436970,Premier League,24/25,2025-02-25 19:30:00,Brighton & Hove Albion,Bournemouth,60,1,0,1,61,5,10,15,-11.2,-23.5,0.0,-128.0,0.040101259946823,0.040101259946823,1,1,2.59021339383126
290,12436970,Premier League,24/25,2025-02-25 19:30:00,Brighton & Hove Albion,Bournemouth,65,1,0,1,66,5,10,19,-4.2,-7.7,-29.0,-149.0,0.17975023575127103,0.21985149569809403,4,5,2.7699636295825307
290,12436970,Premier League,24/25,2025-02-25 19:30:00,Brighton & Hove Albion,Bournemouth,70,1,0,1,71,5,10,22,-28.6,-16.4,-64.0,-292.0,0.294042889028786,0.47379312478005703,3,7,3.0640065186113175
290,12436970,Premier League,24/25,2025-02-25 19:30:00,Brighton & Hove Albion,Bournemouth,75,1,0,1,76,5,10,24,-21.8,-25.2,66.0,-401.0,0.45751441270113297,0.7515573017299189,2,5,3.5215209313124505
299,12436981,Premier League,24/25,2025-02-25 19:30:00,Wolverhampton,Fulham,60,1,0,1,61,5,10,21,39.4,26.6,31.0,489.0,0.17902108281850798,0.255175407975912,2,4,2.211545489728434
299,12436981,Premier League,24/25,2025-02-25 19:30:00,Wolverhampton,Fulham,65,1,0,1,66,5,10,21,22.4,30.9,-17.0,601.0,0.0,0.17902108281850798,0,2,2.211545489728434
299,12436981,Premier League,24/25,2025-02-25 19:30:00,Wolverhampton,Fulham,70,1,0,1,71,5,10,22,18.2,20.3,-34.0,692.0,0.026975629851222,0.026975629851222,1,1,2.238521119579656
299,12436981,Premier League,24/25,2025-02-25 19:30:00,Wolverhampton,Fulham,75,1,0,1,76,5,10,22,19.0,18.6,-25.0,787.0,0.0,0.026975629851222,0,1,2.238521119579656
301,12436983,Premier League,24/25,2025-02-25 19:30:00,Crystal Palace,Aston Villa,60,1,0,1,61,5,10,17,-6.8,-12.2,5.0,-79.0,0.341861387714742,0.539325287565585,5,7,3.1349953673779947
301,12436983,Premier League,24/25,2025-02-25 19:30:00,Crystal Palace,Aston Villa,65,1,0,1,66,5,10,17,11.8,2.5,18.0,-20.0,0.0,0.341861387714742,0,5,3.1349953673779947
301,12436983,Premier League,24/25,2025-02-25 19:30:00,Crystal Palace,Aston Villa,70,1,0,1,71,5,10,19,-33.4,-10.8,-52.0,-187.0,0.07919124700128999,0.07919124700128999,2,2,3.214186614379285
301,12436983,Premier League,24/25,2025-02-25 19:30:00,Crystal Palace,Aston Villa,75,1,0,1,76,5,10,21,23.4,-5.0,45.0,-70.0,0.7242646664381,0.80345591343939,2,4,3.938451280817385
304,12436986,Premier League,24/25,2025-02-25 20:15:00,Chelsea,Southampton,60,1,0,1,61,5,10,14,31.0,42.4,10.0,1162.0,0.085559688508511,0.24241949245333702,1,4,2.0111957006156373
304,12436986,Premier League,24/25,2025-02-25 20:15:00,Chelsea,Southampton,65,1,0,1,66,5,10,14,-3.6,13.7,-52.0,1144.0,0.0,0.085559688508511,0,1,2.0111957006156373
304,12436986,Premier League,24/25,2025-02-25 20:15:00,Chelsea,Southampton,70,1,0,1,71,5,10,17,-4.8,-4.2,13.0,1120.0,0.41340471990406696,0.41340471990406696,3,3,2.4246004205197043
304,12436986,Premier League,24/25,2025-02-25 20:15:00,Chelsea,Southampton,75,1,0,1,76,5,10,19,27.6,11.4,36.0,1258.0,0.13200358487665198,0.5454083047807189,2,5,2.5566040053963563
288,12436968,Premier League,24/25,2025-02-26 19:30:00,Brentford,Everton,60,1,0,1,61,5,10,14,-12.6,-18.2,-22.0,25.0,0.0,0.044411201030016,0,1,1.9268350834027026
288,12436968,Premier League,24/25,2025-02-26 19:30:00,Brentford,Everton,65,1,0,1,66,5,10,15,-17.4,-15.0,-1.0,-62.0,0.090994901955128,0.090994901955128,1,1,2.0178299853578308
288,12436968,Premier League,24/25,2025-02-26 19:30:00,Brentford,Everton,70,1,0,1,71,5,10,17,-14.0,-15.7,21.0,-132.0,0.127027941867709,0.218022843822837,2,3,2.14485792722554
288,12436968,Premier League,24/25,2025-02-26 19:30:00,Brentford,Everton,75,1,0,1,76,5,10,18,22.2,4.1,29.0,-21.0,0.11723974347115,0.244267685338859,1,3,2.26209767069669
294,12436974,Premier League,24/25,2025-02-26 19:30:00,Nottingham Forest,Arsenal,60,1,0,1,61,5,10,13,-52.4,-58.9,26.0,-1137.0,0.021124772727489,0.32450237125158,1,3,0.856371693313122
294,12436974,Premier League,24/25,2025-02-26 19:30:00,Nottingham Forest,Arsenal,65,1,0,1,66,5,10,13,-4.6,-28.5,120.0,-1160.0,0.0,0.021124772727489,0,1,0.856371693313122
294,12436974,Premier League,24/25,2025-02-26 19:30:00,Nottingham Forest,Arsenal,70,1,0,1,71,5,10,14,6.6,1.0,81.0,-1127.0,0.1148497313261,0.1148497313261,1,1,0.971221424639222
294,12436974,Premier League,24/25,2025-02-26 19:30:00,Nottingham Forest,Arsenal,75,1,0,1,76,5,10,14,17.4,12.0,25.0,-1040.0,0.0,0.1148497313261,0,1,0.971221424639222
295,12436975,Premier League,24/25,2025-02-26 19:30:00,Tottenham Hotspur,Manchester City,60,1,0,1,61,5,10,13,40.4,8.3,76.0,-155.0,0.043843388557434,0.304708342067892,1,4,2.295726038515561
295,12436975,Premier League,24/25,2025-02-26 19:30:00,Tottenham Hotspur,Manchester City,65,1,0,1,66,5,10,17,43.2,41.8,6.0,61.0,0.228632148355247,0.272475536912681,4,5,2.524358186870808
295,12436975,Premier League,24/25,2025-02-26 19:30:00,Tottenham Hotspur,Manchester City,70,1,0,1,71,5,10,19,31.4,37.3,-10.0,218.0,0.372264787554738,0.6008969359099849,2,6,2.8966229744255463
295,12436975,Premier League,24/25,2025-02-26 19:30:00,Tottenham Hotspur,Manchester City,75,1,0,1,76,5,10,19,40.2,35.8,12.0,419.0,0.0,0.372264787554738,0,2,2.8966229744255463
309,12436991,Premier League,24/25,2025-02-26 19:30:00,Manchester United,Ipswich Town,60,1,0,1,61,5,10,18,-29.4,-16.8,-21.0,763.0,0.163527306169271,0.163527306169271,3,3,2.051980470307181
309,12436991,Premier League,24/25,2025-02-26 19:30:00,Manchester United,Ipswich Town,65,1,0,1,66,5,10,18,-12.8,-21.1,-30.0,699.0,0.0,0.163527306169271,0,3,2.051980470307181
309,12436991,Premier League,24/25,2025-02-26 19:30:00,Manchester United,Ipswich Town,70,1,0,1,71,5,10,18,-12.8,-12.8,14.0,635.0,0.0,0.0,0,0,2.051980470307181
309,12436991,Premier League,24/25,2025-02-26 19:30:00,Manchester United,Ipswich Town,75,1,0,1,76,5,10,19,-48.0,-30.4,-40.0,395.0,0.02432139031589,0.02432139031589,1,1,2.076301860623071
306,12436988,Premier League,24/25,2025-02-26 20:15:00,Liverpool FC,Newcastle United,60,1,0,1,61,5,10,8,-12.8,-9.1,20.0,427.0,0.0,0.0,0,0,0.7015408743172951
306,12436988,Premier League,24/25,2025-02-26 20:15:00,Liverpool FC,Newcastle United,65,1,0,1,66,5,10,9,13.4,0.3,49.0,494.0,0.19469164311886,0.19469164311886,1,1,0.896232517436155
306,12436988,Premier League,24/25,2025-02-26 20:15:00,Liverpool FC,Newcastle United,70,1,0,1,71,5,10,9,30.2,21.8,44.0,645.0,0.0,0.19469164311886,0,1,0.896232517436155
306,12436988,Premier League,24/25,2025-02-26 20:15:00,Liverpool FC,Newcastle United,75,1,0,1,76,5,10,10,15.8,23.0,-25.0,724.0,0.36916217207909,0.36916217207909,1,1,1.265394689515245
377,13365051,Premier League,24/25,2025-02-27 20:00:00,West Ham United,Leicester City,60,1,0,1,61,5,10,10,0.2,-0.5,1.0,1036.0,0.0080586597323418,0.0283760912716388,1,2,1.3942526867613259
377,13365051,Premier League,24/25,2025-02-27 20:00:00,West Ham United,Leicester City,65,1,0,1,66,5,10,11,-33.8,-16.8,-12.0,867.0,0.032877784222364,0.0409364439547058,1,2,1.4271304709836896
377,13365051,Premier League,24/25,2025-02-27 20:00:00,West Ham United,Leicester City,70,1,0,1,71,5,10,14,-21.4,-27.6,-4.0,760.0,0.143543887883425,0.17642167210578902,3,4,1.5706743588671146
377,13365051,Premier League,24/25,2025-02-27 20:00:00,West Ham United,Leicester City,75,1,0,1,76,5,10,15,-33.0,-27.2,0.0,595.0,0.067831479012966,0.211375366896391,1,4,1.6385058378800808
324,12437007,Premier League,24/25,2025-03-08 12:30:00,Nottingham Forest,Manchester City,60,1,0,1,61,5,10,13,-16.2,-1.2,-3.0,-499.0,0.013085457496345,0.035689012147486,1,2,0.8465391956269791
324,12437007,Premier League,24/25,2025-03-08 12:30:00,Nottingham Forest,Manchester City,65,1,0,1,66,5,10,16,5.4,-5.4,-33.0,-472.0,0.234436895698311,0.247522353194656,3,4,1.0809760913252902
324,12437007,Premier League,24/25,2025-03-08 12:30:00,Nottingham Forest,Manchester City,70,1,0,1,71,5,10,18,1.6,3.5,-39.0,-464.0,0.060450298711657996,0.294887194409969,2,5,1.1414263900369481
324,12437007,Premier League,24/25,2025-03-08 12:30:00,Nottingham Forest,Manchester City,75,1,0,1,76,5,10,19,-22.2,-10.3,8.0,-575.0,0.064235791563988,0.12468609027564599,1,3,1.205662181600936
314,12436996,Premier League,24/25,2025-03-08 15:00:00,Brighton & Hove Albion,Fulham,60,1,0,1,61,5,10,9,9.6,17.4,-32.0,624.0,0.0,0.036614920943975,0,1,1.103534298017627
314,12436996,Premier League,24/25,2025-03-08 15:00:00,Brighton & Hove Albion,Fulham,65,1,0,1,66,5,10,9,-28.2,-9.3,-38.0,483.0,0.0,0.0,0,0,1.103534298017627
314,12436996,Premier League,24/25,2025-03-08 15:00:00,Brighton & Hove Albion,Fulham,70,1,0,1,71,5,10,9,-26.6,-27.4,0.0,350.0,0.0,0.0,0,0,1.103534298017627
314,12436996,Premier League,24/25,2025-03-08 15:00:00,Brighton & Hove Albion,Fulham,75,1,0,1,76,5,10,9,8.4,-9.1,25.0,392.0,0.0,0.0,0,0,1.103534298017627
317,12437000,Premier League,24/25,2025-03-08 15:00:00,Crystal Palace,Ipswich Town,60,1,0,1,61,5,10,19,8.8,19.3,23.0,317.0,0.110521415248514,0.216996164992453,3,5,1.736598512157808
317,12437000,Premier League,24/25,2025-03-08 15:00:00,Crystal Palace,Ipswich Town,65,1,0,1,66,5,10,26,-40.6,-15.9,-75.0,114.0,1.2694838792085599,1.380005294457074,7,10,3.006082391366368
317,12437000,Premier League,24/25,2025-03-08 15:00:00,Crystal Palace,Ipswich Town,70,1,0,1,71,5,10,28,37.6,-1.5,74.0,302.0,0.90064564347267,2.17012952268123,2,9,3.9067280348390376
317,12437000,Premier League,24/25,2025-03-08 15:00:00,Crystal Palace,Ipswich Town,75,1,0,1,76,5,10,29,3.0,20.3,28.0,317.0,0.037721775472164,0.938367418944834,1,3,3.944449810311202
320,12437003,Premier League,24/25,2025-03-08 15:00:00,Liverpool FC,Southampton,60,1,0,1,61,5,10,27,35.0,57.7,-35.0,1803.0,0.066326260566712,1.316673764997725,2,6,3.189450101965676
320,12437003,Premier League,24/25,2025-03-08 15:00:00,Liverpool FC,Southampton,65,1,0,1,66,5,10,28,40.4,37.7,-8.0,2005.0,0.030493043363094,0.096819303929806,1,3,3.21994314532877
320,12437003,Premier League,24/25,2025-03-08 15:00:00,Liverpool FC,Southampton,70,1,0,1,71,5,10,29,6.2,23.3,-43.0,2036.0,0.076719500124454,0.107212543487548,1,2,3.2966626454532246
320,12437003,Premier League,24/25,2025-03-08 15:00:00,Liverpool FC,Southampton,75,1,0,1,76,5,10,31,21.2,13.7,26.0,2142.0,0.30488380044699,0.381603300571444,2,3,3.6015464459002144
312,12436994,Premier League,24/25,2025-03-08 17:30:00,Brentford,Aston Villa,60,1,0,1,61,5,10,13,23.6,23.0,52.0,-322.0,0.0,0.023996887728572,0,1,1.159184636548165
312,12436994,Premier League,24/25,2025-03-08 17:30:00,Brentford,Aston Villa,65,1,0,1,66,5,10,13,20.8,22.2,-8.0,-218.0,0.0,0.0,0,0,1.159184636548165
312,12436994,Premier League,24/25,2025-03-08 17:30:00,Brentford,Aston Villa,70,1,0,1,71,5,10,14,29.2,25.0,12.0,-72.0,0.088765859603882,0.088765859603882,1,1,1.247950496152047
312,12436994,Premier League,24/25,2025-03-08 17:30:00,Brentford,Aston Villa,75,1,0,1,76,5,10,16,47.0,38.1,-30.0,163.0,0.07571092806756499,0.164476787671447,2,3,1.3236614242196119
329,12437012,Premier League,24/25,2025-03-08 20:00:00,Wolverhampton,Everton,60,1,0,1,60,5,10,17,8.4,8.4,32.0,704.0,0.040073852986097,0.128993384540081,1,3,1.7412488721311121
329,12437012,Premier League,24/25,2025-03-08 20:00:00,Wolverhampton,Everton,65,1,0,1,65,5,10,17,17.6,13.0,22.0,792.0,0.0,0.040073852986097,0,1,1.7412488721311121
329,12437012,Premier League,24/25,2025-03-08 20:00:00,Wolverhampton,Everton,70,1,0,1,70,5,10,17,6.4,12.0,-6.0,824.0,0.0,0.0,0,0,1.7412488721311121
329,12437012,Premier League,24/25,2025-03-08 20:00:00,Wolverhampton,Everton,75,1,0,1,75,5,10,19,26.0,16.2,22.0,954.0,0.207984019070866,0.207984019070866,2,2,1.949232891201978
315,12436998,Premier League,24/25,2025-03-09 14:00:00,Chelsea,Leicester City,60,1,0,1,61,5,10,15,-2.2,-5.4,-13.0,1223.0,0.026345301419497,0.116528874263168,1,3,1.4698246997237208
315,12436998,Premier League,24/25,2025-03-09 14:00:00,Chelsea,Leicester City,65,1,0,1,66,5,10,15,10.4,4.1,26.0,1275.0,0.0,0.026345301419497,0,1,1.4698246997237208
315,12436998,Premier League,24/25,2025-03-09 14:00:00,Chelsea,Leicester City,70,1,0,1,71,5,10,17,1.2,5.8,-37.0,1281.0,0.10632200539112101,0.10632200539112101,2,2,1.576146705114842
315,12436998,Premier League,24/25,2025-03-09 14:00:00,Chelsea,Leicester City,75,1,0,1,76,5,10,19,28.8,15.0,45.0,1425.0,0.119277246296409,0.22559925168753,2,4,1.6954239514112508
326,12437009,Premier League,24/25,2025-03-09 14:00:00,Tottenham Hotspur,Bournemouth,60,1,0,1,61,5,10,17,28.4,30.3,-21.0,382.0,0.087728284299374,0.13915047422051402,2,4,1.8142135292291557
326,12437009,Premier League,24/25,2025-03-09 14:00:00,Tottenham Hotspur,Bournemouth,65,1,0,1,66,5,10,20,-40.6,-6.1,-101.0,179.0,0.709211429581044,0.796939713880418,3,5,2.5234249588101996
326,12437009,Premier League,24/25,2025-03-09 14:00:00,Tottenham Hotspur,Bournemouth,70,1,0,1,71,5,10,22,28.8,-5.9,30.0,323.0,0.062843170017004,0.772054599598048,2,5,2.5862681288272036
326,12437009,Premier League,24/25,2025-03-09 14:00:00,Tottenham Hotspur,Bournemouth,75,1,0,1,76,5,10,25,-18.6,5.1,-38.0,230.0,0.18891342356801002,0.251756593585014,3,5,2.775181552395214
322,12437005,Premier League,24/25,2025-03-09 16:30:00,Manchester United,Arsenal,60,1,0,1,61,5,10,14,2.0,-23.8,39.0,-1134.0,0.64539349079132,0.8787438459694371,1,4,1.629104801453651
322,12437005,Premier League,24/25,2025-03-09 16:30:00,Manchester United,Arsenal,65,1,0,1,66,5,10,14,-27.8,-12.9,-69.0,-1273.0,0.0,0.64539349079132,0,1,1.629104801453651
322,12437005,Premier League,24/25,2025-03-09 16:30:00,Manchester United,Arsenal,70,1,0,1,71,5,10,15,-38.4,-33.1,7.0,-1465.0,0.043575670570135,0.043575670570135,1,1,1.6726804720237862
322,12437005,Premier League,24/25,2025-03-09 16:30:00,Manchester United,Arsenal,75,1,0,1,76,5,10,17,-35.2,-36.8,-18.0,-1641.0,0.204865172505378,0.248440843075513,2,3,1.877545644529164
327,12437010,Premier League,24/25,2025-03-10 20:00:00,West Ham United,Newcastle United,60,1,0,1,61,5,10,12,3.8,18.1,-29.0,-241.0,0.0,0.06244595535099501,0,2,1.081304747611279
327,12437010,Premier League,24/25,2025-03-10 20:00:00,West Ham United,Newcastle United,65,1,0,1,66,5,10,15,-44.2,-20.2,-51.0,-462.0,0.9334874711930761,0.9334874711930761,3,3,2.014792218804355
327,12437010,Premier League,24/25,2025-03-10 20:00:00,West Ham United,Newcastle United,70,1,0,1,71,5,10,15,0.0,-22.1,20.0,-462.0,0.0,0.9334874711930761,0,3,2.014792218804355
327,12437010,Premier League,24/25,2025-03-10 20:00:00,West Ham United,Newcastle United,75,1,0,1,76,5,10,16,13.4,6.7,34.0,-395.0,0.014148981310427,0.014148981310427,1,1,2.028941200114782
144,12436578,Premier League,24/25,2025-03-15 15:00:00,Southampton,Wolverhampton,60,1,0,1,61,5,10,10,23.8,13.4,35.0,434.0,0.197173073887827,0.197173073887827,2,2,0.594738556072116
144,12436578,Premier League,24/25,2025-03-15 15:00:00,Southampton,Wolverhampton,65,1,0,1,66,5,10,12,71.8,47.8,26.0,793.0,0.269486181437973,0.4666592553258,2,4,0.8642247375100889
144,12436578,Premier League,24/25,2025-03-15 15:00:00,Southampton,Wolverhampton,70,1,0,1,71,5,10,12,27.0,49.4,-66.0,928.0,0.0,0.269486181437973,0,2,0.8642247375100889
144,12436578,Premier League,24/25,2025-03-15 15:00:00,Southampton,Wolverhampton,75,1,0,1,76,5,10,15,-5.8,10.6,-14.0,899.0,0.898359663784501,0.898359663784501,3,3,1.76258440129459
337,12437021,Premier League,24/25,2025-03-15 15:00:00,Everton,West Ham United,60,1,0,1,61,5,10,13,-17.0,-16.2,4.0,151.0,0.0,0.15491554141045,0,1,0.9082537330687089
337,12437021,Premier League,24/25,2025-03-15 15:00:00,Everton,West Ham United,65,1,0,1,66,5,10,14,-5.8,-11.4,21.0,122.0,0.0367646291852,0.0367646291852,1,1,0.9450183622539089
337,12437021,Premier League,24/25,2025-03-15 15:00:00,Everton,West Ham United,70,1,0,1,71,5,10,17,-21.4,-13.6,-26.0,15.0,0.38569423928856605,0.42245886847376607,3,4,1.330712601542475
337,12437021,Premier League,24/25,2025-03-15 15:00:00,Everton,West Ham United,75,1,0,1,76,5,10,19,-5.0,-13.2,44.0,-10.0,0.071675411425531,0.4573696507140971,2,5,1.402388012968006
341,12437025,Premier League,24/25,2025-03-15 15:00:00,Ipswich Town,Nottingham Forest,60,1,0,1,61,5,10,15,-11.6,2.7,-31.0,-318.0,0.0,0.14043939113617,0,1,1.270841012708839
341,12437025,Premier League,24/25,2025-03-15 15:00:00,Ipswich Town,Nottingham Forest,65,1,0,1,66,5,10,15,27.4,7.9,64.0,-181.0,0.0,0.0,0,0,1.270841012708839
341,12437025,Premier League,24/25,2025-03-15 15:00:00,Ipswich Town,Nottingham Forest,70,1,0,1,71,5,10,17,49.6,38.5,44.0,67.0,0.062243832275271,0.062243832275271,2,2,1.33308484498411
341,12437025,Premier League,24/25,2025-03-15 15:00:00,Ipswich Town,Nottingham Forest,75,1,0,1,76,5,10,18,33.6,41.6,-14.0,235.0,0.020979382097721,0.083223214372992,1,3,1.354064227081831
345,12437029,Premier League,24/25,2025-03-15 15:00:00,Manchester City,Brighton & Hove Albion,60,1,0,1,61,5,10,19,3.2,-9.9,9.0,-306.0,0.070217363536358,0.144312385469676,1,3,2.7277873279914293
345,12437029,Premier League,24/25,2025-03-15 15:00:00,Manchester City,Brighton & Hove Albion,65,1,0,1,66,5,10,21,-38.2,-17.5,-54.0,-497.0,0.16957356780767902,0.239790931344037,2,3,2.897360895799108
345,12437029,Premier League,24/25,2025-03-15 15:00:00,Manchester City,Brighton & Hove Albion,70,1,0,1,71,5,10,22,18.6,-9.8,65.0,-404.0,0.053315956145525,0.22288952395320402,1,3,2.950676851944633
345,12437029,Premier League,24/25,2025-03-15 15:00:00,Manchester City,Brighton & Hove Albion,75,1,0,1,76,5,10,23,71.4,45.0,94.0,-47.0,0.08451883494854,0.137834791094065,1,2,3.035195686893173
331,12437014,Premier League,24/25,2025-03-15 17:30:00,Bournemouth,Brentford,60,1,0,1,61,5,10,18,-4.6,8.9,-92.0,469.0,0.049904212355614,0.049904212355614,1,1,1.580530542880303
331,12437014,Premier League,24/25,2025-03-15 17:30:00,Bournemouth,Brentford,65,1,0,1,66,5,10,19,-5.6,-5.1,32.0,441.0,0.076891288161278,0.126795500516892,1,2,1.6574218310415807
331,12437014,Premier League,24/25,2025-03-15 17:30:00,Bournemouth,Brentford,70,1,0,1,71,5,10,19,17.4,5.9,9.0,528.0,0.0,0.076891288161278,0,1,1.6574218310415807
331,12437014,Premier League,24/25,2025-03-15 17:30:00,Bournemouth,Brentford,75,1,0,1,76,5,10,20,-15.4,1.0,-51.0,451.0,0.16150031983852,0.16150031983852,1,1,1.8189221508801008
333,12437017,Premier League,24/25,2025-03-16 13:30:00,Arsenal,Chelsea,60,1,0,1,61,5,10,15,-15.6,3.9,-23.0,511.0,0.141373267397286,0.141373267397286,2,2,0.7653048783540771
333,12437017,Premier League,24/25,2025-03-16 13:30:00,Arsenal,Chelsea,65,1,0,1,66,5,10,17,2.6,-6.5,7.0,524.0,0.112622458487749,0.253995725885035,2,4,0.877927336841826
333,12437017,Premier League,24/25,2025-03-16 13:30:00,Arsenal,Chelsea,70,1,0,1,71,5,10,17,-13.6,-5.5,-21.0,456.0,0.0,0.112622458487749,0,2,0.877927336841826
333,12437017,Premier League,24/25,2025-03-16 13:30:00,Arsenal,Chelsea,75,1,0,1,76,5,10,19,1.4,-6.1,32.0,463.0,0.097177404910326,0.097177404910326,2,2,0.975104741752152
339,12437023,Premier League,24/25,2025-03-16 13:30:00,Fulham,Tottenham Hotspur,60,1,0,1,61,5,10,13,-41.8,-10.1,-19.0,298.0,0.0,0.13750997558236122,0,4,0.6942091127857652
339,12437023,Premier League,24/25,2025-03-16 13:30:00,Fulham,Tottenham Hotspur,65,1,0,1,66,5,10,14,-3.0,-22.4,60.0,283.0,0.035835426300764,0.035835426300764,1,1,0.7300445390865292
339,12437023,Premier League,24/25,2025-03-16 13:30:00,Fulham,Tottenham Hotspur,70,1,0,1,71,5,10,17,-32.8,-17.9,-73.0,119.0,0.476965488865968,0.512800915166732,3,4,1.2070100279524971
339,12437023,Premier League,24/25,2025-03-16 13:30:00,Fulham,Tottenham Hotspur,75,1,0,1,76,5,10,17,-3.8,-18.3,34.0,100.0,0.0,0.476965488865968,0,3,1.2070100279524971
343,12437027,Premier League,24/25,2025-03-16 19:00:00,Leicester City,Manchester United,60,1,0,1,61,5,10,17,1.0,5.4,8.0,-306.0,0.030677504837513,0.101196110248566,1,3,1.1559484824538337
343,12437027,Premier League,24/25,2025-03-16 19:00:00,Leicester City,Manchester United,65,1,0,1,66,5,10,20,-24.8,-11.9,-9.0,-430.0,0.216210503131147,0.24688800796866,3,4,1.372158985584981
343,12437027,Premier League,24/25,2025-03-16 19:00:00,Leicester City,Manchester United,70,1,0,1,71,5,10,24,-20.0,-22.4,-34.0,-530.0,0.122552585788071,0.33876308891921797,4,7,1.494711571373052
343,12437027,Premier League,24/25,2025-03-16 19:00:00,Leicester City,Manchester United,75,1,0,1,76,5,10,25,3.8,-8.1,21.0,-511.0,0.16043667495251,0.28298926074058095,1,5,1.6551482463255618
146,12436580,Premier League,24/25,2025-04-01 18:45:00,Arsenal,Fulham,60,1,0,1,61,5,10,14,20.0,22.1,-5.0,709.0,0.10329157859087001,0.61567439883947,2,5,1.293120152316981
146,12436580,Premier League,24/25,2025-04-01 18:45:00,Arsenal,Fulham,65,1,0,1,66,5,10,17,40.8,30.4,1.0,913.0,0.179285937920213,0.282577516511083,3,5,1.472406090237194
146,12436580,Premier League,24/25,2025-04-01 18:45:00,Arsenal,Fulham,70,1,0,1,71,5,10,17,14.6,27.7,-16.0,986.0,0.0,0.179285937920213,0,3,1.472406090237194
146,12436580,Premier League,24/25,2025-04-01 18:45:00,Arsenal,Fulham,75,1,0,1,76,5,10,20,21.2,17.9,-7.0,1092.0,1.080142214894302,1.080142214894302,3,3,2.552548305131496
165,12436599,Premier League,24/25,2025-04-01 18:45:00,Wolverhampton,West Ham United,60,1,0,1,61,5,10,12,-11.0,-10.2,-32.0,293.0,0.0,0.128328323364253,0,2,1.1068465653806892
165,12436599,Premier League,24/25,2025-04-01 18:45:00,Wolverhampton,West Ham United,65,1,0,1,66,5,10,12,-18.6,-14.8,18.0,200.0,0.0,0.0,0,0,1.1068465653806892
165,12436599,Premier League,24/25,2025-04-01 18:45:00,Wolverhampton,West Ham United,70,1,0,1,71,5,10,13,-4.4,-11.5,15.0,178.0,0.13812990486622,0.13812990486622,1,1,1.244976470246909
165,12436599,Premier League,24/25,2025-04-01 18:45:00,Wolverhampton,West Ham United,75,1,0,1,76,5,10,13,-11.4,-7.9,0.0,121.0,0.0,0.13812990486622,0,1,1.244976470246909
157,12436591,Premier League,24/25,2025-04-01 19:00:00,Nottingham Forest,Manchester United,60,1,0,1,61,5,10,18,-5.4,5.7,-51.0,-840.0,0.024634256958961,0.089023932814598,1,2,0.9156788438558561
157,12436591,Premier League,24/25,2025-04-01 19:00:00,Nottingham Forest,Manchester United,65,1,0,1,66,5,10,18,11.6,3.1,-8.0,-782.0,0.0,0.024634256958961,0,1,0.9156788438558561
157,12436591,Premier League,24/25,2025-04-01 19:00:00,Nottingham Forest,Manchester United,70,1,0,1,71,5,10,20,-31.4,-9.9,-92.0,-939.0,0.122734565287828,0.122734565287828,2,2,1.0384134091436839
157,12436591,Premier League,24/25,2025-04-01 19:00:00,Nottingham Forest,Manchester United,75,1,0,1,76,5,10,22,-41.8,-36.6,11.0,-1148.0,0.073764234781265,0.19649880006909298,2,4,1.1121776439249489
142,12436576,Premier League,24/25,2025-04-02 18:45:00,Bournemouth,Ipswich Town,60,1,0,1,61,5,10,23,43.2,28.9,-14.0,1295.0,0.56800538673997,0.56800538673997,4,4,1.8596068536862729
142,12436576,Premier League,24/25,2025-04-02 18:45:00,Bournemouth,Ipswich Town,65,1,0,1,66,5,10,24,-0.6,21.3,-52.0,1292.0,0.024964459240437,0.592969845980407,1,5,1.88457131292671
142,12436576,Premier League,24/25,2025-04-02 18:45:00,Bournemouth,Ipswich Town,70,1,0,1,71,5,10,27,22.6,11.0,6.0,1405.0,0.9131041187793031,0.9380685780197401,3,4,2.797675431706013
142,12436576,Premier League,24/25,2025-04-02 18:45:00,Bournemouth,Ipswich Town,75,1,0,1,76,5,10,28,9.0,15.8,-43.0,1450.0,0.032619800418615,0.945723919197918,1,4,2.830295232124628
150,12436584,Premier League,24/25,2025-04-02 18:45:00,Brighton & Hove Albion,Aston Villa,60,1,0,1,61,5,10,11,0.4,9.7,-52.0,417.0,0.0,0.470855031162497,0,3,1.180438080802557
150,12436584,Premier League,24/25,2025-04-02 18:45:00,Brighton & Hove Albion,Aston Villa,65,1,0,1,66,5,10,12,17.8,9.1,-23.0,506.0,0.098805569112301,0.098805569112301,1,1,1.279243649914858
150,12436584,Premier League,24/25,2025-04-02 18:45:00,Brighton & Hove Albion,Aston Villa,70,1,0,1,71,5,10,12,-8.6,4.6,9.0,463.0,0.0,0.098805569112301,0,1,1.279243649914858
150,12436584,Premier League,24/25,2025-04-02 18:45:00,Brighton & Hove Albion,Aston Villa,75,1,0,1,76,5,10,12,16.0,3.7,33.0,543.0,0.0,0.0,0,0,1.279243649914858
154,12436588,Premier League,24/25,2025-04-02 18:45:00,Southampton,Crystal Palace,60,1,0,1,61,5,10,11,16.4,5.0,18.0,-136.0,0.17749577760696,0.33507622778415,1,2,1.1426864787936193
154,12436588,Premier League,24/25,2025-04-02 18:45:00,Southampton,Crystal Palace,65,1,0,1,66,5,10,12,-5.8,5.3,-27.0,-165.0,0.038815844804049,0.216311622411009,1,2,1.1815023235976678
154,12436588,Premier League,24/25,2025-04-02 18:45:00,Southampton,Crystal Palace,70,1,0,1,71,5,10,13,-8.2,-7.0,-25.0,-206.0,0.014726426452398,0.053542271256447005,1,2,1.196228750050066
154,12436588,Premier League,24/25,2025-04-02 18:45:00,Southampton,Crystal Palace,75,1,0,1,76,5,10,14,-24.2,-16.2,3.0,-327.0,0.10197024792433,0.116696674376728,1,2,1.298198997974396
160,12436594,Premier League,24/25,2025-04-02 18:45:00,Manchester City,Leicester City,60,1,0,1,61,5,10,15,43.0,36.6,-10.0,1613.0,0.273274026811119,0.385084599256509,2,3,2.1372469477355494
160,12436594,Premier League,24/25,2025-04-02 18:45:00,Manchester City,Leicester City,65,1,0,1,66,5,10,15,29.4,36.2,-10.0,1760.0,0.0,0.273274026811119,0,2,2.1372469477355494
160,12436594,Premier League,24/25,2025-04-02 18:45:00,Manchester City,Leicester City,70,1,0,1,71,5,10,15,25.6,27.5,-28.0,1888.0,0.0,0.0,0,0,2.1372469477355494
160,12436594,Premier League,24/25,2025-04-02 18:45:00,Manchester City,Leicester City,75,1,0,1,76,5,10,15,46.0,35.8,11.0,2118.0,0.0,0.0,0,0,2.1372469477355494
166,12436600,Premier League,24/25,2025-04-02 18:45:00,Newcastle United,Brentford,60,1,0,1,61,5,10,17,16.2,1.4,42.0,293.0,0.03819090873003,0.05802103877067599,1,2,1.236407332122321
166,12436600,Premier League,24/25,2025-04-02 18:45:00,Newcastle United,Brentford,65,1,0,1,66,5,10,22,-8.0,4.1,10.0,253.0,0.24437284655869,0.28256375528871996,5,6,1.480780178681011
166,12436600,Premier League,24/25,2025-04-02 18:45:00,Newcastle United,Brentford,70,1,0,1,71,5,10,24,-44.4,-26.2,-51.0,31.0,1.00226843919754,1.24664128575623,2,7,2.4830486178785507
166,12436600,Premier League,24/25,2025-04-02 18:45:00,Newcastle United,Brentford,75,1,0,1,76,5,10,25,4.6,-19.9,58.0,54.0,0.0027112399693578,1.004979679166898,1,3,2.4857598578479085
159,12436593,Premier League,24/25,2025-04-02 19:00:00,Liverpool FC,Everton,60,1,0,1,61,5,10,19,35.6,43.1,-35.0,1690.0,0.166304189711811,0.346807302907111,2,7,2.179036218672994
159,12436593,Premier League,24/25,2025-04-02 19:00:00,Liverpool FC,Everton,65,1,0,1,66,5,10,19,42.2,38.9,-14.0,1901.0,0.0,0.166304189711811,0,2,2.179036218672994
159,12436593,Premier League,24/25,2025-04-02 19:00:00,Liverpool FC,Everton,70,1,0,1,71,5,10,19,37.6,39.9,3.0,2089.0,0.0,0.0,0,0,2.179036218672994
159,12436593,Premier League,24/25,2025-04-02 19:00:00,Liverpool FC,Everton,75,1,0,1,76,5,10,19,3.0,20.3,-4.0,2104.0,0.0,0.0,0,0,2.179036218672994
153,12436587,Premier League,24/25,2025-04-03 19:00:00,Chelsea,Tottenham Hotspur,60,1,0,1,61,5,10,11,20.6,27.1,-54.0,970.0,0.0,0.099740616977215,0,1,1.135723907500503
153,12436587,Premier League,24/25,2025-04-03 19:00:00,Chelsea,Tottenham Hotspur,65,1,0,1,66,5,10,12,18.8,19.7,-25.0,1064.0,0.0092490874230862,0.0092490874230862,1,1,1.144972994923589
153,12436587,Premier League,24/25,2025-04-03 19:00:00,Chelsea,Tottenham Hotspur,70,1,0,1,71,5,10,13,-25.4,-3.3,-44.0,937.0,0.20707930624485,0.2163283936679362,1,2,1.352052301168439
153,12436587,Premier League,24/25,2025-04-03 19:00:00,Chelsea,Tottenham Hotspur,75,1,0,1,76,5,10,13,14.6,-5.4,-7.0,1010.0,0.0,0.20707930624485,0,1,1.352052301168439
162,12436596,Premier League,24/25,2025-04-05 11:30:00,Everton,Arsenal,60,1,0,1,61,5,10,14,-33.6,-18.9,-23.0,-323.0,0.072270907461643,0.22490620985627197,1,4,2.264535974749922
162,12436596,Premier League,24/25,2025-04-05 11:30:00,Everton,Arsenal,65,1,0,1,66,5,10,15,-4.6,-19.1,35.0,-346.0,0.1102451980114,0.18251610547304298,1,2,2.374781172761322
162,12436596,Premier League,24/25,2025-04-05 11:30:00,Everton,Arsenal,70,1,0,1,71,5,10,15,-0.8,-2.7,1.0,-350.0,0.0,0.1102451980114,0,1,2.374781172761322
162,12436596,Premier League,24/25,2025-04-05 11:30:00,Everton,Arsenal,75,1,0,1,76,5,10,15,-23.2,-12.0,-2.0,-466.0,0.0,0.0,0,0,2.374781172761322
161,12436595,Premier League,24/25,2025-04-05 14:00:00,Crystal Palace,Brighton & Hove Albion,60,1,0,1,61,5,10,11,15.6,11.3,47.0,-318.0,0.0,0.045592561364174,0,1,1.039362048730246
161,12436595,Premier League,24/25,2025-04-05 14:00:00,Crystal Palace,Brighton & Hove Albion,65,1,0,1,66,5,10,12,-1.4,7.1,-29.0,-325.0,0.10505221784115,0.10505221784115,1,1,1.1444142665713959
161,12436595,Premier League,24/25,2025-04-05 14:00:00,Crystal Palace,Brighton & Hove Albion,70,1,0,1,71,5,10,12,-14.6,-8.0,-38.0,-398.0,0.0,0.10505221784115,0,1,1.1444142665713959
161,12436595,Premier League,24/25,2025-04-05 14:00:00,Crystal Palace,Brighton & Hove Albion,75,1,0,1,76,5,10,13,-21.4,-18.0,-18.0,-505.0,0.018825491890311,0.018825491890311,1,1,1.1632397584617071
167,12436601,Premier League,24/25,2025-04-05 14:00:00,Ipswich Town,Wolverhampton,60,1,0,1,61,5,10,19,3.8,-24.2,-19.0,-596.0,0.3135779350996,0.5416547004133451,2,6,2.2860538978129648
167,12436601,Premier League,24/25,2025-04-05 14:00:00,Ipswich Town,Wolverhampton,65,1,0,1,66,5,10,19,-16.4,-6.3,29.0,-678.0,0.0,0.3135779350996,0,2,2.2860538978129648
167,12436601,Premier League,24/25,2025-04-05 14:00:00,Ipswich Town,Wolverhampton,70,1,0,1,71,5,10,21,-23.2,-19.8,40.0,-794.0,0.04883062839508,0.04883062839508,2,2,2.3348845262080453
167,12436601,Premier League,24/25,2025-04-05 14:00:00,Ipswich Town,Wolverhampton,75,1,0,1,76,5,10,23,-29.2,-26.2,-15.0,-940.0,0.102319728583097,0.151150356978177,2,4,2.437204254791142
169,12436604,Premier League,24/25,2025-04-05 14:00:00,West Ham United,Bournemouth,60,1,0,1,61,5,10,8,-1.0,3.8,-13.0,102.0,0.032547473907471,0.032547473907471,1,1,1.223872246220716
169,12436604,Premier League,24/25,2025-04-05 14:00:00,West Ham United,Bournemouth,65,1,0,1,66,5,10,11,24.2,11.6,-4.0,223.0,0.300123196095228,0.33267067000269895,3,4,1.523995442315944
169,12436604,Premier League,24/25,2025-04-05 14:00:00,West Ham United,Bournemouth,70,1,0,1,71,5,10,12,38.8,31.5,-38.0,417.0,0.088223546743393,0.388346742838621,1,4,1.612218989059337
169,12436604,Premier League,24/25,2025-04-05 14:00:00,West Ham United,Bournemouth,75,1,0,1,76,5,10,13,13.4,26.1,-29.0,484.0,0.095259986817837,0.18348353356122998,1,2,1.707478975877174
163,12436597,Premier League,24/25,2025-04-05 16:30:00,Aston Villa,Nottingham Forest,60,1,0,1,61,5,10,20,-22.8,-19.0,-68.0,548.0,0.278378546237945,0.6077955700457089,3,5,2.524442049674693
163,12436597,Premier League,24/25,2025-04-05 16:30:00,Aston Villa,Nottingham Forest,65,1,0,1,66,5,10,20,-58.6,-40.7,-22.0,255.0,0.0,0.278378546237945,0,3,2.524442049674693
163,12436597,Premier League,24/25,2025-04-05 16:30:00,Aston Villa,Nottingham Forest,70,1,0,1,71,5,10,25,11.6,-23.5,108.0,313.0,0.925953749567276,0.925953749567276,5,5,3.450395799241969
163,12436597,Premier League,24/25,2025-04-05 16:30:00,Aston Villa,Nottingham Forest,75,1,0,1,76,5,10,26,24.0,17.8,-9.0,433.0,0.037956774234772,0.963910523802048,1,6,3.488352573476741
155,12436589,Premier League,24/25,2025-04-06 13:00:00,Brentford,Chelsea,60,1,0,1,61,5,10,13,-36.8,-27.8,-8.0,-100.0,0.0,0.043898707255721,0,2,1.047423562034968
155,12436589,Premier League,24/25,2025-04-06 13:00:00,Brentford,Chelsea,65,1,0,1,66,5,10,18,-60.8,-48.8,15.0,-404.0,0.209257818758488,0.209257818758488,5,5,1.256681380793456
155,12436589,Premier League,24/25,2025-04-06 13:00:00,Brentford,Chelsea,70,1,0,1,71,5,10,18,-47.6,-54.2,32.0,-642.0,0.0,0.209257818758488,0,5,1.256681380793456
155,12436589,Premier League,24/25,2025-04-06 13:00:00,Brentford,Chelsea,75,1,0,1,76,5,10,22,-14.0,-30.8,76.0,-712.0,0.24434469267725897,0.24434469267725897,4,4,1.501026073470715
164,12436598,Premier League,24/25,2025-04-06 13:00:00,Fulham,Liverpool FC,60,1,0,1,61,5,10,17,-19.4,-29.2,35.0,111.0,0.120377348735929,0.20748283341527,3,5,1.13299182616175
164,12436598,Premier League,24/25,2025-04-06 13:00:00,Fulham,Liverpool FC,65,1,0,1,66,5,10,18,-30.2,-24.8,-47.0,-40.0,0.44367408752441,0.564051436260339,1,4,1.5766659136861598
164,12436598,Premier League,24/25,2025-04-06 13:00:00,Fulham,Liverpool FC,70,1,0,1,71,5,10,18,-19.0,-24.6,27.0,-135.0,0.0,0.44367408752441,0,1,1.5766659136861598
164,12436598,Premier League,24/25,2025-04-06 13:00:00,Fulham,Liverpool FC,75,1,0,1,76,5,10,21,-33.6,-26.3,5.0,-303.0,0.341401781886818,0.341401781886818,3,3,1.918067695572978
170,12436606,Premier League,24/25,2025-04-06 13:00:00,Tottenham Hotspur,Southampton,60,1,0,1,61,5,10,16,-25.2,-26.7,4.0,555.0,0.0,0.0378028601408,0,1,1.809702742844819
170,12436606,Premier League,24/25,2025-04-06 13:00:00,Tottenham Hotspur,Southampton,65,1,0,1,66,5,10,18,10.8,-7.2,70.0,609.0,0.115060715004802,0.115060715004802,2,2,1.9247634578496209
170,12436606,Premier League,24/25,2025-04-06 13:00:00,Tottenham Hotspur,Southampton,70,1,0,1,71,5,10,18,5.8,8.3,9.0,638.0,0.0,0.115060715004802,0,2,1.9247634578496209
170,12436606,Premier League,24/25,2025-04-06 13:00:00,Tottenham Hotspur,Southampton,75,1,0,1,76,5,10,18,10.8,8.3,-19.0,692.0,0.0,0.0,0,0,1.9247634578496209
168,12436602,Premier League,24/25,2025-04-06 15:30:00,Manchester United,Manchester City,60,1,0,1,61,5,10,13,-16.6,-15.8,70.0,-706.0,0.014351114630699,0.0721251750364895,1,4,0.8307493915781444
168,12436602,Premier League,24/25,2025-04-06 15:30:00,Manchester United,Manchester City,65,1,0,1,66,5,10,14,0.2,-8.2,-45.0,-705.0,0.058050110936165,0.072401225566864,1,2,0.8887995025143095
168,12436602,Premier League,24/25,2025-04-06 15:30:00,Manchester United,Manchester City,70,1,0,1,71,5,10,15,-27.4,-13.6,-28.0,-842.0,0.012011770159006,0.070061881095171,1,2,0.9008112726733154
168,12436602,Premier League,24/25,2025-04-06 15:30:00,Manchester United,Manchester City,75,1,0,1,76,5,10,16,-17.0,-22.2,25.0,-927.0,0.096728920936584,0.10874069109559001,1,2,0.9975401936098995
378,13560219,Premier League,24/25,2025-04-07 19:00:00,Leicester City,Newcastle United,60,1,0,1,61,5,10,16,-11.2,-3.7,-40.0,137.0,0.0,0.032403767108917,0,1,3.1387997232377547
378,13560219,Premier League,24/25,2025-04-07 19:00:00,Leicester City,Newcastle United,65,1,0,1,66,5,10,16,12.6,0.7,23.0,200.0,0.0,0.0,0,0,3.1387997232377547
378,13560219,Premier League,24/25,2025-04-07 19:00:00,Leicester City,Newcastle United,70,1,0,1,71,5,10,17,-1.4,5.6,19.0,193.0,0.018982661888003,0.018982661888003,1,1,3.157782385125758
378,13560219,Premier League,24/25,2025-04-07 19:00:00,Leicester City,Newcastle United,75,1,0,1,76,5,10,18,-2.8,-2.1,-5.0,179.0,0.039428945630789,0.058411607518792,1,2,3.197211330756547
174,12436610,Premier League,24/25,2025-04-12 11:30:00,Manchester City,Crystal Palace,60,1,0,1,61,5,10,24,47.4,41.8,0.0,1690.0,1.533090058714159,1.754289496690044,4,6,5.5528892697766485
174,12436610,Premier League,24/25,2025-04-12 11:30:00,Manchester City,Crystal Palace,65,1,0,1,66,5,10,24,36.0,41.7,-57.0,1870.0,0.0,1.533090058714159,0,4,5.5528892697766485
174,12436610,Premier League,24/25,2025-04-12 11:30:00,Manchester City,Crystal Palace,70,1,0,1,71,5,10,24,1.4,18.7,-91.0,1877.0,0.0,0.0,0,0,5.5528892697766485
174,12436610,Premier League,24/25,2025-04-12 11:30:00,Manchester City,Crystal Palace,75,1,0,1,76,5,10,24,3.0,2.2,3.0,1892.0,0.0,0.0,0,0,5.5528892697766485
171,12436607,Premier League,24/25,2025-04-12 14:00:00,Brighton & Hove Albion,Leicester City,60,1,0,1,61,5,10,25,39.4,44.4,-28.0,1683.0,0.0,0.7884,0,1,4.128369763571023
171,12436607,Premier League,24/25,2025-04-12 14:00:00,Brighton & Hove Albion,Leicester City,65,1,0,1,66,5,10,25,15.4,27.4,-19.0,1760.0,0.0,0.0,0,0,4.128369763571023
171,12436607,Premier League,24/25,2025-04-12 14:00:00,Brighton & Hove Albion,Leicester City,70,1,0,1,71,5,10,26,-6.8,4.3,-20.0,1726.0,0.052860889583826,0.052860889583826,1,1,4.181230653154848
171,12436607,Premier League,24/25,2025-04-12 14:00:00,Brighton & Hove Albion,Leicester City,75,1,0,1,76,5,10,28,-40.4,-23.6,-43.0,1524.0,0.515638846904035,0.568499736487861,2,3,4.696869500058884
177,12436613,Premier League,24/25,2025-04-12 14:00:00,Nottingham Forest,Everton,60,1,0,1,61,5,10,14,-35.0,-16.5,-16.0,-560.0,0.072939328849316,0.544032663106926,1,3,1.0161797618493507
177,12436613,Premier League,24/25,2025-04-12 14:00:00,Nottingham Forest,Everton,65,1,0,1,66,5,10,16,19.0,-8.0,8.0,-465.0,0.075206149369478,0.148145478218794,2,3,1.0913859112188287
177,12436613,Premier League,24/25,2025-04-12 14:00:00,Nottingham Forest,Everton,70,1,0,1,71,5,10,17,-27.8,-4.4,-33.0,-604.0,0.031182739883661,0.106388889253139,1,3,1.12256865110249
177,12436613,Premier League,24/25,2025-04-12 14:00:00,Nottingham Forest,Everton,75,1,0,1,76,5,10,19,-29.6,-28.7,11.0,-752.0,0.26025837287307,0.291441112756731,2,3,1.3828270239755598
178,12436614,Premier League,24/25,2025-04-12 14:00:00,Southampton,Aston Villa,60,1,0,1,61,5,10,22,-27.6,-38.1,33.0,-1768.0,0.08342080749571301,0.10479946434497801,2,3,1.039072562009094
178,12436614,Premier League,24/25,2025-04-12 14:00:00,Southampton,Aston Villa,65,1,0,1,66,5,10,24,6.0,-10.8,44.0,-1738.0,0.056580809876322996,0.140001617372036,2,4,1.095653371885417
178,12436614,Premier League,24/25,2025-04-12 14:00:00,Southampton,Aston Villa,70,1,0,1,71,5,10,25,-13.4,-3.7,-16.0,-1805.0,0.7884,0.844980809876323,1,3,1.884053371885417
178,12436614,Premier League,24/25,2025-04-12 14:00:00,Southampton,Aston Villa,75,1,0,1,76,5,10,26,-61.6,-37.5,-53.0,-2113.0,0.27794510126114,1.06634510126114,1,2,2.1619984731465567
172,12436608,Premier League,24/25,2025-04-12 16:30:00,Arsenal,Brentford,60,1,0,1,61,5,10,10,20.4,12.1,11.0,850.0,0.0,0.0,0,0,0.5622436385601811
172,12436608,Premier League,24/25,2025-04-12 16:30:00,Arsenal,Brentford,65,1,0,1,66,5,10,11,42.8,31.6,50.0,1064.0,0.26385137438774,0.26385137438774,1,1,0.8260950129479211
172,12436608,Premier League,24/25,2025-04-12 16:30:00,Arsenal,Brentford,70,1,0,1,71,5,10,11,5.8,24.3,-39.0,1093.0,0.0,0.26385137438774,0,1,0.8260950129479211
172,12436608,Premier League,24/25,2025-04-12 16:30:00,Arsenal,Brentford,75,1,0,1,76,5,10,12,-7.8,-1.0,-56.0,1054.0,0.12266956269741,0.12266956269741,1,1,0.948764575645331
173,12436609,Premier League,24/25,2025-04-13 13:00:00,Chelsea,Ipswich Town,60,1,0,1,61,5,10,29,20.4,20.0,-55.0,1378.0,0.10458663851022801,0.35161376558243895,3,7,2.080768933519718
173,12436609,Premier League,24/25,2025-04-13 13:00:00,Chelsea,Ipswich Town,65,1,0,1,66,5,10,30,-9.8,5.3,-25.0,1329.0,0.062853455543518,0.167440094053746,1,4,2.143622389063236
173,12436609,Premier League,24/25,2025-04-13 13:00:00,Chelsea,Ipswich Town,70,1,0,1,71,5,10,35,32.4,11.3,44.0,1491.0,0.15702903363853699,0.219882489182055,5,6,2.300651422701773
173,12436609,Premier League,24/25,2025-04-13 13:00:00,Chelsea,Ipswich Town,75,1,0,1,76,5,10,35,65.2,48.8,18.0,1817.0,0.0,0.15702903363853699,0,5,2.300651422701773
176,12436612,Premier League,24/25,2025-04-13 13:00:00,Liverpool FC,West Ham United,60,1,0,1,61,5,10,16,6.6,14.1,-24.0,1296.0,0.0,0.0,0,0,2.180661929771299
176,12436612,Premier League,24/25,2025-04-13 13:00:00,Liverpool FC,West Ham United,65,1,0,1,66,5,10,17,-21.8,-7.6,-15.0,1187.0,0.11135298758745,0.11135298758745,1,1,2.292014917358749
176,12436612,Premier League,24/25,2025-04-13 13:00:00,Liverpool FC,West Ham United,70,1,0,1,71,5,10,18,-13.2,-17.5,0.0,1121.0,0.38668155670166,0.49803454428911,1,2,2.6786964740604087
176,12436612,Premier League,24/25,2025-04-13 13:00:00,Liverpool FC,West Ham United,75,1,0,1,76,5,10,19,-10.6,-11.9,11.0,1068.0,0.026883697137237,0.413565253838897,1,2,2.705580171197646
181,12436617,Premier League,24/25,2025-04-13 13:00:00,Wolverhampton,Tottenham Hotspur,60,1,0,1,61,5,10,14,7.0,3.7,-20.0,-445.0,0.20760741457343299,0.20760741457343299,2,2,1.9191982820630071
181,12436617,Premier League,24/25,2025-04-13 13:00:00,Wolverhampton,Tottenham Hotspur,65,1,0,1,66,5,10,15,-13.4,-3.2,1.0,-512.0,0.67287504673004,0.880482461303473,1,3,2.592073328793047
181,12436617,Premier League,24/25,2025-04-13 13:00:00,Wolverhampton,Tottenham Hotspur,70,1,0,1,71,5,10,16,-20.2,-16.8,-14.0,-613.0,0.067523807287216,0.7403988540172559,1,2,2.6595971360802633
181,12436617,Premier League,24/25,2025-04-13 13:00:00,Wolverhampton,Tottenham Hotspur,75,1,0,1,76,5,10,18,23.8,1.8,25.0,-494.0,0.146918319165707,0.214442126452923,2,3,2.80651545524597
175,12436611,Premier League,24/25,2025-04-13 15:30:00,Newcastle United,Manchester United,60,1,0,1,61,5,10,14,5.2,3.9,12.0,621.0,0.0,0.0,0,0,1.576649923808876
175,12436611,Premier League,24/25,2025-04-13 15:30:00,Newcastle United,Manchester United,65,1,0,1,66,5,10,16,38.8,22.0,37.0,815.0,0.324960350990295,0.324960350990295,2,2,1.9016102747991708
175,12436611,Premier League,24/25,2025-04-13 15:30:00,Newcastle United,Manchester United,70,1,0,1,71,5,10,16,3.4,21.1,-2.0,832.0,0.0,0.324960350990295,0,2,1.9016102747991708
175,12436611,Premier League,24/25,2025-04-13 15:30:00,Newcastle United,Manchester United,75,1,0,1,76,5,10,18,0.6,2.0,-25.0,835.0,0.18103171885013297,0.18103171885013297,2,2,2.082641993649304
379,13560222,Premier League,24/25,2025-04-14 19:00:00,Bournemouth,Fulham,60,1,0,1,61,5,10,20,22.2,11.7,14.0,111.0,0.0,0.342468377202754,0,2,2.287303924560553
379,13560222,Premier League,24/25,2025-04-14 19:00:00,Bournemouth,Fulham,65,1,0,1,66,5,10,21,12.6,17.4,-73.0,174.0,0.010168006643653,0.010168006643653,1,1,2.297471931204206
379,13560222,Premier League,24/25,2025-04-14 19:00:00,Bournemouth,Fulham,70,1,0,1,71,5,10,23,-47.8,-17.6,-36.0,-65.0,0.16059454530477502,0.17076255194842802,2,3,2.458066476508981
379,13560222,Premier League,24/25,2025-04-14 19:00:00,Bournemouth,Fulham,75,1,0,1,76,5,10,24,-24.6,-36.2,-1.0,-188.0,0.0491280592978,0.20972260460257502,1,3,2.5071945358067813
347,12437031,Premier League,24/25,2025-04-16 18:30:00,Newcastle United,Crystal Palace,60,1,0,1,61,5,10,19,16.8,30.7,-20.0,869.0,0.071448996663094,0.272663742303844,1,2,2.921062279531358
347,12437031,Premier League,24/25,2025-04-16 18:30:00,Newcastle United,Crystal Palace,65,1,0,1,66,5,10,20,11.8,14.3,-11.0,928.0,0.20353905856609,0.274988055229184,1,2,3.124601338097448
347,12437031,Premier League,24/25,2025-04-16 18:30:00,Newcastle United,Crystal Palace,70,1,0,1,71,5,10,21,-41.4,-14.8,-22.0,721.0,0.038296509534121,0.241835568100211,1,2,3.1628978476315686
347,12437031,Premier League,24/25,2025-04-16 18:30:00,Newcastle United,Crystal Palace,75,1,0,1,76,5,10,21,17.4,-12.0,74.0,808.0,0.0,0.038296509534121,0,1,3.1628978476315686
121,12436554,Premier League,24/25,2025-04-19 14:00:00,West Ham United,Southampton,60,1,0,1,61,5,10,17,9.0,8.7,9.0,109.0,0.273391742259263,0.284815933555364,3,4,0.966010281816119
121,12436554,Premier League,24/25,2025-04-19 14:00:00,West Ham United,Southampton,65,1,0,1,66,5,10,18,14.2,11.6,-21.0,180.0,0.024392222985625,0.29778396524488804,1,4,0.9904025048017439
121,12436554,Premier League,24/25,2025-04-19 14:00:00,West Ham United,Southampton,70,1,0,1,71,5,10,20,10.4,12.3,-36.0,232.0,0.10289529152214599,0.12728751450777098,2,3,1.09329779632389
121,12436554,Premier League,24/25,2025-04-19 14:00:00,West Ham United,Southampton,75,1,0,1,76,5,10,21,-18.8,-4.2,-8.0,138.0,0.035466622561216,0.13836191408336201,1,3,1.128764418885106
180,12436616,Premier League,24/25,2025-04-19 14:00:00,Crystal Palace,Bournemouth,60,1,0,1,61,5,10,12,-28.8,-22.5,-44.0,-737.0,0.051798935979605,0.10677385330200201,1,3,0.6220239512622319
180,12436616,Premier League,24/25,2025-04-19 14:00:00,Crystal Palace,Bournemouth,65,1,0,1,66,5,10,15,9.4,-9.7,45.0,-690.0,0.166205920279026,0.218004856258631,3,4,0.7882298715412579
180,12436616,Premier League,24/25,2025-04-19 14:00:00,Crystal Palace,Bournemouth,70,1,0,1,71,5,10,17,-36.4,-13.5,-13.0,-872.0,0.055631124414503,0.221837044693529,2,5,0.8438609959557609
180,12436616,Premier League,24/25,2025-04-19 14:00:00,Crystal Palace,Bournemouth,75,1,0,1,76,5,10,17,-51.2,-43.8,-6.0,-1128.0,0.0,0.055631124414503,0,2,0.8438609959557609
183,12436619,Premier League,24/25,2025-04-19 14:00:00,Brentford,Brighton & Hove Albion,60,1,0,1,61,5,10,18,53.8,47.1,-16.0,336.0,0.2538058757782,0.8611133843660441,2,5,2.2510138843208622
183,12436619,Premier League,24/25,2025-04-19 14:00:00,Brentford,Brighton & Hove Albion,65,1,0,1,66,5,10,19,32.8,43.3,19.0,500.0,0.27542969584465,0.52923557162285,1,3,2.526443580165512
183,12436619,Premier League,24/25,2025-04-19 14:00:00,Brentford,Brighton & Hove Albion,70,1,0,1,71,5,10,20,37.8,35.3,-2.0,689.0,0.020672731101513,0.296102426946163,1,2,2.547116311267025
183,12436619,Premier League,24/25,2025-04-19 14:00:00,Brentford,Brighton & Hove Albion,75,1,0,1,76,5,10,20,32.8,35.3,-15.0,853.0,0.0,0.020672731101513,0,1,2.547116311267025
192,12436628,Premier League,24/25,2025-04-19 14:00:00,Everton,Manchester City,60,1,0,1,60,5,10,7,-15.6,-8.0,-24.0,-157.0,0.0,0.0,0,0,0.987638441845781
192,12436628,Premier League,24/25,2025-04-19 14:00:00,Everton,Manchester City,65,1,0,1,65,5,10,10,5.6,-5.0,10.0,-129.0,0.179693169891834,0.179693169891834,3,3,1.1673316117376151
192,12436628,Premier League,24/25,2025-04-19 14:00:00,Everton,Manchester City,70,1,0,1,70,5,10,12,-23.4,-8.9,-41.0,-246.0,0.137617401778699,0.317310571670533,2,5,1.304949013516314
192,12436628,Premier League,24/25,2025-04-19 14:00:00,Everton,Manchester City,75,1,0,1,75,5,10,15,-19.6,-21.5,-11.0,-344.0,0.155264720320702,0.292882122099401,3,5,1.4602137338370165
179,12436615,Premier League,24/25,2025-04-19 16:30:00,Aston Villa,Newcastle United,60,1,0,1,61,5,10,22,34.8,39.6,49.0,648.0,0.08110236003995,0.240425262600184,2,4,1.7948847822845
179,12436615,Premier League,24/25,2025-04-19 16:30:00,Aston Villa,Newcastle United,65,1,0,1,66,5,10,26,33.0,33.9,30.0,813.0,0.684564162045717,0.765666522085667,4,6,2.4794489443302172
179,12436615,Premier League,24/25,2025-04-19 16:30:00,Aston Villa,Newcastle United,70,1,0,1,71,5,10,27,-17.2,7.9,-127.0,727.0,0.047623101621866,0.732187263667583,1,5,2.527072045952083
179,12436615,Premier League,24/25,2025-04-19 16:30:00,Aston Villa,Newcastle United,75,1,0,1,76,5,10,30,2.6,-7.3,73.0,740.0,0.263485431671141,0.31110853329300703,3,4,2.790557477623224
182,12436618,Premier League,24/25,2025-04-20 13:00:00,Fulham,Chelsea,60,1,0,1,61,5,10,10,1.4,-9.4,53.0,-623.0,0.232510477304456,0.256938690319655,2,3,0.7308591157197899
182,12436618,Premier League,24/25,2025-04-20 13:00:00,Fulham,Chelsea,65,1,0,1,66,5,10,12,-46.4,-22.5,-11.0,-855.0,0.079161498695612,0.311671976000068,2,4,0.8100206144154021
182,12436618,Premier League,24/25,2025-04-20 13:00:00,Fulham,Chelsea,70,1,0,1,71,5,10,14,-29.8,-38.1,-41.0,-1004.0,0.101978618651628,0.18114011734723998,2,4,0.9119992330670301
182,12436618,Premier League,24/25,2025-04-20 13:00:00,Fulham,Chelsea,75,1,0,1,76,5,10,14,-22.4,-26.1,9.0,-1116.0,0.0,0.101978618651628,0,2,0.9119992330670301
184,12436620,Premier League,24/25,2025-04-20 13:00:00,Ipswich Town,Arsenal,60,1,0,1,61,5,10,15,-25.8,-23.6,26.0,-2016.0,0.066629819571972,0.066629819571972,1,1,2.022360594943173
184,12436620,Premier League,24/25,2025-04-20 13:00:00,Ipswich Town,Arsenal,65,1,0,1,66,5,10,18,-40.6,-33.2,13.0,-2219.0,0.140863612294197,0.207493431866169,3,4,2.16322420723737
184,12436620,Premier League,24/25,2025-04-20 13:00:00,Ipswich Town,Arsenal,70,1,0,1,71,5,10,21,-41.8,-41.2,-54.0,-2428.0,0.124094542115927,0.264958154410124,3,6,2.2873187493532967
184,12436620,Premier League,24/25,2025-04-20 13:00:00,Ipswich Town,Arsenal,75,1,0,1,76,5,10,21,-15.0,-28.4,23.0,-2503.0,0.0,0.124094542115927,0,3,2.2873187493532967
186,12436622,Premier League,24/25,2025-04-20 13:00:00,Manchester United,Wolverhampton,60,1,0,1,61,5,10,7,-31.0,-19.4,-59.0,722.0,0.098564453423023,0.098564453423023,1,1,0.312367327511311
186,12436622,Premier League,24/25,2025-04-20 13:00:00,Manchester United,Wolverhampton,65,1,0,1,66,5,10,7,-16.8,-23.9,30.0,638.0,0.0,0.098564453423023,0,1,0.312367327511311
186,12436622,Premier League,24/25,2025-04-20 13:00:00,Manchester United,Wolverhampton,70,1,0,1,71,5,10,7,13.0,-1.9,45.0,703.0,0.0,0.0,0,0,0.312367327511311
186,12436622,Premier League,24/25,2025-04-20 13:00:00,Manchester United,Wolverhampton,75,1,0,1,76,5,10,10,32.2,22.6,28.0,864.0,0.543911788612605,0.543911788612605,3,3,0.856279116123916
190,12436626,Premier League,24/25,2025-04-20 15:30:00,Leicester City,Liverpool FC,60,1,0,1,61,5,10,21,-76.6,-63.4,-43.0,-2068.0,0.45035544037819,0.77931398153305,2,4,1.7013925563078327
190,12436626,Premier League,24/25,2025-04-20 15:30:00,Leicester City,Liverpool FC,65,1,0,1,66,5,10,22,-18.4,-47.5,19.0,-2160.0,0.063649497926235,0.514004938304425,1,3,1.7650420542340675
190,12436626,Premier League,24/25,2025-04-20 15:30:00,Leicester City,Liverpool FC,70,1,0,1,71,5,10,23,2.6,-7.9,45.0,-2147.0,0.018992645666003,0.08264214359223801,1,2,1.7840346999000707
190,12436626,Premier League,24/25,2025-04-20 15:30:00,Leicester City,Liverpool FC,75,1,0,1,76,5,10,24,-6.0,-1.7,-46.0,-2177.0,0.046820618212223,0.065813263878226,1,2,1.8308553181122937
104,12436537,Premier League,24/25,2025-04-21 19:00:00,Tottenham Hotspur,Nottingham Forest,60,1,0,1,61,5,10,16,24.8,26.7,0.0,1186.0,0.0,0.388382128439849,0,3,1.8729994287714282
104,12436537,Premier League,24/25,2025-04-21 19:00:00,Tottenham Hotspur,Nottingham Forest,65,1,0,1,66,5,10,17,19.4,22.1,42.0,1283.0,0.065960682928562,0.065960682928562,1,1,1.9389601116999902
104,12436537,Premier League,24/25,2025-04-21 19:00:00,Tottenham Hotspur,Nottingham Forest,70,1,0,1,71,5,10,18,49.6,34.5,14.0,1531.0,0.1884740293026,0.254434712231162,1,2,2.12743414100259
104,12436537,Premier League,24/25,2025-04-21 19:00:00,Tottenham Hotspur,Nottingham Forest,75,1,0,1,76,5,10,20,40.2,44.9,9.0,1732.0,0.111328840255738,0.299802869558338,2,3,2.238762981258328
118,12436551,Premier League,24/25,2025-04-22 19:00:00,Manchester City,Aston Villa,60,1,0,1,61,5,10,14,32.6,41.8,-13.0,922.0,0.197931807488203,0.197931807488203,4,4,2.1162184551745646
118,12436551,Premier League,24/25,2025-04-22 19:00:00,Manchester City,Aston Villa,65,1,0,1,66,5,10,16,11.6,22.1,-5.0,980.0,0.38862287160009007,0.5865546790882931,2,6,2.504841326774655
118,12436551,Premier League,24/25,2025-04-22 19:00:00,Manchester City,Aston Villa,70,1,0,1,71,5,10,17,25.4,18.5,11.0,1107.0,0.074130095541477,0.46275296714156705,1,3,2.578971422316132
118,12436551,Premier League,24/25,2025-04-22 19:00:00,Manchester City,Aston Villa,75,1,0,1,76,5,10,18,20.6,23.0,45.0,1210.0,0.062233287841082,0.136363383382559,1,2,2.6412047101572145
114,12436547,Premier League,24/25,2025-04-23 19:00:00,Arsenal,Crystal Palace,60,1,0,1,61,5,10,16,0.6,24.6,-94.0,546.0,0.0,0.0,0,0,1.910290904343126
114,12436547,Premier League,24/25,2025-04-23 19:00:00,Arsenal,Crystal Palace,65,1,0,1,66,5,10,18,11.6,6.1,-14.0,604.0,0.2833342552185,0.2833342552185,2,2,2.1936251595616256
114,12436547,Premier League,24/25,2025-04-23 19:00:00,Arsenal,Crystal Palace,70,1,0,1,71,5,10,20,-60.2,-24.3,-30.0,303.0,0.37123630940914404,0.654570564627644,2,4,2.56486146897077
114,12436547,Premier League,24/25,2025-04-23 19:00:00,Arsenal,Crystal Palace,75,1,0,1,76,5,10,20,11.0,-24.6,110.0,358.0,0.0,0.37123630940914404,0,2,2.56486146897077
117,12436550,Premier League,24/25,2025-04-26 11:30:00,Chelsea,Everton,60,1,0,1,61,5,10,8,31.6,23.5,21.0,1101.0,0.0,0.02608934789896,0,1,0.623324541375034
117,12436550,Premier League,24/25,2025-04-26 11:30:00,Chelsea,Everton,65,1,0,1,66,5,10,9,3.6,17.6,-52.0,1119.0,0.03018269687891,0.03018269687891,1,1,0.6535072382539441
117,12436550,Premier League,24/25,2025-04-26 11:30:00,Chelsea,Everton,70,1,0,1,71,5,10,11,-27.4,-11.9,-55.0,982.0,0.067153103649616,0.097335800528526,2,3,0.7206603419035601
117,12436550,Premier League,24/25,2025-04-26 11:30:00,Chelsea,Everton,75,1,0,1,76,5,10,14,6.0,-10.7,98.0,1012.0,0.42509531602263295,0.49224841967224897,3,5,1.145755657926193
106,12436539,Premier League,24/25,2025-04-26 14:00:00,Southampton,Fulham,60,1,0,1,61,5,10,21,-62.6,-46.7,-14.0,-1352.0,0.5402946844696981,0.614277117885648,4,7,1.702179866842926
106,12436539,Premier League,24/25,2025-04-26 14:00:00,Southampton,Fulham,65,1,0,1,66,5,10,23,-8.6,-35.6,82.0,-1395.0,0.055501818656921,0.595796503126619,2,6,1.757681685499847
106,12436539,Premier League,24/25,2025-04-26 14:00:00,Southampton,Fulham,70,1,0,1,71,5,10,24,-12.6,-10.6,-22.0,-1458.0,0.023150067776442,0.078651886433363,1,3,1.780831753276289
106,12436539,Premier League,24/25,2025-04-26 14:00:00,Southampton,Fulham,75,1,0,1,76,5,10,26,-20.6,-16.6,-53.0,-1561.0,0.243162680417294,0.266312748193736,2,3,2.0239944336935833
112,12436545,Premier League,24/25,2025-04-26 14:00:00,Newcastle United,Ipswich Town,60,1,0,1,61,5,10,21,35.0,29.7,-6.0,1722.0,0.42810902930795697,0.580620175227518,2,5,2.661779583470521
112,12436545,Premier League,24/25,2025-04-26 14:00:00,Newcastle United,Ipswich Town,65,1,0,1,66,5,10,22,68.8,51.9,54.0,2066.0,0.021498061716557,0.44960709102451396,1,3,2.6832776451870775
112,12436545,Premier League,24/25,2025-04-26 14:00:00,Newcastle United,Ipswich Town,70,1,0,1,71,5,10,22,41.0,54.9,-32.0,2271.0,0.0,0.021498061716557,0,1,2.6832776451870775
112,12436545,Premier League,24/25,2025-04-26 14:00:00,Newcastle United,Ipswich Town,75,1,0,1,76,5,10,23,34.2,37.6,-43.0,2442.0,0.021049797534943,0.021049797534943,1,1,2.704327442722021
113,12436546,Premier League,24/25,2025-04-26 14:00:00,Brighton & Hove Albion,West Ham United,60,1,0,1,61,5,10,21,3.2,21.8,-46.0,387.0,0.105319669470192,0.209742864593865,3,6,1.233408672735099
113,12436546,Premier League,24/25,2025-04-26 14:00:00,Brighton & Hove Albion,West Ham United,65,1,0,1,66,5,10,23,-35.8,-16.3,-28.0,208.0,0.165681011974808,0.271000681445,2,5,1.399089684709907
113,12436546,Premier League,24/25,2025-04-26 14:00:00,Brighton & Hove Albion,West Ham United,70,1,0,1,71,5,10,23,26.6,-4.6,144.0,341.0,0.0,0.165681011974808,0,2,1.399089684709907
113,12436546,Premier League,24/25,2025-04-26 14:00:00,Brighton & Hove Albion,West Ham United,75,1,0,1,76,5,10,25,49.4,38.0,11.0,588.0,0.132694471627474,0.132694471627474,2,2,1.531784156337381
124,12436558,Premier League,24/25,2025-04-26 14:00:00,Wolverhampton,Leicester City,60,1,0,1,61,5,10,19,15.6,11.0,24.0,1062.0,0.081844918429852,0.70106066949666,1,5,1.779099075123668
124,12436558,Premier League,24/25,2025-04-26 14:00:00,Wolverhampton,Leicester City,65,1,0,1,66,5,10,20,-14.4,0.6,-47.0,990.0,0.026800960302353,0.108645878732205,1,2,1.8059000354260208
124,12436558,Premier League,24/25,2025-04-26 14:00:00,Wolverhampton,Leicester City,70,1,0,1,71,5,10,20,-22.4,-18.4,-30.0,878.0,0.0,0.026800960302353,0,1,1.8059000354260208
124,12436558,Premier League,24/25,2025-04-26 14:00:00,Wolverhampton,Leicester City,75,1,0,1,76,5,10,21,-31.8,-27.1,-4.0,719.0,0.7884,0.7884,1,1,2.5943000354260217
102,12436535,Premier League,24/25,2025-04-27 13:00:00,Bournemouth,Manchester United,60,1,0,1,61,5,10,15,12.2,17.6,-20.0,236.0,0.115355409681797,0.115355409681797,2,2,1.2896900800988087
102,12436535,Premier League,24/25,2025-04-27 13:00:00,Bournemouth,Manchester United,65,1,0,1,66,5,10,17,-0.4,5.9,-37.0,234.0,0.264241021126507,0.37959643080830396,2,4,1.5539311012253156
102,12436535,Premier League,24/25,2025-04-27 13:00:00,Bournemouth,Manchester United,70,1,0,1,71,5,10,18,-44.6,-22.5,-99.0,11.0,0.014278779737651,0.278519800864158,1,3,1.5682098809629668
102,12436535,Premier League,24/25,2025-04-27 13:00:00,Bournemouth,Manchester United,75,1,0,1,76,5,10,18,-12.2,-28.4,81.0,-50.0,0.0,0.014278779737651,0,1,1.5682098809629668
111,12436544,Premier League,24/25,2025-04-27 15:30:00,Liverpool FC,Tottenham Hotspur,60,1,0,1,61,5,10,21,45.0,43.8,31.0,1007.0,0.280137646943331,0.36666326224804,5,8,1.847335315309466
111,12436544,Premier League,24/25,2025-04-27 15:30:00,Liverpool FC,Tottenham Hotspur,65,1,0,1,66,5,10,25,19.0,32.0,-81.0,1102.0,0.19822972826659502,0.478367375209926,4,9,2.0455650435760613
111,12436544,Premier League,24/25,2025-04-27 15:30:00,Liverpool FC,Tottenham Hotspur,70,1,0,1,71,5,10,29,58.0,38.5,8.0,1392.0,0.340588161721825,0.53881788998842,4,8,2.386153205297886
111,12436544,Premier League,24/25,2025-04-27 15:30:00,Liverpool FC,Tottenham Hotspur,75,1,0,1,76,5,10,30,-1.4,28.3,-58.0,1385.0,0.015873344615102,0.35646150633692697,1,5,2.402026549912988
119,12436552,Premier League,24/25,2025-05-01 18:30:00,Nottingham Forest,Brentford,60,1,0,1,61,5,10,14,24.0,27.0,19.0,207.0,0.020106364041567,0.116862678900361,1,4,1.089997693896287
119,12436552,Premier League,24/25,2025-05-01 18:30:00,Nottingham Forest,Brentford,65,1,0,1,66,5,10,15,11.6,17.8,-20.0,265.0,0.1305958032608,0.15070216730236702,1,2,1.220593497157087
119,12436552,Premier League,24/25,2025-05-01 18:30:00,Nottingham Forest,Brentford,70,1,0,1,71,5,10,19,18.4,15.0,65.0,357.0,0.546910226345063,0.677506029605863,4,5,1.7675037235021502
119,12436552,Premier League,24/25,2025-05-01 18:30:00,Nottingham Forest,Brentford,75,1,0,1,76,5,10,20,-19.4,-0.5,-56.0,260.0,0.080139175057411,0.6270494014024741,1,5,1.847642898559561
128,12436562,Premier League,24/25,2025-05-02 19:00:00,Manchester City,Wolverhampton,60,1,0,1,61,5,10,13,-25.4,-8.7,-43.0,432.0,0.021566070616245,0.021566070616245,1,1,1.023300489410762
128,12436562,Premier League,24/25,2025-05-02 19:00:00,Manchester City,Wolverhampton,65,1,0,1,66,5,10,13,17.8,-3.8,31.0,521.0,0.0,0.021566070616245,0,1,1.023300489410762
128,12436562,Premier League,24/25,2025-05-02 19:00:00,Manchester City,Wolverhampton,70,1,0,1,71,5,10,15,18.2,18.0,71.0,612.0,0.115330748260021,0.115330748260021,2,2,1.1386312376707832
128,12436562,Premier League,24/25,2025-05-02 19:00:00,Manchester City,Wolverhampton,75,1,0,1,76,5,10,15,23.4,20.8,49.0,729.0,0.0,0.115330748260021,0,2,1.1386312376707832
120,12436553,Premier League,24/25,2025-05-03 11:30:00,Aston Villa,Fulham,60,1,0,1,61,5,10,11,-7.8,-3.3,21.0,91.0,0.0,0.32069078087807,0,1,0.8265929780900501
120,12436553,Premier League,24/25,2025-05-03 11:30:00,Aston Villa,Fulham,65,1,0,1,66,5,10,14,31.6,11.9,33.0,249.0,0.294582039117814,0.294582039117814,3,3,1.1211750172078638
120,12436553,Premier League,24/25,2025-05-03 11:30:00,Aston Villa,Fulham,70,1,0,1,71,5,10,14,3.0,17.3,39.0,264.0,0.0,0.294582039117814,0,3,1.1211750172078638
120,12436553,Premier League,24/25,2025-05-03 11:30:00,Aston Villa,Fulham,75,1,0,1,76,5,10,15,-1.4,0.8,6.0,257.0,0.03813960775733,0.03813960775733,1,1,1.159314624965194
137,12436571,Premier League,24/25,2025-05-03 14:00:00,Leicester City,Southampton,60,1,0,1,61,5,10,15,-23.2,-1.3,-26.0,403.0,0.15236307680607,0.4999261647462899,1,3,1.557731906883432
137,12436571,Premier League,24/25,2025-05-03 14:00:00,Leicester City,Southampton,65,1,0,1,66,5,10,16,-2.2,-12.7,57.0,392.0,0.053538493812084,0.205901570618154,1,2,1.6112704006955159
137,12436571,Premier League,24/25,2025-05-03 14:00:00,Leicester City,Southampton,70,1,0,1,71,5,10,17,-19.2,-10.7,-30.0,296.0,0.058957174420357,0.112495668232441,1,2,1.670227575115873
137,12436571,Premier League,24/25,2025-05-03 14:00:00,Leicester City,Southampton,75,1,0,1,76,5,10,18,27.2,4.0,63.0,432.0,0.073663644492626,0.132620818912983,1,2,1.743891219608499
138,12436572,Premier League,24/25,2025-05-03 14:00:00,Everton,Ipswich Town,60,1,0,1,61,5,10,16,-10.4,-14.3,23.0,495.0,0.055157363414764,0.055157363414764,1,1,0.981794467195853
138,12436572,Premier League,24/25,2025-05-03 14:00:00,Everton,Ipswich Town,65,1,0,1,66,5,10,16,35.8,12.7,109.0,674.0,0.0,0.055157363414764,0,1,0.981794467195853
138,12436572,Premier League,24/25,2025-05-03 14:00:00,Everton,Ipswich Town,70,1,0,1,71,5,10,16,36.2,36.0,-8.0,855.0,0.0,0.0,0,0,0.981794467195853
138,12436572,Premier League,24/25,2025-05-03 14:00:00,Everton,Ipswich Town,75,1,0,1,76,5,10,16,-10.6,12.8,-75.0,802.0,0.0,0.0,0,0,0.981794467195853
110,12436543,Premier League,24/25,2025-05-03 16:30:00,Arsenal,Bournemouth,60,1,0,1,61,5,10,14,26.0,30.0,-3.0,449.0,0.029421770945191,0.277781451120971,1,3,1.7962514050304843
110,12436543,Premier League,24/25,2025-05-03 16:30:00,Arsenal,Bournemouth,65,1,0,1,66,5,10,16,3.4,14.7,-21.0,466.0,0.062638081610203,0.092059852555394,2,3,1.8588894866406869
110,12436543,Premier League,24/25,2025-05-03 16:30:00,Arsenal,Bournemouth,70,1,0,1,71,5,10,17,-14.4,-5.5,-22.0,394.0,0.14943332970142,0.21207141131162302,1,3,2.008322816342107
110,12436543,Premier League,24/25,2025-05-03 16:30:00,Arsenal,Bournemouth,75,1,0,1,76,5,10,20,-26.6,-20.5,-56.0,261.0,0.253332447260621,0.40276577696204097,3,4,2.261655263602728
126,12436560,Premier League,24/25,2025-05-04 13:00:00,Brentford,Manchester United,60,1,0,1,61,5,10,14,-7.6,-6.9,-22.0,921.0,0.734965465962888,0.734965465962888,5,5,2.5988031253218598
126,12436560,Premier League,24/25,2025-05-04 13:00:00,Brentford,Manchester United,65,1,0,1,66,5,10,16,-6.2,-6.9,-20.0,890.0,0.055549871176481,0.7905153371393691,2,7,2.654352996498341
126,12436560,Premier League,24/25,2025-05-04 13:00:00,Brentford,Manchester United,70,1,0,1,71,5,10,20,-26.4,-16.3,-47.0,758.0,0.600822251290078,0.6563721224665591,4,6,3.2551752477884186
126,12436560,Premier League,24/25,2025-05-04 13:00:00,Brentford,Manchester United,75,1,0,1,76,5,10,21,35.0,4.3,77.0,933.0,0.7380798459053,1.338902097195378,1,5,3.993255093693718
131,12436565,Premier League,24/25,2025-05-04 13:00:00,West Ham United,Tottenham Hotspur,60,1,0,1,61,5,10,11,-9.6,-6.5,-31.0,109.0,0.119795702397823,0.251825772225856,2,5,1.188976544886827
131,12436565,Premier League,24/25,2025-05-04 13:00:00,West Ham United,Tottenham Hotspur,65,1,0,1,66,5,10,12,-24.2,-16.9,19.0,-12.0,0.037809316068888,0.157605018466711,1,3,1.226785860955715
131,12436565,Premier League,24/25,2025-05-04 13:00:00,West Ham United,Tottenham Hotspur,70,1,0,1,71,5,10,12,-0.4,-12.3,22.0,-14.0,0.0,0.037809316068888,0,1,1.226785860955715
131,12436565,Premier League,24/25,2025-05-04 13:00:00,West Ham United,Tottenham Hotspur,75,1,0,1,76,5,10,13,-4.6,-2.5,-9.0,-37.0,0.069455482065678,0.069455482065678,1,1,1.296241343021393
133,12436567,Premier League,24/25,2025-05-04 13:00:00,Brighton & Hove Albion,Newcastle United,60,1,0,1,61,5,10,9,-32.2,-17.0,-37.0,-519.0,0.159342240542175,0.253982473164798,2,3,0.666583949699992
133,12436567,Premier League,24/25,2025-05-04 13:00:00,Brighton & Hove Albion,Newcastle United,65,1,0,1,66,5,10,10,7.0,-12.6,42.0,-484.0,0.19609187543392,0.355434115976095,1,3,0.862675825133912
133,12436567,Premier League,24/25,2025-05-04 13:00:00,Brighton & Hove Albion,Newcastle United,70,1,0,1,71,5,10,11,-29.0,-11.0,-42.0,-629.0,0.11905606091022,0.31514793634414,1,2,0.9817318860441321
133,12436567,Premier League,24/25,2025-05-04 13:00:00,Brighton & Hove Albion,Newcastle United,75,1,0,1,76,5,10,11,-4.0,-16.5,17.0,-649.0,0.0,0.11905606091022,0,1,0.9817318860441321
129,12436563,Premier League,24/25,2025-05-04 15:30:00,Chelsea,Liverpool FC,60,1,0,1,61,5,10,14,26.0,13.6,40.0,20.0,0.47818160057068,0.47818160057068,2,2,1.94941355660559
129,12436563,Premier League,24/25,2025-05-04 15:30:00,Chelsea,Liverpool FC,65,1,0,1,66,5,10,16,0.6,13.3,-12.0,23.0,0.07180839497595999,0.54998999554664,2,4,2.02122195158155
129,12436563,Premier League,24/25,2025-05-04 15:30:00,Chelsea,Liverpool FC,70,1,0,1,71,5,10,20,-48.0,-23.7,-118.0,-217.0,0.470734465867279,0.542542860843239,4,6,2.491956417448829
129,12436563,Premier League,24/25,2025-05-04 15:30:00,Chelsea,Liverpool FC,75,1,0,1,76,5,10,20,-56.2,-52.1,-8.0,-498.0,0.0,0.470734465867279,0,4,2.491956417448829
127,12436561,Premier League,24/25,2025-05-05 19:00:00,Crystal Palace,Nottingham Forest,60,1,0,1,61,5,10,20,5.8,6.6,13.0,138.0,0.7884,0.810772480481863,1,2,2.3720261659860573
127,12436561,Premier League,24/25,2025-05-05 19:00:00,Crystal Palace,Nottingham Forest,65,1,0,1,66,5,10,23,-6.0,-0.1,-44.0,108.0,0.126452006399631,0.914852006399631,3,4,2.4984781723856884
127,12436561,Premier League,24/25,2025-05-05 19:00:00,Crystal Palace,Nottingham Forest,70,1,0,1,71,5,10,23,0.8,-2.6,-13.0,112.0,0.0,0.126452006399631,0,3,2.4984781723856884
127,12436561,Premier League,24/25,2025-05-05 19:00:00,Crystal Palace,Nottingham Forest,75,1,0,1,76,5,10,25,31.4,16.1,54.0,269.0,0.050315630622207994,0.050315630622207994,2,2,2.548793803007896
130,12436564,Premier League,24/25,2025-05-10 14:00:00,Ipswich Town,Brentford,60,1,0,1,61,5,10,13,-14.4,-15.5,-11.0,-507.0,0.12407233566046,0.192915327847006,1,2,0.8736073728650819
130,12436564,Premier League,24/25,2025-05-10 14:00:00,Ipswich Town,Brentford,65,1,0,1,66,5,10,15,-18.8,-16.6,-18.0,-601.0,0.33161501586437,0.45568735152483,2,3,1.2052223887294522
130,12436564,Premier League,24/25,2025-05-10 14:00:00,Ipswich Town,Brentford,70,1,0,1,71,5,10,19,-32.0,-25.4,-41.0,-761.0,0.30519543401897,0.63681044988334,4,6,1.5104178227484222
130,12436564,Premier League,24/25,2025-05-10 14:00:00,Ipswich Town,Brentford,75,1,0,1,76,5,10,20,-6.4,-19.2,100.0,-793.0,0.040445148944855,0.345640582963825,1,5,1.5508629716932771
132,12436566,Premier League,24/25,2025-05-10 14:00:00,Fulham,Everton,60,1,0,1,61,5,10,21,28.2,10.6,90.0,419.0,0.033652916550636,0.352516129612927,1,4,1.4033042602241166
132,12436566,Premier League,24/25,2025-05-10 14:00:00,Fulham,Everton,65,1,0,1,66,5,10,22,29.2,28.7,-40.0,565.0,0.054485857486725,0.088138774037361,1,2,1.4577901177108414
132,12436566,Premier League,24/25,2025-05-10 14:00:00,Fulham,Everton,70,1,0,1,71,5,10,23,19.4,24.3,-27.0,662.0,0.17372666299343,0.228212520480155,1,2,1.6315167807042716
132,12436566,Premier League,24/25,2025-05-10 14:00:00,Fulham,Everton,75,1,0,1,76,5,10,24,-15.4,2.0,-22.0,585.0,0.03256993740797,0.20629660040140002,1,2,1.6640867181122414
141,12436575,Premier League,24/25,2025-05-10 14:00:00,Southampton,Manchester City,60,1,0,1,61,5,10,14,-23.4,-22.9,-15.0,-1519.0,0.19372469559312,0.247581630945207,4,5,0.925575372762982
141,12436575,Premier League,24/25,2025-05-10 14:00:00,Southampton,Manchester City,65,1,0,1,66,5,10,15,-46.8,-35.1,-71.0,-1753.0,0.20472805202007,0.39845274761319,1,5,1.130303424783052
141,12436575,Premier League,24/25,2025-05-10 14:00:00,Southampton,Manchester City,70,1,0,1,71,5,10,17,-9.6,-28.2,52.0,-1801.0,0.110812164843083,0.315540216863153,2,3,1.241115589626135
141,12436575,Premier League,24/25,2025-05-10 14:00:00,Southampton,Manchester City,75,1,0,1,76,5,10,17,-37.0,-23.3,11.0,-1986.0,0.0,0.110812164843083,0,2,1.241115589626135
147,12436581,Premier League,24/25,2025-05-10 14:00:00,Wolverhampton,Brighton & Hove Albion,60,1,0,1,61,5,10,13,23.0,17.3,-12.0,665.0,0.081397823989391,0.081397823989391,1,1,1.738016036377842
147,12436581,Premier League,24/25,2025-05-10 14:00:00,Wolverhampton,Brighton & Hove Albion,65,1,0,1,66,5,10,15,-13.2,4.9,-13.0,599.0,0.15250574797391903,0.23390357196331002,2,3,1.890521784351761
147,12436581,Premier League,24/25,2025-05-10 14:00:00,Wolverhampton,Brighton & Hove Albion,70,1,0,1,71,5,10,15,-11.0,-12.1,-19.0,544.0,0.0,0.15250574797391903,0,2,1.890521784351761
147,12436581,Premier League,24/25,2025-05-10 14:00:00,Wolverhampton,Brighton & Hove Albion,75,1,0,1,76,5,10,15,-12.0,-11.5,-5.0,484.0,0.0,0.0,0,0,1.890521784351761
136,12436570,Premier League,24/25,2025-05-10 16:30:00,Bournemouth,Aston Villa,60,1,0,1,61,5,10,8,28.2,20.0,9.0,509.0,0.0,0.0,0,0,1.068056523799902
136,12436570,Premier League,24/25,2025-05-10 16:30:00,Bournemouth,Aston Villa,65,1,0,1,66,5,10,8,6.8,17.5,-24.0,543.0,0.0,0.0,0,0,1.068056523799902
136,12436570,Premier League,24/25,2025-05-10 16:30:00,Bournemouth,Aston Villa,70,1,0,1,71,5,10,9,16.0,11.4,15.0,623.0,0.0090550547465682,0.0090550547465682,1,1,1.0771115785464702
136,12436570,Premier League,24/25,2025-05-10 16:30:00,Bournemouth,Aston Villa,75,1,0,1,76,5,10,9,15.8,15.9,53.0,702.0,0.0,0.0090550547465682,0,1,1.0771115785464702
139,12436573,Premier League,24/25,2025-05-11 11:00:00,Newcastle United,Chelsea,60,1,0,1,61,5,10,20,3.8,-11.7,21.0,362.0,0.049121499061584,0.049121499061584,1,1,2.0411103926599012
139,12436573,Premier League,24/25,2025-05-11 11:00:00,Newcastle United,Chelsea,65,1,0,1,66,5,10,21,-29.8,-13.0,3.0,213.0,0.036798264831305,0.085919763892889,1,2,2.0779086574912062
139,12436573,Premier League,24/25,2025-05-11 11:00:00,Newcastle United,Chelsea,70,1,0,1,71,5,10,22,-11.8,-20.8,-18.0,154.0,0.026378139853477,0.063176404684782,1,2,2.1042867973446833
139,12436573,Premier League,24/25,2025-05-11 11:00:00,Newcastle United,Chelsea,75,1,0,1,76,5,10,22,20.2,4.2,34.0,255.0,0.0,0.026378139853477,0,1,2.1042867973446833
135,12436569,Premier League,24/25,2025-05-11 13:15:00,Manchester United,West Ham United,60,1,0,1,61,5,10,14,14.8,21.9,-13.0,72.0,0.384329177439211,0.44088396430015403,2,3,1.8946610558777923
135,12436569,Premier League,24/25,2025-05-11 13:15:00,Manchester United,West Ham United,65,1,0,1,66,5,10,15,7.8,11.3,-54.0,111.0,0.12346864491701,0.507797822356221,1,3,2.0181297007948023
135,12436569,Premier League,24/25,2025-05-11 13:15:00,Manchester United,West Ham United,70,1,0,1,71,5,10,16,38.4,23.1,58.0,303.0,0.12574395537376,0.24921260029077003,1,2,2.1438736561685623
135,12436569,Premier League,24/25,2025-05-11 13:15:00,Manchester United,West Ham United,75,1,0,1,76,5,10,19,26.2,32.3,28.0,434.0,0.400924529880284,0.526668485254044,3,4,2.5447981860488462
140,12436574,Premier League,24/25,2025-05-11 13:15:00,Nottingham Forest,Leicester City,60,1,0,1,61,5,10,16,49.0,36.1,11.0,872.0,0.225428406149151,0.34951215051114803,2,5,1.705266147851948
140,12436574,Premier League,24/25,2025-05-11 13:15:00,Nottingham Forest,Leicester City,65,1,0,1,66,5,10,16,15.4,32.2,-33.0,949.0,0.0,0.225428406149151,0,2,1.705266147851948
140,12436574,Premier League,24/25,2025-05-11 13:15:00,Nottingham Forest,Leicester City,70,1,0,1,71,5,10,18,-17.2,-0.9,-73.0,863.0,0.203531228005881,0.203531228005881,2,2,1.908797375857829
140,12436574,Premier League,24/25,2025-05-11 13:15:00,Nottingham Forest,Leicester City,75,1,0,1,76,5,10,18,-8.8,-13.0,-16.0,819.0,0.0,0.203531228005881,0,2,1.908797375857829
149,12436583,Premier League,24/25,2025-05-11 13:15:00,Tottenham Hotspur,Crystal Palace,60,1,0,1,61,5,10,24,13.4,-17.8,96.0,-1079.0,0.0,0.51300730928779,0,3,3.0246867304667813
149,12436583,Premier League,24/25,2025-05-11 13:15:00,Tottenham Hotspur,Crystal Palace,65,1,0,1,66,5,10,24,3.8,8.6,-8.0,-1060.0,0.0,0.0,0,0,3.0246867304667813
149,12436583,Premier League,24/25,2025-05-11 13:15:00,Tottenham Hotspur,Crystal Palace,70,1,0,1,71,5,10,26,-50.6,-23.4,-60.0,-1313.0,0.496375456452371,0.496375456452371,2,2,3.5210621869191527
149,12436583,Premier League,24/25,2025-05-11 13:15:00,Tottenham Hotspur,Crystal Palace,75,1,0,1,76,5,10,27,4.6,-23.0,52.0,-1290.0,0.034448623657227,0.530824080109598,1,3,3.5555108105763797
134,12436568,Premier League,24/25,2025-05-11 15:30:00,Liverpool FC,Arsenal,60,1,0,1,61,5,10,18,-2.8,-26.5,3.0,-388.0,0.025262260809541,0.185084162279964,1,4,3.4035393847152497
134,12436568,Premier League,24/25,2025-05-11 15:30:00,Liverpool FC,Arsenal,65,1,0,1,66,5,10,20,-50.6,-26.7,-56.0,-641.0,0.23337106406688599,0.258633324876427,2,3,3.6369104487821358
134,12436568,Premier League,24/25,2025-05-11 15:30:00,Liverpool FC,Arsenal,70,1,0,1,71,5,10,22,-16.2,-33.4,18.0,-722.0,0.82656176760793,1.059932831674816,2,4,4.463472216390066
134,12436568,Premier League,24/25,2025-05-11 15:30:00,Liverpool FC,Arsenal,75,1,0,1,76,5,10,22,-33.2,-24.7,20.0,-888.0,0.0,0.82656176760793,0,2,4.463472216390066
143,12436577,Premier League,24/25,2025-05-16 18:30:00,Aston Villa,Tottenham Hotspur,60,1,0,1,61,5,10,12,9.0,7.5,19.0,1426.0,0.351495802402498,0.351495802402498,2,2,1.494378769770265
143,12436577,Premier League,24/25,2025-05-16 18:30:00,Aston Villa,Tottenham Hotspur,65,1,0,1,66,5,10,13,44.0,26.5,36.0,1646.0,0.095440343022346,0.446936145424844,1,3,1.589819112792611
143,12436577,Premier League,24/25,2025-05-16 18:30:00,Aston Villa,Tottenham Hotspur,70,1,0,1,71,5,10,17,33.6,38.8,28.0,1814.0,0.17590468376874902,0.271345026791095,4,5,1.76572379656136
143,12436577,Premier League,24/25,2025-05-16 18:30:00,Aston Villa,Tottenham Hotspur,75,1,0,1,76,5,10,19,31.2,32.4,22.0,1970.0,0.073614250868559,0.249518934637308,2,6,1.839338047429919
148,12436582,Premier League,24/25,2025-05-16 19:15:00,Chelsea,Manchester United,60,1,0,1,61,5,10,11,-17.8,-11.3,-20.0,175.0,0.0,0.154281336814169,0,2,0.7961889579892171
148,12436582,Premier League,24/25,2025-05-16 19:15:00,Chelsea,Manchester United,65,1,0,1,66,5,10,11,-3.6,-10.7,20.0,157.0,0.0,0.0,0,0,0.7961889579892171
148,12436582,Premier League,24/25,2025-05-16 19:15:00,Chelsea,Manchester United,70,1,0,1,71,5,10,11,7.4,1.9,-5.0,194.0,0.0,0.0,0,0,0.7961889579892171
148,12436582,Premier League,24/25,2025-05-16 19:15:00,Chelsea,Manchester United,75,1,0,1,76,5,10,13,25.4,16.4,33.0,321.0,0.24500012397766602,0.24500012397766602,2,2,1.0411890819668832
145,12436579,Premier League,24/25,2025-05-18 11:00:00,Everton,Southampton,60,1,0,1,61,5,10,12,36.0,24.0,61.0,1378.0,0.22528953105211502,0.306275166571143,2,3,2.6976996436715197
145,12436579,Premier League,24/25,2025-05-18 11:00:00,Everton,Southampton,65,1,0,1,66,5,10,15,-6.6,14.7,-25.0,1345.0,0.378016006201507,0.603305537253622,3,5,3.075715649873027
145,12436579,Premier League,24/25,2025-05-18 11:00:00,Everton,Southampton,70,1,0,1,71,5,10,15,17.4,5.4,-53.0,1432.0,0.0,0.378016006201507,0,3,3.075715649873027
145,12436579,Premier League,24/25,2025-05-18 11:00:00,Everton,Southampton,75,1,0,1,76,5,10,15,-0.6,8.4,-10.0,1429.0,0.0,0.0,0,0,3.075715649873027
100,12436533,Premier League,24/25,2025-05-18 13:15:00,West Ham United,Nottingham Forest,60,1,0,1,61,5,10,13,15.6,18.2,-2.0,265.0,0.019117753952742,0.019117753952742,1,1,1.946140879765151
100,12436533,Premier League,24/25,2025-05-18 13:15:00,West Ham United,Nottingham Forest,65,1,0,1,66,5,10,14,-11.4,2.1,-49.0,208.0,0.28494584560394,0.304063599556682,1,2,2.231086725369091
100,12436533,Premier League,24/25,2025-05-18 13:15:00,West Ham United,Nottingham Forest,70,1,0,1,71,5,10,14,-25.2,-18.3,-66.0,82.0,0.0,0.28494584560394,0,1,2.231086725369091
100,12436533,Premier League,24/25,2025-05-18 13:15:00,West Ham United,Nottingham Forest,75,1,0,1,76,5,10,18,32.6,3.7,49.0,245.0,0.32042348477988897,0.32042348477988897,4,4,2.55151021014898
101,12436534,Premier League,24/25,2025-05-18 14:00:00,Leicester City,Ipswich Town,60,1,0,1,61,5,10,17,-18.2,-20.2,18.0,-647.0,0.23346814513206202,0.37998918443918,2,5,1.405042448081075
101,12436534,Premier League,24/25,2025-05-18 14:00:00,Leicester City,Ipswich Town,65,1,0,1,66,5,10,21,27.2,4.5,74.0,-511.0,0.26672955229878403,0.5001976974308461,4,6,1.6717720003798588
101,12436534,Premier League,24/25,2025-05-18 14:00:00,Leicester City,Ipswich Town,70,1,0,1,71,5,10,23,7.0,17.1,7.0,-476.0,0.22489332035184,0.49162287265062404,2,6,1.8966653207316988
101,12436534,Premier League,24/25,2025-05-18 14:00:00,Leicester City,Ipswich Town,75,1,0,1,76,5,10,25,12.8,9.9,-36.0,-412.0,0.072614273056388,0.29750759340822797,2,4,1.969279593788087
152,12436586,Premier League,24/25,2025-05-18 14:00:00,Brentford,Fulham,60,1,0,1,61,5,10,20,-11.8,-17.7,14.0,203.0,0.080899491906166,0.211543327197432,1,4,3.3833890036135923
152,12436586,Premier League,24/25,2025-05-18 14:00:00,Brentford,Fulham,65,1,0,1,66,5,10,20,1.0,-5.4,42.0,208.0,0.0,0.080899491906166,0,1,3.3833890036135923
152,12436586,Premier League,24/25,2025-05-18 14:00:00,Brentford,Fulham,70,1,0,1,71,5,10,22,-12.4,-5.7,-39.0,146.0,0.156508536078037,0.156508536078037,2,2,3.539897539691629
152,12436586,Premier League,24/25,2025-05-18 14:00:00,Brentford,Fulham,75,1,0,1,76,5,10,23,-9.0,-10.7,-24.0,101.0,0.12063194066286,0.277140476740897,1,3,3.6605294803544894
151,12436585,Premier League,24/25,2025-05-18 15:30:00,Arsenal,Newcastle United,60,1,0,1,60,5,10,19,27.6,41.6,-66.0,873.0,0.030286733061075,0.173153031617403,1,3,2.0218325871974123
151,12436585,Premier League,24/25,2025-05-18 15:30:00,Arsenal,Newcastle United,65,1,0,1,65,5,10,20,2.4,15.0,-24.0,885.0,0.033439815044403,0.063726548105478,1,2,2.055272402241815
151,12436585,Premier League,24/25,2025-05-18 15:30:00,Arsenal,Newcastle United,70,1,0,1,70,5,10,21,8.6,5.5,13.0,928.0,0.019491670653224,0.052931485697627,1,2,2.074764072895039
151,12436585,Premier League,24/25,2025-05-18 15:30:00,Arsenal,Newcastle United,75,1,0,1,75,5,10,22,-19.4,-5.4,-67.0,831.0,0.081939779222012,0.101431449875236,1,2,2.156703852117051
156,12436590,Premier League,24/25,2025-05-19 19:00:00,Brighton & Hove Albion,Liverpool FC,60,1,0,1,61,5,10,28,17.6,34.6,-40.0,764.0,0.20561420265584698,0.8461797395721,3,8,2.690373201854522
156,12436590,Premier League,24/25,2025-05-19 19:00:00,Brighton & Hove Albion,Liverpool FC,65,1,0,1,66,5,10,31,20.8,19.2,-3.0,868.0,0.171114932745694,0.37672913540154096,3,6,2.8614881346002163
156,12436590,Premier League,24/25,2025-05-19 19:00:00,Brighton & Hove Albion,Liverpool FC,70,1,0,1,71,5,10,35,-41.2,-10.2,-76.0,662.0,0.5519320312887339,0.7230469640344279,4,7,3.4134201658889505
156,12436590,Premier League,24/25,2025-05-19 19:00:00,Brighton & Hove Albion,Liverpool FC,75,1,0,1,76,5,10,35,16.2,-12.5,58.0,743.0,0.0,0.5519320312887339,0,4,3.4134201658889505
158,12436592,Premier League,24/25,2025-05-20 19:00:00,Crystal Palace,Wolverhampton,60,1,0,1,61,5,10,12,-28.4,-14.0,-27.0,-75.0,0.11507628113031,0.11507628113031,1,1,1.8611903842538589
158,12436592,Premier League,24/25,2025-05-20 19:00:00,Crystal Palace,Wolverhampton,65,1,0,1,66,5,10,14,-53.4,-40.9,-32.0,-342.0,0.35211096704006,0.46718724817037,2,3,2.2133013512939193
158,12436592,Premier League,24/25,2025-05-20 19:00:00,Crystal Palace,Wolverhampton,70,1,0,1,71,5,10,15,-19.4,-36.4,3.0,-439.0,0.030328715220094,0.382439682260154,1,3,2.243630066514013
158,12436592,Premier League,24/25,2025-05-20 19:00:00,Crystal Palace,Wolverhampton,75,1,0,1,76,5,10,16,-6.8,-13.1,25.0,-473.0,0.023964049294591,0.054292764514684996,1,2,2.267594115808604
380,13854588,Premier League,24/25,2025-05-20 19:00:00,Manchester City,Bournemouth,60,1,0,1,61,5,10,16,-3.2,14.5,-25.0,784.0,0.079918473958969,0.127674650400877,1,3,2.199220121838145
380,13854588,Premier League,24/25,2025-05-20 19:00:00,Manchester City,Bournemouth,65,1,0,1,66,5,10,17,12.2,4.5,-9.0,845.0,0.01623765937984,0.09615613333880901,1,2,2.215457781217985
380,13854588,Premier League,24/25,2025-05-20 19:00:00,Manchester City,Bournemouth,70,1,0,1,71,5,10,17,23.2,17.7,16.0,961.0,0.0,0.01623765937984,0,1,2.215457781217985
380,13854588,Premier League,24/25,2025-05-20 19:00:00,Manchester City,Bournemouth,75,1,0,1,76,5,10,17,-10.0,6.6,-36.0,911.0,0.0,0.0,0,0,2.215457781217985
103,12436536,Premier League,24/25,2025-05-25 15:00:00,Bournemouth,Leicester City,60,1,0,1,61,5,10,15,27.8,26.9,26.0,1514.0,0.019143899902701,0.34343705885112,1,5,1.282666964456428
103,12436536,Premier League,24/25,2025-05-25 15:00:00,Bournemouth,Leicester City,65,1,0,1,66,5,10,15,20.2,24.0,-6.0,1615.0,0.0,0.019143899902701,0,1,1.282666964456428
103,12436536,Premier League,24/25,2025-05-25 15:00:00,Bournemouth,Leicester City,70,1,0,1,71,5,10,16,28.6,24.4,-18.0,1758.0,0.18589152395725,0.18589152395725,1,1,1.468558488413678
103,12436536,Premier League,24/25,2025-05-25 15:00:00,Bournemouth,Leicester City,75,1,0,1,76,5,10,17,16.2,22.4,-38.0,1839.0,0.13980856537819,0.32570008933544004,1,2,1.608367053791868
105,12436538,Premier League,24/25,2025-05-25 15:00:00,Ipswich Town,West Ham United,60,1,0,1,61,5,10,17,-14.4,-15.7,114.0,-359.0,0.012447103857994,0.199591454118491,1,4,1.285034621134399
105,12436538,Premier League,24/25,2025-05-25 15:00:00,Ipswich Town,West Ham United,65,1,0,1,66,5,10,18,19.8,2.7,43.0,-260.0,0.029130797833204,0.041577901691198,1,2,1.3141654189676029
105,12436538,Premier League,24/25,2025-05-25 15:00:00,Ipswich Town,West Ham United,70,1,0,1,71,5,10,19,25.8,22.8,-19.0,-131.0,0.19526536762714,0.224396165460344,1,2,1.5094307865947432
105,12436538,Premier League,24/25,2025-05-25 15:00:00,Ipswich Town,West Ham United,75,1,0,1,76,5,10,19,3.6,14.7,-48.0,-113.0,0.0,0.19526536762714,0,1,1.5094307865947432
107,12436540,Premier League,24/25,2025-05-25 15:00:00,Manchester United,Aston Villa,60,1,0,1,61,5,10,17,63.4,47.3,14.0,1509.0,0.214915711432696,0.243424812331796,3,4,1.503194423392416
107,12436540,Premier League,24/25,2025-05-25 15:00:00,Manchester United,Aston Villa,65,1,0,1,66,5,10,18,-8.2,27.6,-36.0,1468.0,0.048783909529448,0.263699620962144,1,4,1.5519783329218642
107,12436540,Premier League,24/25,2025-05-25 15:00:00,Manchester United,Aston Villa,70,1,0,1,71,5,10,20,31.4,11.6,-7.0,1625.0,0.092424526810646,0.141208436340094,2,3,1.64440285973251
107,12436540,Premier League,24/25,2025-05-25 15:00:00,Manchester United,Aston Villa,75,1,0,1,76,5,10,21,22.6,27.0,44.0,1738.0,0.054935485124588,0.147360011935234,1,3,1.699338344857098
108,12436541,Premier League,24/25,2025-05-25 15:00:00,Newcastle United,Everton,60,1,0,1,61,5,10,17,-12.6,-27.2,52.0,215.0,0.04456502944231,0.20146953314542698,1,3,1.1433389969170158
108,12436541,Premier League,24/25,2025-05-25 15:00:00,Newcastle United,Everton,65,1,0,1,66,5,10,18,-1.4,-7.0,-10.0,208.0,0.076147742569447,0.120712772011757,1,2,1.2194867394864628
108,12436541,Premier League,24/25,2025-05-25 15:00:00,Newcastle United,Everton,70,1,0,1,71,5,10,20,11.6,5.1,25.0,266.0,0.08047155663371,0.15661929920315698,2,3,1.2999582961201728
108,12436541,Premier League,24/25,2025-05-25 15:00:00,Newcastle United,Everton,75,1,0,1,76,5,10,22,38.0,24.8,94.0,456.0,0.135080460458994,0.215552017092704,2,4,1.4350387565791671
109,12436542,Premier League,24/25,2025-05-25 15:00:00,Wolverhampton,Brentford,60,1,0,1,61,5,10,22,10.2,28.8,-79.0,415.0,0.19935300946236,0.36849800497293805,1,3,1.9366013342514674
109,12436542,Premier League,24/25,2025-05-25 15:00:00,Wolverhampton,Brentford,65,1,0,1,66,5,10,23,-26.0,-7.9,-39.0,285.0,0.038102593272924,0.23745560273528402,1,2,1.9747039275243912
109,12436542,Premier League,24/25,2025-05-25 15:00:00,Wolverhampton,Brentford,70,1,0,1,71,5,10,24,-14.2,-20.1,-2.0,214.0,0.058680281043053,0.096782874315977,1,2,2.033384208567444
109,12436542,Premier League,24/25,2025-05-25 15:00:00,Wolverhampton,Brentford,75,1,0,1,76,5,10,26,-27.0,-20.6,8.0,79.0,0.06848506256938,0.127165343612433,2,3,2.101869271136824
115,12436548,Premier League,24/25,2025-05-25 15:00:00,Liverpool FC,Crystal Palace,60,1,0,1,61,5,10,10,26.6,17.0,-9.0,1387.0,0.0058282036334276,0.0425033960491416,1,2,2.1017551394179486
115,12436548,Premier League,24/25,2025-05-25 15:00:00,Liverpool FC,Crystal Palace,65,1,0,1,66,5,10,12,17.6,22.1,4.0,1475.0,0.5563458427786869,0.5621740464121145,2,3,2.6581009821966353
115,12436548,Premier League,24/25,2025-05-25 15:00:00,Liverpool FC,Crystal Palace,70,1,0,1,71,5,10,16,8.4,13.0,-16.0,1517.0,0.35596557520329897,0.912311417981986,4,6,3.014066557399935
115,12436548,Premier League,24/25,2025-05-25 15:00:00,Liverpool FC,Crystal Palace,75,1,0,1,76,5,10,18,50.8,29.6,129.0,1771.0,0.33933725953102,0.6953028347343189,2,6,3.353403816930955
116,12436549,Premier League,24/25,2025-05-25 15:00:00,Southampton,Arsenal,60,1,0,1,61,5,10,20,0.6,1.4,-36.0,-504.0,0.613032681867482,0.7728011105209571,5,7,2.119009894318864
116,12436549,Premier League,24/25,2025-05-25 15:00:00,Southampton,Arsenal,65,1,0,1,66,5,10,20,-12.2,-5.8,-19.0,-565.0,0.0,0.613032681867482,0,5,2.119009894318864
116,12436549,Premier League,24/25,2025-05-25 15:00:00,Southampton,Arsenal,70,1,0,1,71,5,10,24,-36.6,-24.4,-14.0,-748.0,0.416840961202981,0.416840961202981,4,4,2.5358508555218453
116,12436549,Premier League,24/25,2025-05-25 15:00:00,Southampton,Arsenal,75,1,0,1,76,5,10,24,-13.0,-24.8,31.0,-813.0,0.0,0.416840961202981,0,4,2.5358508555218453
122,12436556,Premier League,24/25,2025-05-25 15:00:00,Nottingham Forest,Chelsea,60,1,0,1,61,5,10,7,7.6,-4.0,62.0,-63.0,0.0,0.020951570942998,0,1,1.4903725888580093
122,12436556,Premier League,24/25,2025-05-25 15:00:00,Nottingham Forest,Chelsea,65,1,0,1,66,5,10,10,25.4,16.5,47.0,64.0,0.062511441297829,0.062511441297829,3,3,1.552884030155838
122,12436556,Premier League,24/25,2025-05-25 15:00:00,Nottingham Forest,Chelsea,70,1,0,1,71,5,10,10,15.6,20.5,46.0,142.0,0.0,0.062511441297829,0,3,1.552884030155838
122,12436556,Premier League,24/25,2025-05-25 15:00:00,Nottingham Forest,Chelsea,75,1,0,1,76,5,10,10,14.8,15.2,-3.0,216.0,0.0,0.0,0,0,1.552884030155838
123,12436557,Premier League,24/25,2025-05-25 15:00:00,Tottenham Hotspur,Brighton & Hove Albion,60,1,0,1,61,5,10,18,-42.6,-49.4,58.0,-1261.0,0.62015003710985,0.918707069009546,2,6,2.741564121136076
123,12436557,Premier League,24/25,2025-05-25 15:00:00,Tottenham Hotspur,Brighton & Hove Albion,65,1,0,1,66,5,10,22,-54.0,-48.3,43.0,-1531.0,0.561527619138364,1.181677656248214,4,6,3.3030917402744406
123,12436557,Premier League,24/25,2025-05-25 15:00:00,Tottenham Hotspur,Brighton & Hove Albion,70,1,0,1,71,5,10,23,-47.0,-50.5,-6.0,-1766.0,0.10757168382406,0.669099302962424,1,5,3.4106634240985003
123,12436557,Premier League,24/25,2025-05-25 15:00:00,Tottenham Hotspur,Brighton & Hove Albion,75,1,0,1,76,5,10,23,-36.8,-41.9,-41.0,-1950.0,0.0,0.10757168382406,0,1,3.4106634240985003
125,12436559,Premier League,24/25,2025-05-25 15:00:00,Fulham,Manchester City,60,1,0,1,61,5,10,25,-13.2,-16.0,25.0,-1147.0,0.12056189775467,0.677156107500195,1,5,3.064162095077332
125,12436559,Premier League,24/25,2025-05-25 15:00:00,Fulham,Manchester City,65,1,0,1,66,5,10,25,-2.4,-7.8,20.0,-1159.0,0.0,0.12056189775467,0,1,3.064162095077332
125,12436559,Premier League,24/25,2025-05-25 15:00:00,Fulham,Manchester City,70,1,0,1,71,5,10,26,11.4,4.5,11.0,-1102.0,0.12316458672285,0.12316458672285,1,1,3.187326681800182
125,12436559,Premier League,24/25,2025-05-25 15:00:00,Fulham,Manchester City,75,1,0,1,76,5,10,27,-10.2,0.6,-17.0,-1153.0,0.7884,0.91156458672285,1,2,3.975726681800182
