match_id,sofascore_event_id,league,season,match_date,team_name,opponent_team,is_home,history_matches_available,history_window_3_complete,history_window_5_complete,history_window_10_complete,is_early_season,goals_for_avg_last_3,goals_for_avg_last_5,goals_for_avg_last_10,shots_for_avg_last_5,shots_on_target_for_avg_last_5,big_chances_for_avg_last_5,goals_against_avg_last_3,goals_against_avg_last_5,goals_against_avg_last_10,shots_against_avg_last_5,shots_on_target_against_avg_last_5,big_chances_against_avg_last_5,goals_for_avg_season_to_date,goals_against_avg_season_to_date,shots_for_avg_season_to_date,shots_against_avg_season_to_date,shots_on_target_for_avg_season_to_date,shots_on_target_against_avg_season_to_date,big_chances_for_avg_season_to_date,big_chances_against_avg_season_to_date
196,12436872,Premier League,24/25,2024-08-17 14:00:00,Arsenal,Wolverhampton,1,0,0,0,0,1,,,,,,,,,,,,,,,,,,,,
209,12436886,Premier League,24/25,2024-08-24 16:30:00,Arsenal,Aston Villa,0,1,0,0,0,1,2.0,2.0,2.0,18.0,6.0,2.0,0.0,0.0,0.0,9.0,3.0,1.0,2.0,0.0,18.0,9.0,6.0,3.0,2.0,1.0
229,12436906,Premier League,24/25,2024-08-31 11:30:00,Arsenal,Brighton & Hove Albion,1,2,0,0,0,1,2.0,2.0,2.0,13.5,5.0,2.0,0.0,0.0,0.0,10.0,3.0,1.5,2.0,0.0,13.5,10.0,5.0,3.0,2.0,1.5
272,12436951,Premier League,24/25,2024-09-15 13:00:00,Arsenal,Tottenham Hotspur,0,3,1,0,0,1,1.6666666666666667,1.6666666666666667,1.6666666666666667,12.666666666666666,5.666666666666667,3.0,0.3333333333333333,0.3333333333333333,0.3333333333333333,14.0,3.3333333333333335,2.0,1.6666666666666667,0.3333333333333333,12.666666666666666,14.0,5.666666666666667,3.3333333333333335,3.0,2.0
291,12436971,Premier League,24/25,2024-09-22 15:30:00,Arsenal,Manchester City,0,4,1,0,0,1,1.3333333333333333,1.5,1.5,11.25,5.25,2.75,0.3333333333333333,0.25,0.25,14.25,3.75,1.5,1.5,0.25,11.25,14.25,5.25,3.75,2.75,1.5
303,12436985,Premier League,24/25,2024-09-28 14:00:00,Arsenal,Leicester City,1,5,1,1,0,0,1.3333333333333333,1.6,1.6,10.0,4.8,2.8,1.0,0.6,0.6,18.0,5.2,2.2,1.6,0.6,10.0,18.0,4.8,5.2,2.8,2.2
321,12437004,Premier League,24/25,2024-10-05 14:00:00,Arsenal,Southampton,1,6,1,1,0,0,2.3333333333333335,2.0,2.0,13.4,6.8,4.2,1.3333333333333333,1.0,0.8333333333333334,17.2,5.2,2.0,2.0,0.8333333333333334,14.166666666666666,15.833333333333334,6.666666666666667,4.833333333333333,3.8333333333333335,1.8333333333333333
342,12437026,Premier League,24/25,2024-10-19 16:30:00,Arsenal,Bournemouth,0,7,1,1,0,0,3.0,2.2,2.142857142857143,17.4,7.2,4.6,1.6666666666666667,1.2,0.8571428571428571,16.6,5.0,2.0,2.142857142857143,0.8571428571428571,16.285714285714285,14.714285714285714,6.571428571428571,4.428571428571429,3.857142857142857,1.8571428571428572
355,12437040,Premier League,24/25,2024-10-27 16:30:00,Arsenal,Liverpool FC,1,8,1,1,0,0,2.3333333333333335,2.0,1.875,16.4,6.0,4.0,1.6666666666666667,1.4,1.0,14.8,5.0,2.0,1.875,1.0,15.0,14.5,5.875,4.375,3.625,2.0
370,12437056,Premier League,24/25,2024-11-02 12:30:00,Arsenal,Newcastle United,0,9,1,1,0,0,1.6666666666666667,2.2,1.8888888888888888,16.8,5.8,4.0,1.6666666666666667,1.8,1.1111111111111112,13.6,4.8,2.4,1.8888888888888888,1.1111111111111112,14.333333333333334,13.88888888888889,5.555555555555555,4.333333333333333,3.4444444444444446,2.0
213,12436890,Premier League,24/25,2024-11-10 16:30:00,Arsenal,Chelsea,0,10,1,1,1,0,0.6666666666666666,1.8,1.7,17.8,5.4,3.6,1.6666666666666667,1.6,1.1,8.8,3.4,1.6,1.7,1.1,13.9,13.4,5.1,4.3,3.2,1.9
56,12436489,Premier League,24/25,2024-11-23 15:00:00,Arsenal,Nottingham Forest,1,11,1,1,1,0,1.0,1.2,1.6,13.4,2.8,2.6,1.3333333333333333,1.4,1.2,11.2,3.4,1.8,1.6363636363636365,1.0909090909090908,13.818181818181818,13.727272727272727,4.909090909090909,4.181818181818182,3.272727272727273,1.8181818181818181
237,12436914,Premier League,24/25,2024-11-30 17:30:00,Arsenal,West Ham United,0,12,1,1,1,0,1.3333333333333333,1.2,1.7,11.4,3.0,2.0,0.6666666666666666,1.2,1.2,11.0,3.0,1.4,1.75,1.0,14.25,13.166666666666666,5.083333333333333,3.8333333333333335,3.0833333333333335,1.6666666666666667
256,12436935,Premier League,24/25,2024-12-04 20:15:00,Arsenal,Manchester United,1,13,1,1,1,0,3.0,2.2,2.1,13.4,4.2,2.6,1.0,1.2,1.3,10.8,3.2,1.2,2.0,1.0769230769230769,14.384615384615385,13.076923076923077,5.230769230769231,3.923076923076923,3.230769230769231,1.6923076923076923
26,12436459,Premier League,24/25,2024-12-08 14:00:00,Arsenal,Fulham,0,14,1,1,1,0,3.3333333333333335,2.2,2.2,14.4,4.8,3.2,0.6666666666666666,0.8,1.3,10.0,2.8,0.8,2.0,1.0,14.357142857142858,12.5,5.285714285714286,3.7857142857142856,3.357142857142857,1.5714285714285714
6,12436438,Premier League,24/25,2024-12-14 15:00:00,Arsenal,Everton,1,15,1,1,1,0,2.6666666666666665,2.4,2.1,14.8,5.4,3.8,1.0,0.8,1.2,8.6,2.4,0.6,1.9333333333333333,1.0,14.2,11.8,5.2,3.6666666666666665,3.4,1.4666666666666666
31,12436464,Premier League,24/25,2024-12-21 17:30:00,Arsenal,Crystal Palace,0,16,1,1,1,0,1.0,2.2,1.7,14.8,5.8,3.2,0.3333333333333333,0.6,1.0,5.6,1.8,0.4,1.8125,0.9375,14.125,11.1875,5.1875,3.4375,3.25,1.375
39,12436472,Premier League,24/25,2024-12-27 20:15:00,Arsenal,Ipswich Town,1,17,1,1,1,0,2.0,2.6,1.9,13.8,5.6,4.0,0.6666666666666666,0.8,1.0,7.2,3.0,1.0,2.0,0.9411764705882353,14.117647058823529,11.411764705882353,5.235294117647059,3.588235294117647,3.3529411764705883,1.4705882352941178
1,12436410,Premier League,24/25,2025-01-01 17:30:00,Arsenal,Brentford,0,18,1,1,1,0,2.0,1.8,2.0,13.2,5.2,3.6,0.3333333333333333,0.4,0.8,5.4,2.0,0.6,1.9444444444444444,0.8888888888888888,14.055555555555555,10.944444444444445,5.222222222222222,3.388888888888889,3.3333333333333335,1.3888888888888888
95,12436528,Premier League,24/25,2025-01-04 17:30:00,Arsenal,Brighton & Hove Albion,0,19,1,1,1,0,3.0,2.0,2.1,13.2,5.0,3.0,0.6666666666666666,0.6,0.7,5.4,2.0,0.6,2.0,0.8947368421052632,14.052631578947368,10.631578947368421,5.2105263157894735,3.3157894736842106,3.263157894736842,1.3157894736842106
78,12436511,Premier League,24/25,2025-01-15 20:00:00,Arsenal,Tottenham Hotspur,1,20,1,1,1,0,1.6666666666666667,2.0,2.2,12.6,4.8,3.2,0.6666666666666666,0.6,0.7,7.2,2.4,1.2,1.95,0.9,13.8,10.65,5.1,3.35,3.35,1.4
11,12436443,Premier League,24/25,2025-01-18 17:30:00,Arsenal,Aston Villa,1,21,1,1,1,0,2.0,2.4,2.3,12.8,4.6,3.8,1.0,0.8,0.7,8.8,2.8,1.4,1.9523809523809523,0.9047619047619048,13.80952380952381,10.619047619047619,5.0476190476190474,3.2857142857142856,3.380952380952381,1.380952380952381
232,12436909,Premier League,24/25,2025-01-25 15:00:00,Arsenal,Wolverhampton,0,22,1,1,1,0,1.6666666666666667,1.8,2.2,13.6,4.6,3.2,1.3333333333333333,1.0,0.9,7.4,2.4,1.2,1.9545454545454546,0.9545454545454546,14.0,10.5,5.090909090909091,3.3181818181818183,3.3181818181818183,1.4090909090909092
236,12436913,Premier League,24/25,2025-02-02 16:30:00,Arsenal,Manchester City,1,23,1,1,1,0,1.6666666666666667,1.8,1.8,12.8,4.2,3.2,1.0,1.0,0.7,8.6,3.2,1.4,1.9130434782608696,0.9130434782608695,13.782608695652174,10.434782608695652,5.0,3.347826086956522,3.3043478260869565,1.391304347826087
264,12436943,Premier League,24/25,2025-02-15 12:30:00,Arsenal,Leicester City,0,24,1,1,1,0,2.6666666666666665,2.2,2.1,12.4,4.6,3.2,1.0,1.0,0.8,9.0,3.6,1.6,2.0416666666666665,0.9166666666666666,13.708333333333334,10.291666666666666,5.083333333333333,3.375,3.25,1.375
280,12436960,Premier League,24/25,2025-02-22 15:00:00,Arsenal,West Ham United,1,25,1,1,1,0,2.6666666666666665,2.4,2.2,12.8,5.0,2.8,0.3333333333333333,0.8,0.7,8.0,3.2,1.2,2.04,0.88,13.6,10.12,5.08,3.32,3.24,1.36
294,12436974,Premier League,24/25,2025-02-26 19:30:00,Arsenal,Nottingham Forest,0,26,1,1,1,0,2.3333333333333335,2.0,2.2,14.0,4.6,2.2,0.6666666666666666,0.8,0.8,7.0,3.2,1.2,1.9615384615384615,0.8846153846153846,13.846153846153847,9.923076923076923,4.961538461538462,3.269230769230769,3.1538461538461537,1.3461538461538463
322,12437005,Premier League,24/25,2025-03-09 16:30:00,Arsenal,Manchester United,0,27,1,1,1,0,0.6666666666666666,1.6,1.7,13.0,3.6,2.2,0.3333333333333333,0.4,0.7,6.6,2.8,1.0,1.8888888888888888,0.8518518518518519,13.814814814814815,9.777777777777779,4.814814814814815,3.2222222222222223,3.111111111111111,1.3333333333333333
333,12437017,Premier League,24/25,2025-03-16 13:30:00,Arsenal,Chelsea,1,28,1,1,1,0,0.3333333333333333,1.6,1.7,14.6,4.2,2.0,0.6666666666666666,0.6,0.8,6.8,3.2,1.2,1.8571428571428572,0.8571428571428571,13.928571428571429,9.785714285714286,4.857142857142857,3.3214285714285716,3.0714285714285716,1.3571428571428572
146,12436580,Premier League,24/25,2025-04-01 18:45:00,Arsenal,Fulham,1,29,1,1,1,0,0.6666666666666666,0.8,1.5,14.6,3.6,2.0,0.3333333333333333,0.4,0.7,7.0,2.8,1.25,1.8275862068965518,0.8275862068965517,13.862068965517242,9.724137931034482,4.827586206896552,3.2758620689655173,3.0714285714285716,1.3571428571428572
162,12436596,Premier League,24/25,2025-04-05 11:30:00,Arsenal,Everton,0,30,1,1,1,0,1.3333333333333333,0.8,1.6,15.8,3.4,1.75,0.6666666666666666,0.6,0.7,7.6,3.0,1.5,1.8333333333333333,0.8333333333333334,13.966666666666667,9.7,4.8,3.2666666666666666,3.0344827586206895,1.3793103448275863
172,12436608,Premier League,24/25,2025-04-12 16:30:00,Arsenal,Brentford,1,31,1,1,1,0,1.3333333333333333,1.0,1.5,14.6,4.0,1.75,0.6666666666666666,0.6,0.7,7.6,3.0,1.75,1.8064516129032258,0.8387096774193549,13.96774193548387,9.548387096774194,4.806451612903226,3.225806451612903,2.966666666666667,1.4
184,12436620,Premier League,24/25,2025-04-20 13:00:00,Arsenal,Ipswich Town,0,32,1,1,1,0,1.3333333333333333,1.2,1.4,14.8,4.4,1.5,1.0,0.8,0.6,7.0,3.0,1.75,1.78125,0.84375,13.96875,9.34375,4.75,3.1875,2.903225806451613,1.3870967741935485
114,12436547,Premier League,24/25,2025-04-23 19:00:00,Arsenal,Crystal Palace,1,33,1,1,1,0,2.0,1.8,1.7,16.2,4.6,1.75,0.6666666666666666,0.6,0.6,5.8,1.8,1.25,1.8484848484848484,0.8181818181818182,14.272727272727273,9.181818181818182,4.818181818181818,3.090909090909091,2.90625,1.34375
110,12436543,Premier League,24/25,2025-05-03 16:30:00,Arsenal,Bournemouth,1,34,1,1,1,0,2.3333333333333335,2.0,1.4,16.2,5.0,2.2,1.0,1.0,0.7,7.2,2.2,2.0,1.8529411764705883,0.8529411764705882,14.205882352941176,9.352941176470589,4.852941176470588,3.1176470588235294,2.9393939393939394,1.4545454545454546
134,12436568,Premier League,24/25,2025-05-11 15:30:00,Arsenal,Liverpool FC,0,35,1,1,1,0,2.3333333333333335,1.8,1.3,15.4,5.0,2.6,1.3333333333333333,1.2,0.9,7.2,2.0,2.2,1.8285714285714285,0.8857142857142857,14.17142857142857,9.342857142857143,4.828571428571428,3.085714285714286,2.9705882352941178,1.5
151,12436585,Premier League,24/25,2025-05-18 15:30:00,Arsenal,Newcastle United,1,36,1,1,1,0,1.6666666666666667,2.0,1.5,15.6,5.4,3.2,2.0,1.4,1.0,9.0,2.6,2.6,1.8333333333333333,0.9166666666666666,14.194444444444445,9.472222222222221,4.888888888888889,3.138888888888889,3.0,1.5714285714285714
116,12436549,Premier League,24/25,2025-05-25 15:00:00,Arsenal,Southampton,0,37,1,1,1,0,1.3333333333333333,2.0,1.6,15.2,5.6,3.2,1.3333333333333333,1.2,1.0,11.2,3.2,3.0,1.8108108108108107,0.8918918918918919,14.135135135135135,9.594594594594595,4.864864864864865,3.189189189189189,2.9444444444444446,1.6111111111111112
201,12436877,Premier League,24/25,2024-08-17 16:30:00,Aston Villa,West Ham United,0,0,0,0,0,1,,,,,,,,,,,,,,,,,,,,
209,12436886,Premier League,24/25,2024-08-24 16:30:00,Aston Villa,Arsenal,1,1,0,0,0,1,2.0,2.0,2.0,15.0,3.0,4.0,1.0,1.0,1.0,14.0,3.0,4.0,2.0,1.0,15.0,14.0,3.0,3.0,4.0,4.0
240,12436918,Premier League,24/25,2024-08-31 14:00:00,Aston Villa,Leicester City,0,2,0,0,0,1,1.0,1.0,1.0,13.0,3.0,3.0,1.5,1.5,1.5,11.5,3.5,3.0,1.0,1.5,13.0,11.5,3.0,3.5,3.0,3.0
254,12436933,Premier League,24/25,2024-09-14 16:30:00,Aston Villa,Everton,1,3,1,0,0,1,1.3333333333333333,1.3333333333333333,1.3333333333333333,12.0,3.6666666666666665,3.3333333333333335,1.3333333333333333,1.3333333333333333,1.3333333333333333,10.666666666666666,3.3333333333333335,2.3333333333333335,1.3333333333333333,1.3333333333333333,12.0,10.666666666666666,3.6666666666666665,3.3333333333333335,3.3333333333333335,2.3333333333333335
277,12436957,Premier League,24/25,2024-09-21 14:00:00,Aston Villa,Wolverhampton,1,4,1,0,0,1,1.6666666666666667,1.75,1.75,13.25,4.75,4.0,1.6666666666666667,1.5,1.5,9.5,3.0,2.25,1.75,1.5,13.25,9.5,4.75,3.0,4.0,2.25
311,12436993,Premier League,24/25,2024-09-29 13:00:00,Aston Villa,Ipswich Town,0,5,1,1,0,0,2.6666666666666665,2.0,2.0,12.4,4.6,4.2,1.3333333333333333,1.4,1.4,9.6,3.2,1.8,2.0,1.4,12.4,9.6,4.6,3.2,4.2,1.8
323,12437006,Premier League,24/25,2024-10-06 13:00:00,Aston Villa,Manchester United,1,6,1,1,0,0,2.6666666666666665,2.0,2.0,10.8,4.6,3.8,1.6666666666666667,1.6,1.5,9.8,3.6,1.8,2.0,1.5,11.5,10.5,4.333333333333333,3.5,3.8333333333333335,2.1666666666666665
344,12437028,Premier League,24/25,2024-10-19 14:00:00,Aston Villa,Fulham,0,7,1,1,0,0,1.6666666666666667,2.0,1.7142857142857142,10.8,4.2,4.25,1.0,1.2,1.2857142857142858,10.0,3.6,1.75,1.7142857142857142,1.2857142857142858,11.428571428571429,10.428571428571429,3.857142857142857,3.5714285714285716,3.8333333333333335,2.1666666666666665
356,12437041,Premier League,24/25,2024-10-26 14:00:00,Aston Villa,Bournemouth,1,8,1,1,0,0,1.6666666666666667,2.2,1.875,11.6,4.2,3.75,1.0,1.2,1.25,10.2,3.8,2.5,1.875,1.25,11.75,10.375,4.0,3.625,3.5714285714285716,2.4285714285714284
373,12437059,Premier League,24/25,2024-11-03 14:00:00,Aston Villa,Tottenham Hotspur,0,9,1,1,0,0,1.3333333333333333,1.8,1.7777777777777777,11.8,4.2,3.0,0.6666666666666666,1.0,1.2222222222222223,11.0,4.0,2.0,1.7777777777777777,1.2222222222222223,12.444444444444445,10.333333333333334,4.444444444444445,3.5555555555555554,3.5,2.125
51,12436484,Premier League,24/25,2024-11-09 20:00:00,Aston Villa,Liverpool FC,0,10,1,1,1,0,1.6666666666666667,1.4,1.7,12.4,3.6,2.75,2.0,1.6,1.5,12.2,4.4,2.75,1.7,1.5,12.4,10.9,4.1,3.8,3.5555555555555554,2.2222222222222223
60,12436493,Premier League,24/25,2024-11-23 15:00:00,Aston Villa,Crystal Palace,1,11,1,1,1,0,0.6666666666666666,1.0,1.5,13.4,3.4,3.5,2.3333333333333335,1.6,1.6,12.0,4.4,2.75,1.5454545454545454,1.5454545454545454,12.363636363636363,11.181818181818182,3.909090909090909,3.909090909090909,3.7,2.4
65,12436498,Premier League,24/25,2024-12-01 13:30:00,Aston Villa,Chelsea,0,12,1,1,1,0,1.0,1.4,1.7,14.6,4.2,3.6,2.6666666666666665,2.0,1.6,12.6,4.8,3.0,1.5833333333333333,1.5833333333333333,12.75,11.333333333333334,4.0,4.083333333333333,3.727272727272727,2.5454545454545454
263,12436942,Premier League,24/25,2024-12-04 20:15:00,Aston Villa,Brentford,1,13,1,1,1,0,0.6666666666666666,0.8,1.5,13.8,4.0,3.6,2.3333333333333335,2.4,1.8,14.0,5.6,2.6,1.4615384615384615,1.6923076923076923,12.538461538461538,11.76923076923077,4.0,4.384615384615385,3.5833333333333335,2.5
308,12436990,Premier League,24/25,2024-12-07 15:00:00,Aston Villa,Southampton,1,14,1,1,1,0,1.6666666666666667,1.2,1.5,14.2,4.4,3.8,2.0,2.4,1.7,13.8,5.2,2.8,1.5714285714285714,1.6428571428571428,13.071428571428571,11.571428571428571,4.428571428571429,4.142857142857143,3.6153846153846154,2.3846153846153846
15,12436447,Premier League,24/25,2024-12-14 17:30:00,Aston Villa,Nottingham Forest,0,15,1,1,1,0,1.3333333333333333,1.2,1.3,15.4,5.2,4.0,1.3333333333333333,1.6,1.6,11.4,4.0,2.2,1.5333333333333334,1.5333333333333334,13.4,11.066666666666666,4.466666666666667,3.8666666666666667,3.7142857142857144,2.2142857142857144
20,12436453,Premier League,24/25,2024-12-21 12:30:00,Aston Villa,Manchester City,1,16,1,1,1,0,1.6666666666666667,1.4,1.2,14.6,5.2,3.0,1.0,1.6,1.6,12.0,4.2,2.0,1.5,1.5625,13.0625,11.4375,4.3125,4.0,3.466666666666667,2.2666666666666666
44,12436477,Premier League,24/25,2024-12-26 15:00:00,Aston Villa,Newcastle United,0,17,1,1,1,0,1.3333333333333333,1.4,1.4,13.4,5.4,3.0,1.0,1.4,1.7,11.8,4.2,1.6,1.5294117647058822,1.5294117647058822,12.941176470588236,11.470588235294118,4.411764705882353,4.117647058823529,3.5,2.25
97,12436530,Premier League,24/25,2024-12-30 19:45:00,Aston Villa,Brighton & Hove Albion,1,18,1,1,1,0,1.0,1.4,1.1,12.2,4.8,2.6,2.0,1.4,1.9,12.8,4.2,1.8,1.4444444444444444,1.6111111111111112,12.444444444444445,12.055555555555555,4.222222222222222,4.333333333333333,3.2941176470588234,2.2941176470588234
90,12436523,Premier League,24/25,2025-01-04 15:00:00,Aston Villa,Leicester City,1,19,1,1,1,0,1.3333333333333333,1.2,1.2,12.2,3.6,2.4,2.0,1.6,2.0,13.6,4.8,2.0,1.4736842105263157,1.631578947368421,12.842105263157896,12.105263157894736,4.2105263157894735,4.315789473684211,3.2777777777777777,2.2777777777777777
3,12436434,Premier League,24/25,2025-01-15 19:30:00,Aston Villa,Everton,0,20,1,1,1,0,1.3333333333333333,1.4,1.3,11.2,3.6,2.0,2.0,1.8,1.7,13.6,5.2,2.6,1.5,1.6,12.85,11.7,4.25,4.2,3.263157894736842,2.3157894736842106
11,12436443,Premier League,24/25,2025-01-18 17:30:00,Aston Villa,Arsenal,0,21,1,1,1,0,1.6666666666666667,1.4,1.4,11.8,3.8,2.8,1.0,1.4,1.5,12.2,4.6,2.6,1.4761904761904763,1.5238095238095237,12.761904761904763,11.619047619047619,4.190476190476191,4.142857142857143,3.3,2.35
216,12436893,Premier League,24/25,2025-01-26 16:30:00,Aston Villa,West Ham United,1,22,1,1,1,0,1.6666666666666667,1.4,1.4,11.2,3.4,2.4,1.0,1.6,1.5,13.4,4.6,2.6,1.5,1.5454545454545454,12.545454545454545,11.909090909090908,4.181818181818182,4.2272727272727275,3.238095238095238,2.3333333333333335
253,12436932,Premier League,24/25,2025-02-01 17:30:00,Aston Villa,Wolverhampton,0,23,1,1,1,0,1.3333333333333333,1.6,1.5,13.2,4.0,2.4,1.0,1.2,1.3,11.8,3.8,2.8,1.4782608695652173,1.5217391304347827,12.608695652173912,12.0,4.173913043478261,4.217391304347826,3.090909090909091,2.409090909090909
255,12436934,Premier League,24/25,2025-02-15 15:00:00,Aston Villa,Ipswich Town,1,24,1,1,1,0,1.0,1.2,1.2,11.2,3.8,2.0,1.6666666666666667,1.2,1.4,10.8,4.0,3.2,1.4166666666666667,1.5416666666666667,12.5,11.833333333333334,4.125,4.25,3.0,2.4782608695652173
335,12437019,Premier League,24/25,2025-02-19 19:30:00,Aston Villa,Liverpool FC,1,25,1,1,1,0,0.6666666666666666,1.0,1.2,13.6,4.0,2.6,1.3333333333333333,1.2,1.5,10.8,4.2,2.6,1.4,1.52,13.0,11.52,4.2,4.2,3.125,2.375
185,12436621,Premier League,24/25,2025-02-22 17:30:00,Aston Villa,Chelsea,1,26,1,1,1,0,1.0,1.2,1.3,13.2,4.2,2.2,1.6666666666666667,1.6,1.5,12.2,4.2,2.6,1.4230769230769231,1.5384615384615385,12.846153846153847,11.73076923076923,4.1923076923076925,4.153846153846154,3.08,2.4
301,12436983,Premier League,24/25,2025-02-25 19:30:00,Aston Villa,Crystal Palace,0,27,1,1,1,0,1.6666666666666667,1.2,1.3,14.0,4.6,2.4,1.3333333333333333,1.4,1.5,11.6,4.4,2.8,1.4444444444444444,1.5185185185185186,12.814814814814815,11.851851851851851,4.2592592592592595,4.2592592592592595,3.076923076923077,2.423076923076923
312,12436994,Premier League,24/25,2025-03-08 17:30:00,Aston Villa,Brentford,0,28,1,1,1,0,1.6666666666666667,1.2,1.4,12.4,4.2,2.8,2.3333333333333335,2.0,1.6,12.6,4.8,3.2,1.4285714285714286,1.6071428571428572,12.571428571428571,12.107142857142858,4.178571428571429,4.321428571428571,3.037037037037037,2.5555555555555554
150,12436584,Premier League,24/25,2025-04-02 18:45:00,Aston Villa,Brighton & Hove Albion,0,29,1,1,1,0,1.3333333333333333,1.4,1.3,12.8,4.4,3.0,1.6666666666666667,1.6,1.4,13.6,4.4,2.4,1.4137931034482758,1.5517241379310345,12.551724137931034,12.137931034482758,4.172413793103448,4.275862068965517,3.0,2.4642857142857144
163,12436597,Premier League,24/25,2025-04-05 16:30:00,Aston Villa,Nottingham Forest,1,30,1,1,1,0,1.6666666666666667,1.8,1.4,9.4,4.2,2.2,1.3333333333333333,1.4,1.3,15.0,4.6,2.4,1.4666666666666666,1.5,12.4,12.1,4.2,4.266666666666667,2.9655172413793105,2.3793103448275863
178,12436614,Premier League,24/25,2025-04-12 14:00:00,Aston Villa,Southampton,0,31,1,1,1,0,2.0,1.8,1.5,11.0,5.0,2.6,0.3333333333333333,1.2,1.4,15.4,4.6,1.8,1.4838709677419355,1.4838709677419355,12.548387096774194,12.32258064516129,4.32258064516129,4.225806451612903,3.0,2.3
179,12436615,Premier League,24/25,2025-04-19 16:30:00,Aston Villa,Newcastle United,1,32,1,1,1,0,2.6666666666666665,2.0,1.6,13.6,5.8,3.2,0.3333333333333333,1.0,1.2,13.8,3.6,1.4,1.53125,1.4375,12.9375,12.15625,4.5,4.15625,3.096774193548387,2.2580645161290325
118,12436551,Premier League,24/25,2025-04-22 19:00:00,Aston Villa,Manchester City,0,33,1,1,1,0,3.0,2.6,1.9,17.0,7.2,3.8,0.6666666666666666,0.4,1.2,12.0,3.0,0.6,1.606060606060606,1.4242424242424243,13.242424242424242,12.090909090909092,4.636363636363637,4.121212121212121,3.15625,2.25
120,12436553,Premier League,24/25,2025-05-03 11:30:00,Aston Villa,Fulham,1,34,1,1,1,0,2.6666666666666665,2.6,2.0,16.0,7.0,4.0,1.0,0.8,1.2,12.2,3.6,1.2,1.588235294117647,1.4411764705882353,13.058823529411764,12.147058823529411,4.588235294117647,4.176470588235294,3.1515151515151514,2.272727272727273
136,12436570,Premier League,24/25,2025-05-10 16:30:00,Aston Villa,Bournemouth,0,35,1,1,1,0,2.0,2.2,2.0,16.4,6.6,4.6,1.0,0.8,1.1,12.2,3.4,1.4,1.5714285714285714,1.4,12.971428571428572,12.114285714285714,4.542857142857143,4.142857142857143,3.2058823529411766,2.235294117647059
143,12436577,Premier League,24/25,2025-05-16 18:30:00,Aston Villa,Tottenham Hotspur,1,36,1,1,1,0,1.0,2.0,1.9,14.2,5.6,4.2,0.6666666666666666,0.6,0.9,10.4,3.6,1.8,1.5555555555555556,1.3611111111111112,12.777777777777779,12.055555555555555,4.5,4.138888888888889,3.1714285714285713,2.2285714285714286
107,12436540,Premier League,24/25,2025-05-25 15:00:00,Aston Villa,Manchester United,0,37,1,1,1,0,1.3333333333333333,1.8,1.9,12.8,5.0,3.6,0.0,0.6,0.8,9.6,3.4,1.8,1.5675675675675675,1.3243243243243243,12.91891891891892,11.81081081081081,4.5675675675675675,4.054054054054054,3.1666666666666665,2.1944444444444446
199,12436875,Premier League,24/25,2024-08-17 14:00:00,Bournemouth,Nottingham Forest,0,0,0,0,0,1,,,,,,,,,,,,,,,,,,,,
207,12436884,Premier League,24/25,2024-08-25 13:00:00,Bournemouth,Newcastle United,1,1,0,0,0,1,1.0,1.0,1.0,13.0,4.0,3.0,1.0,1.0,1.0,14.0,8.0,1.0,1.0,1.0,13.0,14.0,4.0,8.0,3.0,1.0
235,12436912,Premier League,24/25,2024-08-31 14:00:00,Bournemouth,Everton,0,2,0,0,0,1,1.0,1.0,1.0,14.5,4.0,2.5,1.0,1.0,1.0,14.0,6.5,2.5,1.0,1.0,14.5,14.0,4.0,6.5,2.5,2.5
252,12436931,Premier League,24/25,2024-09-14 19:00:00,Bournemouth,Chelsea,1,3,1,0,0,1,1.6666666666666667,1.6666666666666667,1.6666666666666667,15.333333333333334,5.0,3.3333333333333335,1.3333333333333333,1.3333333333333333,1.3333333333333333,15.333333333333334,7.0,3.3333333333333335,1.6666666666666667,1.3333333333333333,15.333333333333334,15.333333333333334,5.0,7.0,3.3333333333333335,3.3333333333333335
289,12436969,Premier League,24/25,2024-09-21 14:00:00,Bournemouth,Liverpool FC,0,4,1,0,0,1,1.3333333333333333,1.25,1.25,16.25,5.5,2.75,1.3333333333333333,1.25,1.25,14.0,6.0,2.75,1.25,1.25,16.25,14.0,5.5,6.0,2.75,2.75
300,12436982,Premier League,24/25,2024-09-30 19:00:00,Bournemouth,Southampton,1,5,1,1,0,0,1.0,1.0,1.0,16.8,5.6,2.6,2.0,1.6,1.6,15.0,7.4,3.0,1.0,1.6,16.8,15.0,5.6,7.4,2.6,3.0
336,12437020,Premier League,24/25,2024-10-05 14:00:00,Bournemouth,Leicester City,0,6,1,1,0,0,1.0,1.4,1.3333333333333333,17.0,6.0,2.2,1.6666666666666667,1.6,1.5,14.0,6.4,3.0,1.3333333333333333,1.5,16.333333333333332,14.0,5.666666666666667,6.666666666666667,2.3333333333333335,2.6666666666666665
342,12437026,Premier League,24/25,2024-10-19 16:30:00,Bournemouth,Arsenal,1,7,1,1,0,0,1.0,1.2,1.1428571428571428,17.6,5.6,2.8,1.6666666666666667,1.6,1.4285714285714286,12.4,5.8,2.6,1.1428571428571428,1.4285714285714286,16.714285714285715,12.857142857142858,5.142857142857143,6.0,2.7142857142857144,2.5714285714285716
356,12437041,Premier League,24/25,2024-10-26 14:00:00,Bournemouth,Aston Villa,0,8,1,1,0,0,1.6666666666666667,1.0,1.25,16.8,5.0,2.4,0.6666666666666666,1.2,1.25,10.0,4.4,2.0,1.25,1.25,16.25,12.0,5.0,5.375,2.75,2.5
365,12437051,Premier League,24/25,2024-11-02 15:00:00,Bournemouth,Manchester City,1,9,1,1,0,0,1.0,1.2,1.2222222222222223,15.0,4.2,2.2,0.6666666666666666,1.2,1.2222222222222223,11.6,5.4,2.4,1.2222222222222223,1.2222222222222223,15.555555555555555,12.666666666666666,4.777777777777778,5.666666666666667,2.4444444444444446,2.5555555555555554
200,12436876,Premier League,24/25,2024-11-09 15:00:00,Bournemouth,Brentford,0,10,1,1,1,0,1.6666666666666667,1.6,1.3,13.6,4.2,3.0,0.6666666666666666,0.8,1.2,11.4,3.6,2.2,1.3,1.2,15.2,13.2,4.9,5.5,2.8,2.6
58,12436491,Premier League,24/25,2024-11-23 15:00:00,Bournemouth,Brighton & Hove Albion,1,11,1,1,1,0,1.6666666666666667,1.4,1.4,13.8,3.6,3.4,1.6666666666666667,1.2,1.4,12.0,4.2,2.4,1.3636363636363635,1.3636363636363635,15.181818181818182,13.090909090909092,4.7272727272727275,5.545454545454546,2.8181818181818183,2.5454545454545454
244,12436922,Premier League,24/25,2024-11-30 15:00:00,Bournemouth,Wolverhampton,0,12,1,1,1,0,1.6666666666666667,1.6,1.4,13.8,4.2,3.2,2.0,1.4,1.5,12.0,4.6,2.4,1.3333333333333333,1.4166666666666667,15.5,12.5,4.75,5.416666666666667,2.9166666666666665,2.5
375,13015216,Premier League,24/25,2024-12-05 20:15:00,Bournemouth,Tottenham Hotspur,1,13,1,1,1,0,2.3333333333333335,2.0,1.5,13.6,5.0,3.4,2.3333333333333335,1.8,1.5,12.8,5.0,2.4,1.5384615384615385,1.4615384615384615,15.23076923076923,12.307692307692308,5.0,5.230769230769231,3.0,2.4615384615384617
29,12436462,Premier League,24/25,2024-12-08 14:00:00,Bournemouth,Ipswich Town,0,14,1,1,1,0,2.0,2.0,1.6,15.8,6.0,4.8,1.3333333333333333,1.6,1.4,11.6,4.2,2.0,1.5,1.3571428571428572,15.642857142857142,12.285714285714286,5.214285714285714,5.142857142857143,3.2857142857142856,2.357142857142857
32,12436465,Premier League,24/25,2024-12-16 20:00:00,Bournemouth,West Ham United,1,15,1,1,1,0,2.3333333333333335,2.0,1.8,17.8,6.0,4.6,1.0,1.6,1.2,11.6,4.4,1.6,1.5333333333333334,1.3333333333333333,16.066666666666666,12.666666666666666,5.266666666666667,5.133333333333334,3.4,2.2666666666666666
37,12436470,Premier League,24/25,2024-12-22 14:00:00,Bournemouth,Manchester United,0,16,1,1,1,0,1.3333333333333333,1.8,1.6,20.6,7.2,4.4,0.6666666666666666,1.2,1.2,12.4,3.8,1.4,1.5,1.3125,16.875,12.875,5.5,5.0,3.3125,2.1875
43,12436476,Premier League,24/25,2024-12-26 15:00:00,Bournemouth,Crystal Palace,1,17,1,1,1,0,2.0,2.2,1.9,18.8,7.2,4.0,0.6666666666666666,0.8,1.1,15.8,4.4,1.8,1.588235294117647,1.2352941176470589,16.470588235294116,13.470588235294118,5.470588235294118,5.117647058823529,3.235294117647059,2.2941176470588234
82,12436515,Premier League,24/25,2024-12-29 15:00:00,Bournemouth,Fulham,0,18,1,1,1,0,1.3333333333333333,1.4,1.7,20.0,6.4,4.0,0.3333333333333333,0.4,1.1,15.8,4.6,1.75,1.5,1.1666666666666667,16.555555555555557,13.277777777777779,5.388888888888889,5.055555555555555,3.235294117647059,2.2941176470588234
85,12436518,Premier League,24/25,2025-01-04 15:00:00,Bournemouth,Everton,1,19,1,1,1,0,1.6666666666666667,1.6,1.8,19.0,6.6,3.0,0.6666666666666666,0.8,1.2,15.6,5.0,1.75,1.5263157894736843,1.2105263157894737,16.526315789473685,13.157894736842104,5.578947368421052,5.105263157894737,3.2222222222222223,2.2222222222222223
98,12436531,Premier League,24/25,2025-01-14 19:30:00,Bournemouth,Chelsea,0,20,1,1,1,0,1.0,1.4,1.7,18.4,7.0,3.0,0.6666666666666666,0.6,1.1,13.8,4.0,1.75,1.5,1.15,16.65,12.95,5.7,4.85,3.3157894736842106,2.1578947368421053
208,12436885,Premier League,24/25,2025-01-18 12:30:00,Bournemouth,Newcastle United,0,21,1,1,1,0,1.6666666666666667,1.6,1.7,14.0,5.8,2.75,1.3333333333333333,0.8,1.0,15.8,5.4,2.75,1.5238095238095237,1.1904761904761905,16.19047619047619,13.571428571428571,5.571428571428571,5.095238095238095,3.2,2.3
214,12436891,Premier League,24/25,2025-01-25 15:00:00,Bournemouth,Nottingham Forest,1,22,1,1,1,0,2.3333333333333335,1.8,2.0,15.8,6.8,3.25,1.0,1.0,0.9,13.8,5.0,2.0,1.6363636363636365,1.1818181818181819,16.318181818181817,13.545454545454545,5.7727272727272725,5.090909090909091,3.238095238095238,2.238095238095238
234,12436911,Premier League,24/25,2025-02-01 15:00:00,Bournemouth,Liverpool FC,1,23,1,1,1,0,3.6666666666666665,2.8,2.1,15.4,8.0,3.2,1.0,1.0,0.7,15.4,5.0,1.8,1.7826086956521738,1.1304347826086956,16.304347826086957,13.73913043478261,5.956521739130435,5.043478260869565,3.227272727272727,2.1818181818181817
271,12436950,Premier League,24/25,2025-02-15 15:00:00,Bournemouth,Southampton,0,24,1,1,1,0,3.0,2.4,2.0,15.0,6.8,3.2,1.0,1.0,0.9,17.0,5.2,2.4,1.7083333333333333,1.1666666666666667,16.208333333333332,13.958333333333334,5.833333333333333,5.125,3.217391304347826,2.260869565217391
278,12436958,Premier League,24/25,2025-02-22 15:00:00,Bournemouth,Wolverhampton,1,25,1,1,1,0,2.6666666666666665,2.8,2.1,14.0,6.6,2.8,1.0,1.2,0.9,17.4,6.0,2.4,1.76,1.16,16.12,13.84,5.88,5.08,3.2083333333333335,2.2083333333333335
290,12436970,Premier League,24/25,2025-02-25 19:30:00,Bournemouth,Brighton & Hove Albion,0,26,1,1,1,0,1.0,2.4,2.0,14.2,6.6,2.8,1.3333333333333333,1.0,0.9,14.8,5.0,2.0,1.6923076923076923,1.1538461538461537,15.807692307692308,13.807692307692308,5.769230769230769,5.076923076923077,3.12,2.24
326,12437009,Premier League,24/25,2025-03-09 14:00:00,Bournemouth,Tottenham Hotspur,0,27,1,1,1,0,1.3333333333333333,1.8,1.8,14.2,5.6,2.4,1.3333333333333333,1.2,1.1,14.4,4.8,2.8,1.6666666666666667,1.1851851851851851,15.925925925925926,13.703703703703704,5.7407407407407405,5.037037037037037,3.076923076923077,2.3461538461538463
331,12437014,Premier League,24/25,2025-03-15 17:30:00,Bournemouth,Brentford,1,28,1,1,1,0,1.0,1.2,2.0,14.4,5.2,2.8,1.6666666666666667,1.6,1.3,13.2,4.8,2.8,1.6785714285714286,1.2142857142857142,15.964285714285714,13.642857142857142,5.821428571428571,5.0,3.1481481481481484,2.2962962962962963
142,12436576,Premier League,24/25,2025-04-02 18:45:00,Bournemouth,Ipswich Town,1,29,1,1,1,0,1.3333333333333333,1.4,1.9,15.0,5.6,2.8,2.0,1.6,1.3,11.4,4.2,2.4,1.6551724137931034,1.2413793103448276,16.0,13.517241379310345,5.793103448275862,4.9655172413793105,3.142857142857143,2.2857142857142856
169,12436604,Premier League,24/25,2025-04-05 14:00:00,Bournemouth,West Ham United,0,30,1,1,1,0,1.3333333333333333,1.0,1.9,17.0,5.6,2.6,2.0,1.8,1.5,11.2,3.8,2.8,1.6333333333333333,1.2666666666666666,16.266666666666666,13.4,5.833333333333333,4.866666666666666,3.103448275862069,2.310344827586207
379,13560222,Premier League,24/25,2025-04-14 19:00:00,Bournemouth,Fulham,1,31,1,1,1,0,1.3333333333333333,1.4,1.9,17.6,5.8,2.8,2.0,2.0,1.5,10.4,3.4,2.4,1.6451612903225807,1.2903225806451613,16.096774193548388,13.258064516129032,5.774193548387097,4.806451612903226,3.066666666666667,2.2666666666666666
180,12436616,Premier League,24/25,2025-04-19 14:00:00,Bournemouth,Crystal Palace,0,32,1,1,1,0,1.3333333333333333,1.4,1.6,16.2,5.4,2.8,1.3333333333333333,1.6,1.4,10.6,4.0,1.6,1.625,1.25,15.96875,13.21875,5.6875,4.875,3.032258064516129,2.225806451612903
102,12436535,Premier League,24/25,2025-04-27 13:00:00,Bournemouth,Manchester United,1,33,1,1,1,0,1.0,1.0,1.1,15.8,4.6,2.0,0.6666666666666666,1.2,1.4,9.2,3.2,1.4,1.5757575757575757,1.2121212121212122,15.93939393939394,12.969696969696969,5.636363636363637,4.7272727272727275,2.96875,2.15625
110,12436543,Premier League,24/25,2025-05-03 16:30:00,Bournemouth,Arsenal,0,34,1,1,1,0,0.6666666666666666,1.0,1.2,14.0,3.8,1.6,0.3333333333333333,1.0,1.3,12.2,3.6,1.4,1.5588235294117647,1.2058823529411764,15.705882352941176,13.323529411764707,5.5,4.764705882352941,2.909090909090909,2.1515151515151514
136,12436570,Premier League,24/25,2025-05-10 16:30:00,Bournemouth,Aston Villa,1,35,1,1,1,0,1.0,1.2,1.1,11.0,2.8,1.8,0.6666666666666666,0.8,1.3,12.8,4.0,1.6,1.5714285714285714,1.2,15.514285714285714,13.314285714285715,5.4,4.742857142857143,2.911764705882353,2.2058823529411766
380,13854588,Premier League,24/25,2025-05-20 19:00:00,Bournemouth,Manchester City,0,36,1,1,1,0,1.0,0.8,1.1,10.8,2.8,1.8,1.0,0.6,1.3,12.2,4.0,1.8,1.5277777777777777,1.1944444444444444,15.36111111111111,13.11111111111111,5.361111111111111,4.694444444444445,2.8857142857142857,2.2
103,12436536,Premier League,24/25,2025-05-25 15:00:00,Bournemouth,Leicester City,1,37,1,1,1,0,1.0,0.8,1.1,10.0,2.6,1.8,1.6666666666666667,1.2,1.4,12.2,3.6,2.2,1.5135135135135136,1.2432432432432432,15.162162162162161,13.08108108108108,5.27027027027027,4.702702702702703,2.861111111111111,2.2222222222222223
202,12436879,Premier League,24/25,2024-08-18 13:00:00,Brentford,Crystal Palace,1,0,0,0,0,1,,,,,,,,,,,,,,,,,,,,
219,12436896,Premier League,24/25,2024-08-25 15:30:00,Brentford,Liverpool FC,0,1,0,0,0,1,2.0,2.0,2.0,9.0,5.0,3.0,1.0,1.0,1.0,14.0,6.0,1.0,2.0,1.0,9.0,14.0,5.0,6.0,3.0,1.0
231,12436908,Premier League,24/25,2024-08-31 14:00:00,Brentford,Southampton,1,2,0,0,0,1,1.0,1.0,1.0,8.5,3.5,2.5,1.5,1.5,1.5,16.5,7.0,2.5,1.0,1.5,8.5,16.5,3.5,7.0,2.5,2.5
267,12436946,Premier League,24/25,2024-09-14 14:00:00,Brentford,Manchester City,0,3,1,0,0,1,1.6666666666666667,1.6666666666666667,1.6666666666666667,12.333333333333334,4.666666666666667,3.6666666666666665,1.3333333333333333,1.3333333333333333,1.3333333333333333,17.0,6.666666666666667,2.3333333333333335,1.6666666666666667,1.3333333333333333,12.333333333333334,17.0,4.666666666666667,6.666666666666667,3.6666666666666665,2.3333333333333335
296,12436977,Premier League,24/25,2024-09-21 14:00:00,Brentford,Tottenham Hotspur,0,4,1,0,0,1,1.3333333333333333,1.5,1.5,11.25,4.75,3.0,1.6666666666666667,1.5,1.5,17.25,6.75,2.25,1.5,1.5,11.25,17.25,4.75,6.75,3.0,2.25
305,12436987,Premier League,24/25,2024-09-28 14:00:00,Brentford,West Ham United,1,5,1,1,0,0,1.6666666666666667,1.4,1.4,10.2,5.0,2.8,2.0,1.8,1.8,18.4,7.4,3.2,1.4,1.8,10.2,18.4,5.0,7.4,2.8,3.2
325,12437008,Premier League,24/25,2024-10-05 14:00:00,Brentford,Wolverhampton,1,6,1,1,0,0,1.0,1.2,1.3333333333333333,10.0,4.6,2.4,2.0,1.8,1.6666666666666667,19.4,6.8,3.2,1.3333333333333333,1.6666666666666667,9.833333333333334,18.5,4.666666666666667,6.666666666666667,2.5,2.8333333333333335
349,12437034,Premier League,24/25,2024-10-19 14:00:00,Brentford,Manchester United,0,7,1,1,0,0,2.3333333333333335,2.2,1.8571428571428572,12.2,6.6,3.6,2.3333333333333335,2.0,1.8571428571428572,19.0,6.4,2.6,1.8571428571428572,1.8571428571428572,11.142857142857142,18.285714285714285,5.714285714285714,6.571428571428571,3.2857142857142856,2.5714285714285716
357,12437043,Premier League,24/25,2024-10-26 14:00:00,Brentford,Ipswich Town,1,8,1,1,0,0,2.3333333333333335,1.8,1.75,9.8,5.6,2.8,2.0,2.2,1.875,20.0,7.4,2.8,1.75,1.875,10.75,18.875,5.25,7.125,3.125,2.625
366,12437052,Premier League,24/25,2024-11-04 20:00:00,Brentford,Fulham,0,9,1,1,0,0,3.3333333333333335,2.4,2.0,12.2,6.4,4.0,2.6666666666666665,2.4,2.0,18.6,7.0,3.2,2.0,2.0,11.777777777777779,18.0,5.666666666666667,6.888888888888889,3.5555555555555554,2.7777777777777777
200,12436876,Premier League,24/25,2024-11-09 15:00:00,Brentford,Bournemouth,1,10,1,1,1,0,2.0,2.4,1.9,12.0,5.6,3.8,2.3333333333333335,2.2,2.0,19.2,7.4,2.0,1.9,2.0,11.1,18.8,5.3,7.4,3.3,2.6
55,12436488,Premier League,24/25,2024-11-23 15:00:00,Brentford,Everton,0,11,1,1,1,0,2.6666666666666665,2.8,2.0,12.8,6.2,4.0,2.3333333333333335,2.4,2.1,18.4,7.4,2.4,2.0,2.0,11.181818181818182,18.454545454545453,5.363636363636363,7.0,3.1818181818181817,2.6363636363636362
67,12436500,Premier League,24/25,2024-11-30 15:00:00,Brentford,Leicester City,1,12,1,1,1,0,1.3333333333333333,1.8,2.0,10.8,4.2,2.8,1.3333333333333333,1.8,1.9,20.4,7.2,2.4,1.8333333333333333,1.8333333333333333,11.0,19.166666666666668,5.083333333333333,6.833333333333333,3.0833333333333335,2.5
263,12436942,Premier League,24/25,2024-12-04 20:15:00,Brentford,Aston Villa,0,13,1,1,1,0,2.3333333333333335,2.4,2.1,11.8,5.0,3.2,1.0,1.6,1.9,17.2,5.6,2.0,2.0,1.7692307692307692,11.153846153846153,18.23076923076923,5.153846153846154,6.538461538461538,3.1538461538461537,2.3846153846153846
18,12436450,Premier League,24/25,2024-12-07 15:00:00,Brentford,Newcastle United,1,14,1,1,1,0,1.6666666666666667,1.8,2.1,9.6,3.4,2.0,1.3333333333333333,1.6,2.0,19.0,6.6,2.0,1.9285714285714286,1.8571428571428572,11.0,18.357142857142858,4.857142857142857,6.785714285714286,3.0,2.5
28,12436461,Premier League,24/25,2024-12-15 19:00:00,Brentford,Chelsea,0,15,1,1,1,0,3.0,2.4,2.4,10.8,4.6,2.4,2.0,1.6,1.9,17.0,4.8,2.4,2.066666666666667,1.8666666666666667,11.0,18.2,5.066666666666666,6.533333333333333,3.0,2.533333333333333
30,12436463,Premier League,24/25,2024-12-21 15:00:00,Brentford,Nottingham Forest,1,16,1,1,1,0,2.0,2.0,2.4,10.2,4.2,2.8,2.3333333333333335,1.6,2.0,19.2,5.8,2.6,2.0,1.875,10.875,18.6875,5.0,6.625,3.0625,2.625
42,12436475,Premier League,24/25,2024-12-27 19:30:00,Brentford,Brighton & Hove Albion,0,17,1,1,1,0,1.6666666666666667,2.0,1.9,9.8,4.4,2.6,2.0,2.0,1.9,15.8,6.0,2.8,1.8823529411764706,1.8823529411764706,10.647058823529411,18.176470588235293,4.882352941176471,6.588235294117647,2.9411764705882355,2.588235294117647
1,12436410,Premier League,24/25,2025-01-01 17:30:00,Brentford,Arsenal,1,18,1,1,1,0,0.3333333333333333,1.2,1.8,8.8,3.8,2.0,1.3333333333333333,1.8,1.7,19.2,6.8,2.8,1.7777777777777777,1.7777777777777777,10.5,18.5,4.777777777777778,6.611111111111111,2.8333333333333335,2.5
87,12436520,Premier League,24/25,2025-01-04 15:00:00,Brentford,Southampton,0,19,1,1,1,0,0.3333333333333333,1.2,1.5,8.0,4.0,1.8,1.6666666666666667,1.8,1.7,18.0,5.8,2.4,1.736842105263158,1.8421052631578947,10.210526315789474,18.263157894736842,4.631578947368421,6.526315789473684,2.6842105263157894,2.473684210526316
4,12436436,Premier League,24/25,2025-01-14 19:30:00,Brentford,Manchester City,1,20,1,1,1,0,2.0,1.4,1.9,9.8,4.6,3.4,1.0,1.4,1.5,16.4,5.4,1.8,1.9,1.75,10.7,17.75,4.95,6.25,3.1,2.35
8,12436440,Premier League,24/25,2025-01-18 15:00:00,Brentford,Liverpool FC,1,21,1,1,1,0,2.6666666666666665,1.6,1.8,11.6,5.0,3.4,1.6666666666666667,1.4,1.5,15.4,5.4,2.0,1.9047619047619047,1.7619047619047619,11.047619047619047,17.904761904761905,5.0,6.333333333333333,3.142857142857143,2.4761904761904763
220,12436897,Premier League,24/25,2025-01-26 14:00:00,Brentford,Crystal Palace,0,22,1,1,1,0,2.3333333333333335,1.6,1.8,12.4,5.6,3.6,1.3333333333333333,1.4,1.7,20.8,5.8,2.4,1.8181818181818181,1.7727272727272727,11.045454545454545,18.772727272727273,5.045454545454546,6.409090909090909,3.090909090909091,2.5454545454545454
239,12436916,Premier League,24/25,2025-02-02 14:00:00,Brentford,Tottenham Hotspur,1,23,1,1,1,0,1.3333333333333333,2.0,1.6,13.2,6.2,3.6,1.6666666666666667,1.6,1.7,19.2,5.4,2.4,1.826086956521739,1.7391304347826086,11.08695652173913,18.652173913043477,5.086956521739131,6.3478260869565215,3.0,2.4782608695652173
276,12436956,Premier League,24/25,2025-02-15 15:00:00,Brentford,West Ham United,0,24,1,1,1,0,0.6666666666666666,1.8,1.5,16.2,6.6,4.0,1.6666666666666667,1.4,1.6,19.0,4.8,2.4,1.75,1.75,11.458333333333334,18.416666666666668,5.041666666666667,6.166666666666667,2.9583333333333335,2.4583333333333335
187,12436623,Premier League,24/25,2025-02-21 20:00:00,Brentford,Leicester City,0,25,1,1,1,0,1.0,1.0,1.2,15.0,5.4,2.2,1.0,1.4,1.4,20.0,5.2,2.6,1.72,1.68,11.56,18.2,5.04,6.04,2.92,2.4
288,12436968,Premier League,24/25,2025-02-26 19:30:00,Brentford,Everton,1,26,1,1,1,0,1.6666666666666667,1.4,1.5,14.2,5.4,2.0,0.6666666666666666,1.0,1.2,17.4,4.2,1.8,1.8076923076923077,1.6153846153846154,11.653846153846153,17.807692307692307,5.076923076923077,5.923076923076923,2.923076923076923,2.3461538461538463
312,12436994,Premier League,24/25,2025-03-08 17:30:00,Brentford,Aston Villa,1,27,1,1,1,0,2.0,1.6,1.6,14.4,4.8,2.0,0.3333333333333333,0.8,1.1,12.8,3.4,1.6,1.7777777777777777,1.5925925925925926,11.666666666666666,17.666666666666668,5.0,5.851851851851852,2.888888888888889,2.3703703703703702
331,12437014,Premier League,24/25,2025-03-15 17:30:00,Brentford,Bournemouth,0,28,1,1,1,0,1.6666666666666667,1.2,1.6,14.6,4.2,1.8,0.6666666666666666,0.8,1.2,12.0,3.2,1.8,1.7142857142857142,1.5714285714285714,11.714285714285714,17.464285714285715,4.928571428571429,5.785714285714286,2.7857142857142856,2.357142857142857
166,12436600,Premier League,24/25,2025-04-02 18:45:00,Brentford,Newcastle United,0,29,1,1,1,0,1.0,1.6,1.7,12.6,4.2,1.8,1.0,0.6,1.0,12.8,3.8,2.0,1.7241379310344827,1.5517241379310345,11.655172413793103,17.448275862068964,4.896551724137931,5.758620689655173,2.7586206896551726,2.3793103448275863
155,12436589,Premier League,24/25,2025-04-06 13:00:00,Brentford,Chelsea,1,30,1,1,1,0,1.0,1.6,1.3,12.2,3.8,1.8,1.3333333333333333,1.0,1.2,14.4,4.0,2.2,1.7,1.5666666666666667,11.666666666666666,17.566666666666666,4.833333333333333,5.7,2.7333333333333334,2.3666666666666667
172,12436608,Premier League,24/25,2025-04-12 16:30:00,Brentford,Arsenal,0,31,1,1,1,0,1.0,0.8,1.1,11.2,3.0,1.8,1.0,1.0,1.0,17.0,4.4,2.6,1.6451612903225807,1.5161290322580645,11.580645161290322,17.677419354838708,4.741935483870968,5.67741935483871,2.7419354838709675,2.3870967741935485
183,12436619,Premier League,24/25,2025-04-19 14:00:00,Brentford,Brighton & Hove Albion,1,32,1,1,1,0,0.6666666666666666,0.8,1.2,9.4,2.8,1.6,1.0,1.0,0.9,17.0,4.2,2.2,1.625,1.5,11.3125,17.5625,4.65625,5.59375,2.6875,2.34375
119,12436552,Premier League,24/25,2025-05-01 18:30:00,Brentford,Nottingham Forest,0,33,1,1,1,0,1.6666666666666667,1.6,1.4,10.0,3.8,2.8,1.0,1.2,1.0,17.0,4.0,2.2,1.696969696969697,1.5151515151515151,11.454545454545455,17.393939393939394,4.757575757575758,5.515151515151516,2.787878787878788,2.3333333333333335
126,12436560,Premier League,24/25,2025-05-04 13:00:00,Brentford,Manchester United,1,34,1,1,1,0,2.3333333333333335,1.6,1.6,10.2,3.6,3.0,1.0,1.0,0.8,16.4,4.0,1.6,1.7058823529411764,1.4705882352941178,11.441176470588236,17.294117647058822,4.705882352941177,5.5,2.7941176470588234,2.264705882352941
130,12436564,Premier League,24/25,2025-05-10 14:00:00,Brentford,Ipswich Town,0,35,1,1,1,0,3.3333333333333335,2.2,1.9,10.2,4.2,3.8,1.6666666666666667,1.2,1.1,15.0,4.2,1.4,1.7714285714285714,1.5142857142857142,11.457142857142857,17.2,4.742857142857143,5.485714285714286,2.8857142857142857,2.2285714285714286
152,12436586,Premier League,24/25,2025-05-18 14:00:00,Brentford,Fulham,1,36,1,1,1,0,2.3333333333333335,2.4,1.6,11.4,4.8,3.4,1.0,1.2,1.1,13.0,4.0,1.0,1.75,1.4722222222222223,11.555555555555555,17.02777777777778,4.75,5.444444444444445,2.8333333333333335,2.1944444444444446
109,12436542,Premier League,24/25,2025-05-25 15:00:00,Brentford,Wolverhampton,0,37,1,1,1,0,2.3333333333333335,2.6,1.7,13.0,5.6,4.0,2.0,1.6,1.3,13.4,4.8,1.2,1.7567567567567568,1.5135135135135136,11.54054054054054,17.0,4.783783783783784,5.486486486486487,2.864864864864865,2.189189189189189
197,12436873,Premier League,24/25,2024-08-17 14:00:00,Brighton & Hove Albion,Everton,0,0,0,0,0,1,,,,,,,,,,,,,,,,,,,,
211,12436888,Premier League,24/25,2024-08-24 11:30:00,Brighton & Hove Albion,Manchester United,1,1,0,0,0,1,3.0,3.0,3.0,10.0,5.0,2.0,0.0,0.0,0.0,9.0,1.0,0.0,3.0,0.0,10.0,9.0,5.0,1.0,2.0,0.0
229,12436906,Premier League,24/25,2024-08-31 11:30:00,Brighton & Hove Albion,Arsenal,0,2,0,0,0,1,2.5,2.5,2.5,12.0,5.0,2.0,0.5,0.5,0.5,10.0,2.5,1.0,2.5,0.5,12.0,10.0,5.0,2.5,2.0,1.0
257,12436936,Premier League,24/25,2024-09-14 14:00:00,Brighton & Hove Albion,Ipswich Town,1,3,1,0,0,1,2.0,2.0,2.0,15.333333333333334,4.666666666666667,2.3333333333333335,0.6666666666666666,0.6666666666666666,0.6666666666666666,10.333333333333334,4.0,2.3333333333333335,2.0,0.6666666666666666,15.333333333333334,10.333333333333334,4.666666666666667,4.0,2.3333333333333335,2.3333333333333335
279,12436959,Premier League,24/25,2024-09-22 13:00:00,Brighton & Hove Albion,Nottingham Forest,1,4,1,0,0,1,1.0,1.5,1.5,16.75,5.0,2.5,0.6666666666666666,0.5,0.5,9.25,3.25,2.0,1.5,0.5,16.75,9.25,5.0,3.25,2.5,2.0
307,12436989,Premier League,24/25,2024-09-28 14:00:00,Brighton & Hove Albion,Chelsea,0,5,1,1,0,0,1.0,1.6,1.6,16.2,4.6,2.4,1.0,0.8,0.8,8.2,3.2,2.0,1.6,0.8,16.2,8.2,4.6,3.2,2.4,2.0
328,12437011,Premier League,24/25,2024-10-06 15:30:00,Brighton & Hove Albion,Tottenham Hotspur,1,6,1,1,0,0,1.3333333333333333,1.4,1.6666666666666667,17.2,4.6,2.6,2.0,1.6,1.3333333333333333,9.4,4.4,3.4,1.6666666666666667,1.3333333333333333,16.0,9.333333333333334,4.666666666666667,3.8333333333333335,2.5,2.8333333333333335
350,12437035,Premier League,24/25,2024-10-19 14:00:00,Brighton & Hove Albion,Newcastle United,0,7,1,1,0,0,2.3333333333333335,1.6,1.8571428571428572,16.6,4.4,3.0,2.6666666666666665,1.8,1.4285714285714286,9.8,4.2,3.2,1.8571428571428572,1.4285714285714286,15.285714285714286,9.857142857142858,4.571428571428571,3.7142857142857144,2.7142857142857144,2.5714285714285716
358,12437044,Premier League,24/25,2024-10-26 14:00:00,Brighton & Hove Albion,Wolverhampton,1,8,1,1,0,0,2.0,1.6,1.75,14.2,4.6,3.2,2.0,1.6,1.25,11.8,4.0,3.0,1.75,1.25,14.625,11.25,4.625,4.0,2.875,2.75
368,12437054,Premier League,24/25,2024-11-02 15:00:00,Brighton & Hove Albion,Liverpool FC,0,9,1,1,0,0,2.0,2.0,1.7777777777777777,13.8,4.6,3.0,1.3333333333333333,2.0,1.3333333333333333,13.4,5.2,3.0,1.7777777777777777,1.3333333333333333,15.11111111111111,11.555555555555555,4.777777777777778,4.333333333333333,2.7777777777777777,2.5555555555555554
205,12436882,Premier League,24/25,2024-11-09 17:30:00,Brighton & Hove Albion,Manchester City,1,10,1,1,1,0,1.3333333333333333,1.8,1.7,13.6,5.0,2.8,1.3333333333333333,2.0,1.4,15.8,6.2,3.4,1.7,1.4,14.9,12.0,4.8,4.7,2.6,2.7
58,12436491,Premier League,24/25,2024-11-23 15:00:00,Brighton & Hove Albion,Bournemouth,0,11,1,1,1,0,1.6666666666666667,1.8,1.6,12.6,4.8,3.8,1.6666666666666667,1.4,1.5,15.8,6.0,3.0,1.7272727272727273,1.3636363636363635,14.454545454545455,12.272727272727273,4.7272727272727275,4.818181818181818,3.090909090909091,2.909090909090909
68,12436501,Premier League,24/25,2024-11-29 20:00:00,Brighton & Hove Albion,Southampton,1,12,1,1,1,0,1.6666666666666667,1.6,1.6,11.6,4.8,3.4,1.3333333333333333,1.2,1.5,17.0,6.4,3.6,1.75,1.3333333333333333,13.75,12.833333333333334,4.666666666666667,4.833333333333333,3.0,3.0
275,12436955,Premier League,24/25,2024-12-05 19:30:00,Brighton & Hove Albion,Fulham,0,13,1,1,1,0,1.6666666666666667,1.6,1.6,14.0,4.8,3.2,1.0,1.4,1.5,14.8,5.6,3.0,1.6923076923076923,1.3076923076923077,14.384615384615385,12.615384615384615,4.6923076923076925,4.615384615384615,3.0,2.8461538461538463
12,12436444,Premier League,24/25,2024-12-08 14:00:00,Brighton & Hove Albion,Leicester City,0,14,1,1,1,0,1.3333333333333333,1.4,1.7,12.8,4.2,3.4,1.6666666666666667,1.6,1.8,13.2,4.6,3.0,1.6428571428571428,1.4285714285714286,14.285714285714286,12.142857142857142,4.571428571428571,4.428571428571429,3.0,2.7142857142857144
24,12436457,Premier League,24/25,2024-12-15 14:00:00,Brighton & Hove Albion,Crystal Palace,1,15,1,1,1,0,1.3333333333333333,1.6,1.7,13.4,4.6,3.2,2.0,1.6,1.8,12.0,3.6,2.8,1.6666666666666667,1.4666666666666666,14.4,12.0,4.733333333333333,4.333333333333333,2.8,2.7333333333333334
45,12436478,Premier League,24/25,2024-12-21 15:00:00,Brighton & Hove Albion,West Ham United,0,16,1,1,1,0,1.3333333333333333,1.4,1.6,14.8,4.8,1.8,2.6666666666666665,2.0,1.7,11.6,3.4,2.8,1.625,1.5625,14.5625,12.0625,4.75,4.375,2.6875,2.875
42,12436475,Premier League,24/25,2024-12-27 19:30:00,Brighton & Hove Albion,Brentford,1,17,1,1,1,0,1.3333333333333333,1.2,1.4,16.0,5.2,2.2,2.0,2.0,1.6,10.0,3.2,2.4,1.588235294117647,1.5294117647058822,14.411764705882353,12.0,4.823529411764706,4.352941176470588,2.764705882352941,2.823529411764706
97,12436530,Premier League,24/25,2024-12-30 19:45:00,Brighton & Hove Albion,Aston Villa,0,18,1,1,1,0,0.6666666666666666,1.0,1.3,16.4,5.6,1.8,1.3333333333333333,1.8,1.6,9.6,3.4,2.4,1.5,1.4444444444444444,14.944444444444445,11.777777777777779,4.944444444444445,4.277777777777778,2.6666666666666665,2.7222222222222223
95,12436528,Premier League,24/25,2025-01-04 17:30:00,Brighton & Hove Albion,Arsenal,1,19,1,1,1,0,1.0,1.2,1.3,16.4,5.8,1.6,1.0,1.6,1.6,12.4,3.8,2.8,1.5263157894736843,1.4736842105263157,14.842105263157896,12.210526315789474,4.894736842105263,4.2631578947368425,2.6315789473684212,2.736842105263158
91,12436524,Premier League,24/25,2025-01-16 19:30:00,Brighton & Hove Albion,Ipswich Town,0,20,1,1,1,0,1.0,1.0,1.3,15.4,5.2,2.2,1.0,1.4,1.5,12.2,3.8,3.2,1.5,1.45,14.65,12.05,4.85,4.2,2.65,2.85
206,12436883,Premier League,24/25,2025-01-19 14:00:00,Brighton & Hove Albion,Manchester United,0,21,1,1,1,0,1.6666666666666667,1.2,1.3,14.2,5.2,2.5,1.0,0.8,1.4,10.6,3.4,2.75,1.5238095238095237,1.380952380952381,14.476190476190476,11.714285714285714,4.857142857142857,4.142857142857143,2.65,2.85
218,12436895,Premier League,24/25,2025-01-25 15:00:00,Brighton & Hove Albion,Everton,1,22,1,1,1,0,2.0,1.6,1.4,13.0,4.6,2.5,0.6666666666666666,0.8,1.4,10.4,2.8,2.5,1.5909090909090908,1.3636363636363635,14.090909090909092,11.636363636363637,4.7727272727272725,4.0,2.7142857142857144,2.761904761904762
251,12436930,Premier League,24/25,2025-02-01 12:30:00,Brighton & Hove Albion,Nottingham Forest,0,23,1,1,1,0,1.6666666666666667,1.6,1.3,11.4,3.4,2.25,0.6666666666666666,1.0,1.4,9.4,2.4,2.5,1.5217391304347827,1.3478260869565217,14.173913043478262,11.26086956521739,4.608695652173913,3.869565217391304,2.590909090909091,2.6818181818181817
258,12436937,Premier League,24/25,2025-02-14 20:00:00,Brighton & Hove Albion,Chelsea,1,24,1,1,1,0,1.0,1.2,1.2,10.8,3.6,2.0,3.0,2.0,1.8,8.2,3.4,3.25,1.4583333333333333,1.5833333333333333,14.0,11.375,4.625,4.083333333333333,2.5217391304347827,2.8260869565217392
285,12436965,Premier League,24/25,2025-02-22 15:00:00,Brighton & Hove Albion,Southampton,0,25,1,1,1,0,1.0,1.6,1.3,11.2,3.8,2.5,2.6666666666666665,1.8,1.6,8.0,2.8,2.25,1.52,1.52,13.96,11.24,4.64,3.92,2.625,2.75
290,12436970,Premier League,24/25,2025-02-25 19:30:00,Brighton & Hove Albion,Bournemouth,1,26,1,1,1,0,2.3333333333333335,2.0,1.6,12.6,5.2,4.0,2.3333333333333335,1.8,1.3,8.2,2.4,1.8,1.6153846153846154,1.4615384615384615,14.115384615384615,11.038461538461538,4.923076923076923,3.8076923076923075,2.92,2.64
314,12436996,Premier League,24/25,2025-03-08 15:00:00,Brighton & Hove Albion,Fulham,1,27,1,1,1,0,3.0,1.8,1.7,13.6,5.4,4.2,0.3333333333333333,1.8,1.3,10.0,3.2,2.0,1.6296296296296295,1.4444444444444444,14.0,11.333333333333334,4.888888888888889,3.8518518518518516,3.0,2.6153846153846154
345,12437029,Premier League,24/25,2025-03-15 15:00:00,Brighton & Hove Albion,Manchester City,0,28,1,1,1,0,2.6666666666666665,2.2,1.9,12.2,6.0,4.8,0.6666666666666666,1.8,1.4,10.6,3.2,2.0,1.6428571428571428,1.4285714285714286,13.821428571428571,11.142857142857142,4.857142857142857,3.75,3.0,2.5555555555555554
150,12436584,Premier League,24/25,2025-04-02 18:45:00,Brighton & Hove Albion,Aston Villa,1,29,1,1,1,0,2.0,2.6,1.9,13.2,5.6,5.8,1.3333333333333333,0.8,1.4,10.0,2.0,1.6,1.6551724137931034,1.4482758620689655,13.862068965517242,11.137931034482758,4.793103448275862,3.7241379310344827,3.107142857142857,2.607142857142857
161,12436595,Premier League,24/25,2025-04-05 14:00:00,Brighton & Hove Albion,Crystal Palace,0,30,1,1,1,0,1.3333333333333333,2.0,1.8,12.8,5.4,4.8,2.0,1.4,1.6,10.0,3.0,1.8,1.6,1.5,13.766666666666667,11.033333333333333,4.766666666666667,3.7666666666666666,3.0,2.586206896551724
171,12436607,Premier League,24/25,2025-04-12 14:00:00,Brighton & Hove Albion,Leicester City,1,31,1,1,1,0,1.0,1.4,1.7,11.4,4.0,3.2,2.3333333333333335,1.8,1.8,10.4,3.4,1.8,1.5806451612903225,1.5161290322580645,13.67741935483871,10.935483870967742,4.774193548387097,3.7419354838709675,2.966666666666667,2.5
183,12436619,Premier League,24/25,2025-04-19 14:00:00,Brighton & Hove Albion,Brentford,0,32,1,1,1,0,1.0,1.4,1.6,13.4,4.6,3.6,2.3333333333333335,2.0,1.9,9.6,3.6,1.8,1.59375,1.53125,13.90625,11.0625,4.84375,3.8125,3.096774193548387,2.4838709677419355
113,12436546,Premier League,24/25,2025-04-26 14:00:00,Brighton & Hove Albion,West Ham United,1,33,1,1,1,0,1.6666666666666667,1.4,1.8,14.0,4.4,3.4,2.6666666666666665,2.6,2.2,11.6,5.0,2.8,1.606060606060606,1.606060606060606,13.848484848484848,11.212121212121213,4.787878787878788,3.9393939393939394,3.0625,2.59375
133,12436567,Premier League,24/25,2025-05-04 13:00:00,Brighton & Hove Albion,Newcastle United,1,34,1,1,1,0,2.3333333333333335,1.6,2.1,14.2,5.6,2.6,2.6666666666666665,2.6,1.7,11.8,5.2,2.4,1.6470588235294117,1.6176470588235294,13.911764705882353,11.235294117647058,4.911764705882353,3.9411764705882355,3.0303030303030303,2.5757575757575757
147,12436581,Premier League,24/25,2025-05-10 14:00:00,Brighton & Hove Albion,Wolverhampton,0,35,1,1,1,0,2.0,1.8,1.9,13.0,5.2,2.8,2.3333333333333335,2.2,1.8,12.8,5.2,2.2,1.6285714285714286,1.6,13.657142857142857,11.285714285714286,4.828571428571428,3.9714285714285715,2.9705882352941178,2.5294117647058822
156,12436590,Premier League,24/25,2025-05-19 19:00:00,Brighton & Hove Albion,Liverpool FC,1,36,1,1,1,0,2.0,2.0,1.7,12.2,4.6,2.8,1.0,1.8,1.8,13.2,5.2,2.4,1.6388888888888888,1.5555555555555556,13.472222222222221,11.25,4.75,3.9444444444444446,2.942857142857143,2.4857142857142858
123,12436557,Premier League,24/25,2025-05-25 15:00:00,Brighton & Hove Albion,Tottenham Hotspur,0,37,1,1,1,0,2.0,2.2,1.8,13.0,5.6,1.8,1.0,1.8,1.9,13.8,5.0,2.6,1.6756756756756757,1.5675675675675675,13.783783783783784,11.432432432432432,4.945945945945946,3.972972972972973,2.9166666666666665,2.5
203,12436880,Premier League,24/25,2024-08-18 15:30:00,Chelsea,Manchester City,1,0,0,0,0,1,,,,,,,,,,,,,,,,,,,,
227,12436904,Premier League,24/25,2024-08-25 13:00:00,Chelsea,Wolverhampton,0,1,0,0,0,1,0.0,0.0,0.0,10.0,3.0,1.0,2.0,2.0,2.0,11.0,5.0,1.0,0.0,2.0,10.0,11.0,3.0,5.0,1.0,1.0
233,12436910,Premier League,24/25,2024-09-01 12:30:00,Chelsea,Crystal Palace,1,2,0,0,0,1,3.0,3.0,3.0,12.0,5.5,3.0,2.0,2.0,2.0,11.5,4.5,3.0,3.0,2.0,12.0,11.5,5.5,4.5,3.0,3.0
252,12436931,Premier League,24/25,2024-09-14 19:00:00,Chelsea,Bournemouth,0,3,1,0,0,1,2.3333333333333335,2.3333333333333335,2.3333333333333335,12.333333333333334,6.0,3.6666666666666665,1.6666666666666667,1.6666666666666667,1.6666666666666667,10.666666666666666,4.0,2.0,2.3333333333333335,1.6666666666666667,12.333333333333334,10.666666666666666,6.0,4.0,3.6666666666666665,2.0
298,12436980,Premier League,24/25,2024-09-21 11:30:00,Chelsea,West Ham United,0,4,1,0,0,1,2.6666666666666665,2.0,2.0,11.75,5.25,3.0,1.0,1.25,1.25,12.75,4.75,1.75,2.0,1.25,11.75,12.75,5.25,4.75,3.0,1.75
307,12436989,Premier League,24/25,2024-09-28 14:00:00,Chelsea,Brighton & Hove Albion,1,5,1,1,0,0,1.6666666666666667,2.2,2.2,11.8,5.2,3.4,0.3333333333333333,1.0,1.0,13.2,5.2,1.4,2.2,1.0,11.8,13.2,5.2,5.2,3.4,1.4
330,12437013,Premier League,24/25,2024-10-06 13:00:00,Chelsea,Nottingham Forest,1,6,1,1,0,0,2.6666666666666665,3.0,2.5,12.8,6.0,4.6,0.6666666666666666,1.0,1.1666666666666667,14.0,5.2,1.8,2.5,1.1666666666666667,12.333333333333334,13.5,5.5,5.166666666666667,4.0,1.6666666666666667
348,12437032,Premier League,24/25,2024-10-20 15:30:00,Chelsea,Liverpool FC,0,7,1,1,0,0,2.6666666666666665,2.0,2.2857142857142856,14.4,6.0,4.2,1.0,0.8,1.1428571428571428,14.8,6.2,1.6,2.2857142857142856,1.1428571428571428,13.714285714285714,13.857142857142858,5.857142857142857,5.714285714285714,3.857142857142857,2.0
359,12437045,Premier League,24/25,2024-10-27 14:00:00,Chelsea,Newcastle United,1,8,1,1,0,0,2.0,2.0,2.125,14.2,5.0,3.8,1.6666666666666667,1.0,1.25,14.8,6.6,2.2,2.125,1.25,13.5,13.25,5.375,5.625,3.75,2.125
369,12437055,Premier League,24/25,2024-11-03 16:30:00,Chelsea,Manchester United,0,9,1,1,0,0,1.3333333333333333,2.2,2.111111111111111,15.6,5.8,3.8,1.3333333333333333,1.2,1.2222222222222223,13.2,5.8,2.6,2.111111111111111,1.2222222222222223,13.88888888888889,13.0,5.555555555555555,5.333333333333333,3.4444444444444446,2.2222222222222223
213,12436890,Premier League,24/25,2024-11-10 16:30:00,Chelsea,Arsenal,1,10,1,1,1,0,1.3333333333333333,1.8,2.0,15.6,5.4,3.0,1.3333333333333333,1.4,1.2,12.4,5.2,3.4,2.0,1.2,13.7,12.8,5.3,5.2,3.2,2.4
62,12436495,Premier League,24/25,2024-11-23 12:30:00,Chelsea,Leicester City,0,11,1,1,1,0,1.3333333333333333,1.2,2.1,16.0,4.6,1.8,1.0,1.2,1.1,12.0,4.8,3.6,1.9090909090909092,1.1818181818181819,14.0,12.818181818181818,5.090909090909091,5.0,3.0,2.5454545454545454
65,12436498,Premier League,24/25,2024-12-01 13:30:00,Chelsea,Aston Villa,1,12,1,1,1,0,1.3333333333333333,1.4,1.7,14.8,4.4,2.0,1.0,1.2,1.0,9.6,3.2,3.0,1.9166666666666667,1.1666666666666667,14.166666666666666,12.083333333333334,5.25,4.666666666666667,3.0833333333333335,2.4166666666666665
302,12436984,Premier League,24/25,2024-12-04 19:30:00,Chelsea,Southampton,0,13,1,1,1,0,2.0,1.8,1.9,15.8,5.6,1.8,0.6666666666666666,0.8,0.9,9.8,3.0,2.8,2.0,1.0769230769230769,14.384615384615385,11.923076923076923,5.461538461538462,4.615384615384615,3.0,2.3846153846153846
9,12436441,Premier League,24/25,2024-12-08 16:30:00,Chelsea,Tottenham Hotspur,0,14,1,1,1,0,3.3333333333333335,2.4,2.3,17.6,6.8,4.0,0.6666666666666666,0.8,1.0,8.8,3.2,3.0,2.2142857142857144,1.0714285714285714,15.214285714285714,11.5,6.0,4.571428571428571,3.642857142857143,2.5
28,12436461,Premier League,24/25,2024-12-15 19:00:00,Chelsea,Brentford,1,15,1,1,1,0,4.0,3.0,2.4,18.6,7.8,4.4,1.3333333333333333,1.2,1.3,9.2,3.4,3.4,2.3333333333333335,1.2,15.333333333333334,11.6,6.133333333333334,4.6,3.6,2.7333333333333334
33,12436466,Premier League,24/25,2024-12-22 14:00:00,Chelsea,Everton,0,16,1,1,1,0,3.6666666666666665,3.2,2.2,20.4,8.8,5.0,1.6666666666666667,1.2,1.2,8.4,3.6,3.4,2.3125,1.1875,16.0,11.4375,6.25,4.5625,3.625,2.8125
40,12436473,Premier League,24/25,2024-12-26 15:00:00,Chelsea,Fulham,1,17,1,1,1,0,2.0,2.8,2.1,19.6,8.4,4.8,1.3333333333333333,1.0,1.1,8.6,4.2,3.6,2.176470588235294,1.1176470588235294,15.764705882352942,11.058823529411764,6.176470588235294,4.529411764705882,3.588235294117647,2.764705882352941
77,12436510,Premier League,24/25,2024-12-30 19:45:00,Chelsea,Ipswich Town,0,18,1,1,1,0,1.0,2.4,2.1,18.6,8.4,5.0,1.0,1.4,1.1,9.4,4.8,3.8,2.111111111111111,1.1666666666666667,15.555555555555555,11.222222222222221,6.277777777777778,4.666666666666667,3.5555555555555554,2.7777777777777777
2,12436419,Premier League,24/25,2025-01-04 15:00:00,Chelsea,Crystal Palace,0,19,1,1,1,0,0.3333333333333333,1.4,1.9,17.4,6.8,3.4,1.3333333333333333,1.6,1.2,10.0,5.2,3.4,2.0,1.2105263157894737,15.789473684210526,11.105263157894736,6.2105263157894735,4.7368421052631575,3.5789473684210527,2.736842105263158
98,12436531,Premier League,24/25,2025-01-14 19:30:00,Chelsea,Bournemouth,1,20,1,1,1,0,0.6666666666666666,0.8,1.9,17.0,5.4,3.2,1.6666666666666667,1.2,1.2,10.0,5.4,2.6,1.95,1.2,15.75,11.2,5.95,4.8,3.5,2.7
22,12436455,Premier League,24/25,2025-01-20 20:00:00,Chelsea,Wolverhampton,1,21,1,1,1,0,1.0,0.8,2.0,17.0,5.8,3.4,1.6666666666666667,1.4,1.3,9.6,5.2,2.0,1.9523809523809523,1.2380952380952381,16.238095238095237,11.0,6.142857142857143,4.714285714285714,3.5714285714285716,2.619047619047619
226,12436903,Premier League,24/25,2025-01-25 17:30:00,Chelsea,Manchester City,0,22,1,1,1,0,2.0,1.4,2.1,18.4,6.2,3.6,1.3333333333333333,1.6,1.3,10.4,5.2,1.8,2.0,1.2272727272727273,16.363636363636363,10.909090909090908,6.181818181818182,4.681818181818182,3.590909090909091,2.5454545454545454
241,12436919,Premier League,24/25,2025-02-03 20:00:00,Chelsea,West Ham United,1,23,1,1,1,0,2.0,1.4,1.9,18.0,5.4,3.6,2.0,1.8,1.6,10.6,5.0,2.6,1.9565217391304348,1.3043478260869565,16.08695652173913,11.08695652173913,6.086956521739131,4.739130434782608,3.5652173913043477,2.739130434782609
258,12436937,Premier League,24/25,2025-02-14 20:00:00,Chelsea,Brighton & Hove Albion,0,24,1,1,1,0,2.0,1.8,1.6,18.4,5.0,3.2,1.6666666666666667,1.6,1.6,11.6,4.8,2.4,1.9583333333333333,1.2916666666666667,16.333333333333332,11.208333333333334,5.958333333333333,4.75,3.5,2.6666666666666665
185,12436621,Premier League,24/25,2025-02-22 17:30:00,Chelsea,Aston Villa,0,25,1,1,1,0,1.0,1.6,1.2,17.0,4.8,3.0,2.3333333333333335,2.0,1.6,11.6,4.6,3.0,1.88,1.36,16.0,11.28,5.72,4.76,3.4,2.76
304,12436986,Premier League,24/25,2025-02-25 20:15:00,Chelsea,Southampton,1,26,1,1,1,0,1.0,1.4,1.1,14.8,4.2,2.6,2.0,2.0,1.7,12.6,5.2,3.4,1.8461538461538463,1.3846153846153846,15.961538461538462,11.307692307692308,5.769230769230769,4.8076923076923075,3.3846153846153846,2.769230769230769
315,12436998,Premier League,24/25,2025-03-09 14:00:00,Chelsea,Leicester City,1,27,1,1,1,0,1.6666666666666667,1.6,1.5,14.8,4.8,3.0,1.6666666666666667,1.8,1.7,12.2,4.8,3.6,1.9259259259259258,1.3333333333333333,16.074074074074073,11.148148148148149,5.925925925925926,4.703703703703703,3.4814814814814814,2.740740740740741
333,12437017,Premier League,24/25,2025-03-16 13:30:00,Chelsea,Arsenal,0,28,1,1,1,0,2.0,1.6,1.5,16.8,5.4,2.6,0.6666666666666666,1.2,1.5,9.8,4.2,2.2,1.8928571428571428,1.2857142857142858,16.214285714285715,10.857142857142858,5.964285714285714,4.642857142857143,3.392857142857143,2.642857142857143
153,12436587,Premier League,24/25,2025-04-03 19:00:00,Chelsea,Tottenham Hotspur,1,29,1,1,1,0,1.6666666666666667,1.2,1.5,14.0,5.2,2.75,0.3333333333333333,1.2,1.4,9.4,4.0,2.5,1.8275862068965518,1.2758620689655173,15.931034482758621,10.89655172413793,5.827586206896552,4.620689655172414,3.392857142857143,2.642857142857143
155,12436589,Premier League,24/25,2025-04-06 13:00:00,Chelsea,Brentford,0,30,1,1,1,0,0.6666666666666666,1.4,1.5,14.6,6.2,3.5,0.3333333333333333,0.6,1.3,8.4,3.4,1.75,1.8,1.2333333333333334,15.766666666666667,10.8,5.8,4.533333333333333,3.413793103448276,2.6206896551724137
173,12436609,Premier League,24/25,2025-04-13 13:00:00,Chelsea,Ipswich Town,1,31,1,1,1,0,0.3333333333333333,1.2,1.3,15.8,5.8,3.5,0.3333333333333333,0.2,1.1,7.8,2.6,1.75,1.7419354838709677,1.1935483870967742,15.935483870967742,10.741935483870968,5.774193548387097,4.451612903225806,3.4,2.6333333333333333
182,12436618,Premier League,24/25,2025-04-20 13:00:00,Chelsea,Fulham,0,32,1,1,1,0,1.0,0.8,1.2,18.8,5.6,3.0,0.6666666666666666,0.6,1.2,9.0,3.0,2.0,1.75,1.21875,16.5,10.8125,5.875,4.4375,3.4193548387096775,2.6451612903225805
117,12436550,Premier League,24/25,2025-04-26 11:30:00,Chelsea,Everton,1,33,1,1,1,0,1.3333333333333333,1.0,1.3,17.4,5.8,3.0,1.0,0.8,1.0,9.6,2.6,2.0,1.7575757575757576,1.2121212121212122,16.393939393939394,10.666666666666666,5.9393939393939394,4.333333333333333,3.34375,2.5625
129,12436563,Premier League,24/25,2025-05-04 15:30:00,Chelsea,Liverpool FC,1,34,1,1,1,0,1.6666666666666667,1.2,1.2,17.8,6.8,2.6,1.0,0.6,0.9,8.4,2.4,2.0,1.7352941176470589,1.1764705882352942,16.205882352941178,10.529411764705882,5.970588235294118,4.294117647058823,3.272727272727273,2.5454545454545454
139,12436573,Premier League,24/25,2025-05-11 11:00:00,Chelsea,Newcastle United,0,35,1,1,1,0,2.0,1.6,1.5,19.0,7.2,2.8,0.6666666666666666,0.8,0.7,9.0,2.4,2.2,1.7714285714285714,1.1714285714285715,16.228571428571428,10.542857142857143,6.0,4.228571428571429,3.323529411764706,2.5588235294117645
148,12436582,Premier League,24/25,2025-05-16 19:15:00,Chelsea,Manchester United,1,36,1,1,1,0,1.3333333333333333,1.6,1.4,16.8,6.8,2.4,1.0,1.2,0.7,10.2,3.2,2.0,1.7222222222222223,1.1944444444444444,16.055555555555557,10.666666666666666,5.916666666666667,4.277777777777778,3.257142857142857,2.5428571428571427
122,12436556,Premier League,24/25,2025-05-25 15:00:00,Chelsea,Nottingham Forest,0,37,1,1,1,0,1.3333333333333333,1.4,1.1,12.2,5.6,2.2,1.0,0.8,0.7,8.4,2.6,1.4,1.7027027027027026,1.162162162162162,15.91891891891892,10.486486486486486,5.837837837837838,4.1891891891891895,3.25,2.4722222222222223
202,12436879,Premier League,24/25,2024-08-18 13:00:00,Crystal Palace,Brentford,0,0,0,0,0,1,,,,,,,,,,,,,,,,,,,,
215,12436892,Premier League,24/25,2024-08-24 14:00:00,Crystal Palace,West Ham United,1,1,0,0,0,1,1.0,1.0,1.0,14.0,6.0,1.0,2.0,2.0,2.0,9.0,5.0,3.0,1.0,2.0,14.0,9.0,6.0,5.0,1.0,3.0
233,12436910,Premier League,24/25,2024-09-01 12:30:00,Crystal Palace,Chelsea,0,2,0,0,0,1,0.5,0.5,0.5,14.0,4.0,1.5,2.0,2.0,2.0,13.5,4.0,2.0,0.5,2.0,14.0,13.5,4.0,4.0,1.5,2.0
259,12436938,Premier League,24/25,2024-09-14 14:00:00,Crystal Palace,Leicester City,1,3,1,0,0,1,0.6666666666666666,0.6666666666666666,0.6666666666666666,12.333333333333334,3.6666666666666665,1.0,1.6666666666666667,1.6666666666666667,1.6666666666666667,13.333333333333334,5.0,3.0,0.6666666666666666,1.6666666666666667,12.333333333333334,13.333333333333334,3.6666666666666665,5.0,1.0,3.0
282,12436962,Premier League,24/25,2024-09-21 16:30:00,Crystal Palace,Manchester United,1,4,1,0,0,1,1.0,1.0,1.0,14.25,3.75,1.75,1.6666666666666667,1.75,1.75,12.25,4.75,3.0,1.0,1.75,14.25,12.25,3.75,4.75,1.75,3.0
310,12436992,Premier League,24/25,2024-09-28 14:00:00,Crystal Palace,Everton,0,5,1,1,0,0,1.0,0.8,0.8,13.2,3.8,2.0,1.0,1.4,1.4,12.8,5.0,3.4,0.8,1.4,13.2,12.8,3.8,5.0,2.0,3.4
332,12437015,Premier League,24/25,2024-10-05 11:30:00,Crystal Palace,Liverpool FC,1,6,1,1,0,0,1.0,0.8,0.8333333333333334,13.8,3.6,2.0,1.3333333333333333,1.4,1.5,12.6,4.4,3.0,0.8333333333333334,1.5,13.833333333333334,12.0,4.0,4.5,1.8333333333333333,3.0
351,12437036,Premier League,24/25,2024-10-21 19:00:00,Crystal Palace,Nottingham Forest,0,7,1,1,0,0,0.3333333333333333,0.8,0.7142857142857143,12.8,4.2,2.0,1.0,1.2,1.4285714285714286,12.2,4.6,3.6,0.7142857142857143,1.4285714285714286,13.142857142857142,12.571428571428571,4.142857142857143,4.428571428571429,1.8571428571428572,3.142857142857143
360,12437046,Premier League,24/25,2024-10-27 14:00:00,Crystal Palace,Tottenham Hotspur,1,8,1,1,0,0,0.3333333333333333,0.6,0.625,15.0,5.0,2.0,1.3333333333333333,1.2,1.375,13.6,4.4,3.2,0.625,1.375,14.0,13.5,4.5,4.625,1.625,3.125
374,12437060,Premier League,24/25,2024-11-02 17:30:00,Crystal Palace,Wolverhampton,0,9,1,1,0,0,0.3333333333333333,0.4,0.6666666666666666,13.8,5.4,1.4,0.6666666666666666,0.8,1.2222222222222223,14.0,4.2,3.0,0.6666666666666666,1.2222222222222223,14.0,13.222222222222221,4.666666666666667,4.444444444444445,1.5555555555555556,3.0
50,12436483,Premier League,24/25,2024-11-09 15:00:00,Crystal Palace,Fulham,1,10,1,1,1,0,1.0,0.8,0.8,15.8,6.0,1.6,1.0,1.2,1.3,13.2,4.2,2.8,0.8,1.3,14.5,13.0,4.9,4.6,1.8,3.1
60,12436493,Premier League,24/25,2024-11-23 15:00:00,Crystal Palace,Aston Villa,0,11,1,1,1,0,1.0,0.6,0.7,15.0,6.0,2.2,1.3333333333333333,1.2,1.3,15.0,5.2,3.2,0.7272727272727273,1.3636363636363635,14.363636363636363,13.363636363636363,4.909090909090909,4.818181818181818,2.0,3.090909090909091
69,12436502,Premier League,24/25,2024-11-30 15:00:00,Crystal Palace,Newcastle United,1,12,1,1,1,0,1.3333333333333333,1.0,0.9,15.8,6.2,2.6,2.0,1.4,1.3,15.2,5.4,3.2,0.8333333333333334,1.4166666666666667,14.25,13.666666666666666,5.0,4.833333333333333,2.1666666666666665,3.1666666666666665
281,12436961,Premier League,24/25,2024-12-03 19:30:00,Crystal Palace,Ipswich Town,0,13,1,1,1,0,1.0,1.2,0.9,15.0,5.6,3.6,1.6666666666666667,1.4,1.3,11.4,4.2,2.6,0.8461538461538461,1.3846153846153846,14.384615384615385,12.692307692307692,4.923076923076923,4.461538461538462,2.3846153846153846,2.923076923076923
13,12436445,Premier League,24/25,2024-12-07 15:00:00,Crystal Palace,Manchester City,1,14,1,1,1,0,1.3333333333333333,1.2,0.8,14.8,5.0,4.0,1.0,1.4,1.1,11.0,4.0,2.4,0.8571428571428571,1.2857142857142858,14.285714285714286,12.428571428571429,4.785714285714286,4.285714285714286,2.4285714285714284,2.7857142857142856
24,12436457,Premier League,24/25,2024-12-15 14:00:00,Crystal Palace,Brighton & Hove Albion,0,15,1,1,1,0,1.3333333333333333,1.2,1.0,13.4,4.2,3.4,1.0,1.4,1.3,11.2,3.6,2.2,0.9333333333333333,1.3333333333333333,14.133333333333333,12.4,4.666666666666667,4.266666666666667,2.3333333333333335,2.8
31,12436464,Premier League,24/25,2024-12-21 17:30:00,Crystal Palace,Arsenal,1,16,1,1,1,0,2.0,1.8,1.2,13.4,4.2,3.6,1.0,1.2,1.2,11.2,3.2,1.8,1.0625,1.3125,14.0625,12.6875,4.6875,4.3125,2.5,2.6875
43,12436476,Premier League,24/25,2024-12-26 15:00:00,Crystal Palace,Bournemouth,0,17,1,1,1,0,2.0,1.6,1.3,13.8,4.2,3.4,2.6666666666666665,1.8,1.6,10.6,3.4,2.0,1.0588235294117647,1.5294117647058822,14.117647058823529,12.764705882352942,4.764705882352941,4.411764705882353,2.5294117647058822,2.823529411764706
99,12436532,Premier League,24/25,2024-12-29 15:00:00,Crystal Palace,Southampton,1,18,1,1,1,0,1.3333333333333333,1.4,1.3,12.6,4.2,3.0,2.0,1.6,1.5,14.0,4.2,2.5,1.0,1.4444444444444444,13.88888888888889,13.055555555555555,4.722222222222222,4.388888888888889,2.5294117647058822,2.823529411764706
2,12436419,Premier League,24/25,2025-01-04 15:00:00,Crystal Palace,Chelsea,1,19,1,1,1,0,1.0,1.6,1.4,13.8,5.6,3.25,2.0,1.8,1.6,13.6,4.4,2.5,1.0526315789473684,1.4210526315789473,14.157894736842104,12.736842105263158,5.0,4.315789473684211,2.611111111111111,2.7222222222222223
94,12436527,Premier League,24/25,2025-01-15 19:30:00,Crystal Palace,Leicester City,0,20,1,1,1,0,1.0,1.4,1.3,14.0,6.2,3.5,0.6666666666666666,1.6,1.5,14.2,3.8,2.25,1.05,1.4,14.1,12.85,5.05,4.15,2.5789473684210527,2.6842105263157894
212,12436889,Premier League,24/25,2025-01-18 15:00:00,Crystal Palace,West Ham United,0,21,1,1,1,0,1.6666666666666667,1.2,1.5,13.2,6.0,3.25,0.6666666666666666,1.4,1.3,15.0,3.6,2.75,1.0952380952380953,1.3333333333333333,13.857142857142858,13.238095238095237,5.0,4.142857142857143,2.65,2.7
220,12436897,Premier League,24/25,2025-01-26 14:00:00,Crystal Palace,Brentford,1,22,1,1,1,0,1.6666666666666667,1.4,1.5,12.6,6.2,3.0,0.3333333333333333,0.4,1.1,13.6,2.4,1.5,1.1363636363636365,1.2727272727272727,13.772727272727273,12.954545454545455,5.090909090909091,3.9545454545454546,2.619047619047619,2.5714285714285716
247,12436925,Premier League,24/25,2025-02-02 14:00:00,Crystal Palace,Manchester United,0,23,1,1,1,0,1.6666666666666667,1.6,1.5,13.8,6.4,2.6,0.6666666666666666,0.8,1.2,12.4,2.8,1.4,1.1304347826086956,1.3043478260869565,13.869565217391305,12.91304347826087,5.086956521739131,4.043478260869565,2.5454545454545454,2.5
260,12436939,Premier League,24/25,2025-02-15 17:30:00,Crystal Palace,Everton,1,24,1,1,1,0,1.6666666666666667,1.6,1.6,12.2,5.0,2.6,0.6666666666666666,0.6,1.2,14.4,2.6,1.4,1.1666666666666667,1.25,13.75,13.083333333333334,5.0,3.9583333333333335,2.608695652173913,2.4347826086956523
188,12436624,Premier League,24/25,2025-02-22 15:00:00,Crystal Palace,Fulham,0,25,1,1,1,0,1.3333333333333333,1.6,1.5,13.0,5.0,3.0,1.3333333333333333,0.8,1.2,13.6,3.6,1.4,1.16,1.28,13.88,13.0,5.04,4.04,2.6666666666666665,2.4166666666666665
301,12436983,Premier League,24/25,2025-02-25 19:30:00,Crystal Palace,Aston Villa,1,26,1,1,1,0,1.6666666666666667,1.6,1.4,13.2,5.2,2.6,0.6666666666666666,0.8,1.1,11.4,2.8,0.8,1.1923076923076923,1.2307692307692308,13.73076923076923,12.884615384615385,5.038461538461538,3.8846153846153846,2.64,2.32
317,12437000,Premier League,24/25,2025-03-08 15:00:00,Crystal Palace,Ipswich Town,1,27,1,1,1,0,2.3333333333333335,2.0,1.7,14.6,5.0,3.4,1.0,1.0,0.7,11.2,3.2,1.2,1.2962962962962963,1.2222222222222223,13.925925925925926,12.62962962962963,5.074074074074074,3.814814814814815,2.769230769230769,2.3076923076923075
154,12436588,Premier League,24/25,2025-04-02 18:45:00,Crystal Palace,Southampton,0,28,1,1,1,0,2.3333333333333335,2.0,1.8,15.2,4.8,4.2,0.3333333333333333,0.6,0.7,11.8,3.6,1.8,1.2857142857142858,1.1785714285714286,14.107142857142858,12.714285714285714,5.035714285714286,3.9642857142857144,2.8518518518518516,2.3703703703703702
161,12436595,Premier League,24/25,2025-04-05 14:00:00,Crystal Palace,Brighton & Hove Albion,1,29,1,1,1,0,2.0,1.8,1.7,14.8,4.8,3.6,0.6666666666666666,0.8,0.7,10.0,3.6,1.8,1.2758620689655173,1.1724137931034482,13.931034482758621,12.551724137931034,4.9655172413793105,3.896551724137931,2.7857142857142856,2.3214285714285716
174,12436610,Premier League,24/25,2025-04-12 11:30:00,Crystal Palace,Manchester City,0,30,1,1,1,0,1.3333333333333333,2.0,1.8,13.0,4.2,2.8,0.6666666666666666,0.6,0.7,10.0,3.4,1.8,1.3,1.1666666666666667,13.733333333333333,12.5,4.9,3.933333333333333,2.689655172413793,2.310344827586207
347,12437031,Premier League,24/25,2025-04-16 18:30:00,Crystal Palace,Newcastle United,0,31,1,1,1,0,1.6666666666666667,2.0,1.8,12.6,3.8,3.0,2.3333333333333335,1.6,1.2,12.2,5.2,4.2,1.3225806451612903,1.2903225806451613,13.548387096774194,12.774193548387096,4.838709677419355,4.096774193548387,2.7,2.6333333333333333
180,12436616,Premier League,24/25,2025-04-19 14:00:00,Crystal Palace,Bournemouth,1,32,1,1,1,0,1.3333333333333333,1.2,1.6,11.0,3.4,2.4,3.6666666666666665,2.4,1.7,13.8,6.2,4.8,1.28125,1.40625,13.46875,12.8125,4.8125,4.1875,2.7096774193548385,2.7096774193548385
114,12436547,Premier League,24/25,2025-04-23 19:00:00,Crystal Palace,Arsenal,0,33,1,1,1,0,0.6666666666666666,1.0,1.5,8.2,2.6,1.4,3.3333333333333335,2.4,1.5,13.8,5.4,4.2,1.2424242424242424,1.3636363636363635,13.212121212121213,12.878787878787879,4.666666666666667,4.181818181818182,2.625,2.65625
127,12436561,Premier League,24/25,2025-05-05 19:00:00,Crystal Palace,Nottingham Forest,1,34,1,1,1,0,0.6666666666666666,1.2,1.5,9.4,2.8,2.2,2.3333333333333335,2.6,1.7,14.6,6.2,4.8,1.2647058823529411,1.3823529411764706,13.264705882352942,12.852941176470589,4.647058823529412,4.235294117647059,2.696969696969697,2.696969696969697
149,12436583,Premier League,24/25,2025-05-11 13:15:00,Crystal Palace,Tottenham Hotspur,0,35,1,1,1,0,1.0,1.0,1.5,11.8,2.8,3.0,1.0,2.6,1.6,14.8,6.0,4.4,1.2571428571428571,1.3714285714285714,13.457142857142857,12.82857142857143,4.6,4.228571428571429,2.735294117647059,2.6176470588235294
158,12436592,Premier League,24/25,2025-05-20 19:00:00,Crystal Palace,Wolverhampton,1,36,1,1,1,0,1.6666666666666667,1.0,1.5,14.8,4.2,4.2,1.0,1.6,1.6,12.2,4.4,2.2,1.2777777777777777,1.3333333333333333,13.722222222222221,12.694444444444445,4.75,4.138888888888889,2.914285714285714,2.5714285714285716
115,12436548,Premier League,24/25,2025-05-25 15:00:00,Crystal Palace,Liverpool FC,0,37,1,1,1,0,2.3333333333333335,1.8,1.5,15.4,5.4,4.0,1.0,1.0,1.7,11.8,3.6,1.6,1.3513513513513513,1.3513513513513513,13.72972972972973,12.675675675675675,4.891891891891892,4.108108108108108,2.888888888888889,2.5555555555555554
197,12436873,Premier League,24/25,2024-08-17 14:00:00,Everton,Brighton & Hove Albion,1,0,0,0,0,1,,,,,,,,,,,,,,,,,,,,
225,12436902,Premier League,24/25,2024-08-24 14:00:00,Everton,Tottenham Hotspur,0,1,0,0,0,1,0.0,0.0,0.0,9.0,1.0,0.0,3.0,3.0,3.0,10.0,5.0,2.0,0.0,3.0,9.0,10.0,1.0,5.0,0.0,2.0
235,12436912,Premier League,24/25,2024-08-31 14:00:00,Everton,Bournemouth,1,2,0,0,0,1,0.0,0.0,0.0,9.5,1.0,0.0,3.5,3.5,3.5,11.5,6.0,4.0,0.0,3.5,9.5,11.5,1.0,6.0,0.0,4.0
254,12436933,Premier League,24/25,2024-09-14 16:30:00,Everton,Aston Villa,0,3,1,0,0,1,0.6666666666666666,0.6666666666666666,0.6666666666666666,12.333333333333334,3.3333333333333335,1.6666666666666667,3.3333333333333335,3.3333333333333335,3.3333333333333335,13.333333333333334,6.333333333333333,4.333333333333333,0.6666666666666666,3.3333333333333335,12.333333333333334,13.333333333333334,3.3333333333333335,6.333333333333333,1.6666666666666667,4.333333333333333
287,12436967,Premier League,24/25,2024-09-21 14:00:00,Everton,Leicester City,0,4,1,0,0,1,1.3333333333333333,1.0,1.0,10.75,3.0,1.75,3.3333333333333335,3.25,3.25,14.25,6.75,4.75,1.0,3.25,10.75,14.25,3.0,6.75,1.75,4.75
310,12436992,Premier League,24/25,2024-09-28 14:00:00,Everton,Crystal Palace,1,5,1,1,0,0,1.6666666666666667,1.0,1.0,12.0,3.4,2.0,2.3333333333333335,2.8,2.8,13.8,5.8,4.2,1.0,2.8,12.0,13.8,3.4,5.8,2.0,4.2
334,12437018,Premier League,24/25,2024-10-05 16:30:00,Everton,Newcastle United,1,6,1,1,0,0,1.6666666666666667,1.4,1.1666666666666667,11.8,3.6,2.2,1.6666666666666667,2.4,2.5,15.2,5.8,4.0,1.1666666666666667,2.5,11.333333333333334,14.333333333333334,3.1666666666666665,5.666666666666667,1.8333333333333333,3.6666666666666665
346,12437030,Premier League,24/25,2024-10-19 14:15:00,Everton,Ipswich Town,0,7,1,1,0,0,1.0,1.4,1.0,11.4,3.8,2.6,0.6666666666666666,1.6,2.142857142857143,15.4,5.0,3.0,1.0,2.142857142857143,10.857142857142858,14.285714285714286,3.0,5.285714285714286,1.8571428571428572,3.2857142857142856
361,12437047,Premier League,24/25,2024-10-26 16:30:00,Everton,Fulham,1,8,1,1,0,0,1.3333333333333333,1.4,1.125,10.0,3.8,2.2,0.3333333333333333,1.0,1.875,14.6,4.0,2.4,1.125,1.875,10.875,14.125,3.625,4.875,2.0,3.125
372,12437058,Premier League,24/25,2024-11-02 15:00:00,Everton,Southampton,0,9,1,1,0,0,1.0,1.2,1.1111111111111112,10.8,4.4,2.0,0.3333333333333333,0.6,1.7777777777777777,14.0,3.0,1.4,1.1111111111111112,1.7777777777777777,10.777777777777779,14.11111111111111,3.7777777777777777,4.666666666666667,1.8888888888888888,2.888888888888889
53,12436486,Premier League,24/25,2024-11-09 15:00:00,Everton,West Ham United,0,10,1,1,1,0,1.0,1.0,1.0,10.6,4.4,2.0,0.6666666666666666,0.6,1.7,13.4,3.0,1.2,1.0,1.7,11.3,13.6,3.9,4.4,2.0,2.7
55,12436488,Premier League,24/25,2024-11-23 15:00:00,Everton,Brentford,1,11,1,1,1,0,0.3333333333333333,0.6,1.0,12.6,4.8,1.8,0.6666666666666666,0.4,1.4,12.2,3.2,1.4,0.9090909090909091,1.5454545454545454,11.909090909090908,13.363636363636363,3.909090909090909,4.545454545454546,1.8181818181818181,2.6363636363636362
72,12436505,Premier League,24/25,2024-12-01 13:30:00,Everton,Manchester United,0,12,1,1,1,0,0.0,0.6,1.0,16.4,5.4,1.6,0.3333333333333333,0.4,1.0,11.2,3.0,1.6,0.8333333333333334,1.4166666666666667,13.166666666666666,13.0,4.0,4.333333333333333,1.75,2.5833333333333335
268,12436947,Premier League,24/25,2024-12-04 19:30:00,Everton,Wolverhampton,1,13,1,1,1,0,0.0,0.2,0.8,15.8,4.2,1.2,1.3333333333333333,1.2,1.1,10.8,3.6,1.8,0.7692307692307693,1.6153846153846154,12.76923076923077,12.846153846153847,3.8461538461538463,4.384615384615385,1.6923076923076923,2.6153846153846154
6,12436438,Premier League,24/25,2024-12-14 15:00:00,Everton,Arsenal,0,14,1,1,1,0,1.3333333333333333,0.8,1.0,16.4,4.0,1.4,1.3333333333333333,1.0,0.8,9.2,3.4,2.0,1.0,1.5,12.785714285714286,12.357142857142858,3.857142857142857,4.214285714285714,1.7142857142857142,2.5714285714285716
33,12436466,Premier League,24/25,2024-12-22 14:00:00,Everton,Chelsea,1,15,1,1,1,0,1.3333333333333333,0.8,0.9,13.6,3.0,0.8,1.3333333333333333,0.8,0.7,10.0,4.0,2.0,0.9333333333333333,1.4,12.066666666666666,12.4,3.6,4.266666666666667,1.6,2.466666666666667
48,12436481,Premier League,24/25,2024-12-26 12:30:00,Everton,Manchester City,0,16,1,1,1,0,1.3333333333333333,0.8,0.7,11.0,3.0,1.2,0.0,0.8,0.6,10.2,3.8,2.2,0.875,1.3125,11.625,12.375,3.625,4.3125,1.625,2.5
84,12436517,Premier League,24/25,2024-12-29 15:00:00,Everton,Nottingham Forest,1,17,1,1,1,0,0.3333333333333333,1.0,0.8,7.2,2.6,1.2,0.3333333333333333,1.0,0.7,13.2,4.4,2.6,0.8823529411764706,1.2941176470588236,11.411764705882353,13.058823529411764,3.588235294117647,4.352941176470588,1.588235294117647,2.588235294117647
85,12436518,Premier League,24/25,2025-01-04 15:00:00,Everton,Bournemouth,0,18,1,1,1,0,0.3333333333333333,1.0,0.6,8.2,2.6,1.0,1.0,0.6,0.9,13.2,4.8,3.0,0.8333333333333334,1.3333333333333333,11.5,12.944444444444445,3.5,4.5,1.5,2.7222222222222223
3,12436434,Premier League,24/25,2025-01-15 19:30:00,Everton,Aston Villa,1,19,1,1,1,0,0.3333333333333333,0.2,0.5,7.4,1.8,0.8,1.3333333333333333,0.8,0.9,15.8,6.0,3.6,0.7894736842105263,1.3157894736842106,11.368421052631579,13.263157894736842,3.3157894736842106,4.684210526315789,1.4736842105263157,2.8421052631578947
16,12436448,Premier League,24/25,2025-01-19 14:00:00,Everton,Tottenham Hotspur,1,20,1,1,1,0,0.0,0.2,0.5,9.0,2.4,1.4,1.3333333333333333,1.0,0.9,15.4,5.6,4.2,0.75,1.3,11.3,13.15,3.3,4.6,1.55,2.9
218,12436895,Premier League,24/25,2025-01-25 15:00:00,Everton,Brighton & Hove Albion,0,21,1,1,1,0,1.0,0.8,0.8,10.4,2.8,2.0,1.3333333333333333,1.4,1.1,15.2,5.8,4.0,0.8571428571428571,1.3333333333333333,11.333333333333334,13.047619047619047,3.4285714285714284,4.666666666666667,1.7142857142857142,2.857142857142857
243,12436921,Premier League,24/25,2025-02-01 15:00:00,Everton,Leicester City,1,22,1,1,1,0,1.3333333333333333,0.8,0.9,9.4,2.4,2.0,1.0,1.2,1.1,13.6,5.0,3.2,0.8636363636363636,1.2727272727272727,10.954545454545455,13.181818181818182,3.3181818181818183,4.5,1.6818181818181819,2.727272727272727
376,13344418,Premier League,24/25,2025-02-12 19:30:00,Everton,Liverpool FC,1,23,1,1,1,0,2.6666666666666665,1.6,1.3,9.4,3.4,3.4,0.6666666666666666,0.8,0.7,13.2,3.8,2.2,1.0,1.2173913043478262,11.043478260869565,13.0,3.4782608695652173,4.3478260869565215,1.9130434782608696,2.608695652173913
260,12436939,Premier League,24/25,2025-02-15 17:30:00,Everton,Crystal Palace,0,24,1,1,1,0,2.3333333333333335,2.0,1.1,9.6,4.0,3.4,0.6666666666666666,1.0,0.9,10.6,3.0,1.6,1.0416666666666667,1.25,11.0,12.708333333333334,3.4583333333333335,4.333333333333333,1.875,2.5833333333333335
189,12436625,Premier League,24/25,2025-02-22 12:30:00,Everton,Manchester United,1,25,1,1,1,0,2.6666666666666665,2.4,1.3,9.8,4.6,3.2,1.0,1.0,1.0,11.8,3.6,1.6,1.08,1.24,11.0,12.88,3.56,4.4,1.88,2.64
288,12436968,Premier League,24/25,2025-02-26 19:30:00,Everton,Brentford,0,26,1,1,1,0,2.0,2.2,1.5,9.2,5.0,3.0,1.6666666666666667,1.0,1.2,11.4,3.0,1.4,1.1153846153846154,1.2692307692307692,10.923076923076923,12.73076923076923,3.730769230769231,4.346153846153846,1.9615384615384615,2.576923076923077
329,12437012,Premier League,24/25,2025-03-08 20:00:00,Everton,Wolverhampton,0,27,1,1,1,0,1.6666666666666667,2.2,1.5,11.4,5.6,3.4,1.3333333333333333,1.2,1.2,10.6,3.4,1.8,1.1111111111111112,1.2592592592592593,11.037037037037036,12.703703703703704,3.740740740740741,4.296296296296297,2.0,2.5555555555555554
337,12437021,Premier League,24/25,2025-03-15 15:00:00,Everton,West Ham United,1,28,1,1,1,0,1.3333333333333333,1.6,1.6,11.2,5.0,2.4,1.3333333333333333,1.4,1.1,11.0,3.8,2.0,1.1071428571428572,1.25,11.071428571428571,12.642857142857142,3.75,4.25,2.0,2.5
159,12436593,Premier League,24/25,2025-04-02 19:00:00,Everton,Liverpool FC,0,29,1,1,1,0,1.0,1.4,1.7,11.8,5.4,2.4,1.0,1.2,1.1,11.8,4.0,1.8,1.103448275862069,1.2413793103448276,11.137931034482758,12.551724137931034,3.793103448275862,4.275862068965517,1.9655172413793103,2.4482758620689653
162,12436596,Premier League,24/25,2025-04-05 11:30:00,Everton,Arsenal,1,30,1,1,1,0,0.6666666666666666,1.0,1.7,10.6,4.2,2.4,1.0,1.2,1.1,11.8,3.4,1.2,1.0666666666666667,1.2333333333333334,10.933333333333334,12.7,3.6666666666666665,4.233333333333333,1.9666666666666666,2.4
177,12436613,Premier League,24/25,2025-04-12 14:00:00,Everton,Nottingham Forest,0,31,1,1,1,0,0.6666666666666666,0.8,1.5,9.8,3.0,2.0,1.0,1.0,1.0,12.8,3.8,1.2,1.064516129032258,1.2258064516129032,10.741935483870968,12.741935483870968,3.6129032258064515,4.258064516129032,1.967741935483871,2.3548387096774195
192,12436628,Premier League,24/25,2025-04-19 14:00:00,Everton,Manchester City,1,32,1,1,1,0,0.6666666666666666,0.8,1.5,9.6,3.2,1.8,0.6666666666666666,0.8,1.0,12.4,4.2,0.8,1.0625,1.1875,10.8125,12.65625,3.65625,4.28125,1.96875,2.28125
117,12436550,Premier League,24/25,2025-04-26 11:30:00,Everton,Chelsea,0,33,1,1,1,0,0.6666666666666666,0.6,1.1,8.8,3.0,1.6,1.0,1.0,1.2,12.6,5.0,1.2,1.0303030303030303,1.2121212121212122,10.727272727272727,12.636363636363637,3.6363636363636362,4.363636363636363,1.9393939393939394,2.303030303030303
138,12436572,Premier League,24/25,2025-05-03 14:00:00,Everton,Ipswich Town,1,34,1,1,1,0,0.3333333333333333,0.4,0.9,7.4,2.6,1.8,1.0,1.0,1.1,12.6,5.4,1.2,1.0,1.2058823529411764,10.588235294117647,12.558823529411764,3.6176470588235294,4.4411764705882355,1.9411764705882353,2.264705882352941
132,12436566,Premier League,24/25,2025-05-10 14:00:00,Everton,Fulham,0,35,1,1,1,0,0.6666666666666666,0.8,0.9,8.0,3.2,1.8,1.6666666666666667,1.2,1.2,11.6,5.8,1.2,1.0285714285714285,1.2285714285714286,10.514285714285714,12.542857142857143,3.6,4.457142857142857,1.9428571428571428,2.2285714285714286
145,12436579,Premier League,24/25,2025-05-18 11:00:00,Everton,Southampton,1,36,1,1,1,0,1.6666666666666667,1.2,1.0,9.2,4.2,2.0,1.3333333333333333,1.2,1.1,12.4,6.0,1.2,1.0833333333333333,1.2222222222222223,10.527777777777779,12.694444444444445,3.6944444444444446,4.5,1.9722222222222223,2.1944444444444446
108,12436541,Premier League,24/25,2025-05-25 15:00:00,Everton,Newcastle United,0,37,1,1,1,0,2.3333333333333335,1.4,1.1,9.2,4.2,2.4,1.0,1.2,1.0,11.6,5.4,1.6,1.1081081081081081,1.1891891891891893,10.594594594594595,12.513513513513514,3.72972972972973,4.4324324324324325,2.027027027027027,2.189189189189189
194,12436870,Premier League,24/25,2024-08-16 19:00:00,Fulham,Manchester United,0,0,0,0,0,1,,,,,,,,,,,,,,,,,,,,
217,12436894,Premier League,24/25,2024-08-24 14:00:00,Fulham,Leicester City,1,1,0,0,0,1,0.0,0.0,0.0,10.0,2.0,0.0,1.0,1.0,1.0,14.0,5.0,4.0,0.0,1.0,10.0,14.0,2.0,5.0,0.0,4.0
238,12436915,Premier League,24/25,2024-08-31 14:00:00,Fulham,Ipswich Town,0,2,0,0,0,1,1.0,1.0,1.0,14.0,4.0,1.5,1.0,1.0,1.0,12.0,4.5,2.5,1.0,1.0,14.0,12.0,4.0,4.5,1.5,2.5
262,12436941,Premier League,24/25,2024-09-14 14:00:00,Fulham,West Ham United,1,3,1,0,0,1,1.0,1.0,1.0,12.333333333333334,4.0,1.6666666666666667,1.0,1.0,1.0,11.666666666666666,4.333333333333333,2.0,1.0,1.0,12.333333333333334,11.666666666666666,4.0,4.333333333333333,1.6666666666666667,2.0
284,12436964,Premier League,24/25,2024-09-21 14:00:00,Fulham,Newcastle United,1,4,1,0,0,1,1.3333333333333333,1.0,1.0,14.5,4.25,2.25,1.0,1.0,1.0,11.5,4.0,1.75,1.0,1.0,14.5,11.5,4.25,4.0,2.25,1.75
318,12437001,Premier League,24/25,2024-09-28 14:00:00,Fulham,Nottingham Forest,0,5,1,1,0,0,1.6666666666666667,1.4,1.4,16.0,5.6,2.8,1.0,1.0,1.0,12.4,4.2,1.6,1.4,1.0,16.0,12.4,5.6,4.2,2.8,1.6
338,12437022,Premier League,24/25,2024-10-05 14:00:00,Fulham,Manchester City,0,6,1,1,0,0,1.6666666666666667,1.6,1.3333333333333333,16.8,5.6,3.0,0.6666666666666666,0.8,0.8333333333333334,11.8,3.4,0.8,1.3333333333333333,0.8333333333333334,15.666666666666666,12.166666666666666,5.0,3.6666666666666665,2.5,1.3333333333333333
344,12437028,Premier League,24/25,2024-10-19 14:00:00,Fulham,Aston Villa,1,7,1,1,0,0,2.0,1.6,1.4285714285714286,15.4,5.2,3.4,1.3333333333333333,1.2,1.1428571428571428,13.8,4.0,0.8,1.4285714285714286,1.1428571428571428,15.0,13.285714285714286,4.857142857142857,4.142857142857143,2.857142857142857,1.2857142857142858
361,12437047,Premier League,24/25,2024-10-26 16:30:00,Fulham,Everton,0,8,1,1,0,0,1.3333333333333333,1.6,1.375,15.6,5.2,3.8,2.0,1.6,1.375,14.4,4.2,1.0,1.375,1.375,14.375,13.375,4.75,4.25,3.0,1.375
366,12437052,Premier League,24/25,2024-11-04 20:00:00,Fulham,Brentford,1,9,1,1,0,0,1.3333333333333333,1.6,1.3333333333333333,14.2,4.8,3.2,2.3333333333333335,1.6,1.3333333333333333,14.2,4.6,1.0,1.3333333333333333,1.3333333333333333,14.333333333333334,13.0,4.555555555555555,4.333333333333333,2.7777777777777777,1.3333333333333333
50,12436483,Premier League,24/25,2024-11-09 15:00:00,Fulham,Crystal Palace,0,10,1,1,1,0,1.3333333333333333,1.4,1.4,15.0,5.0,2.4,1.6666666666666667,1.6,1.3,12.0,4.0,1.0,1.4,1.3,15.5,12.2,5.3,4.1,2.6,1.3
57,12436490,Premier League,24/25,2024-11-23 15:00:00,Fulham,Wolverhampton,1,11,1,1,1,0,1.6666666666666667,1.6,1.6,15.6,6.0,2.8,0.6666666666666666,1.6,1.2,12.4,4.8,1.8,1.4545454545454546,1.1818181818181819,15.636363636363637,12.272727272727273,5.454545454545454,4.181818181818182,2.6363636363636362,1.5454545454545454
74,12436507,Premier League,24/25,2024-12-01 13:30:00,Fulham,Tottenham Hotspur,0,12,1,1,1,0,1.6666666666666667,1.4,1.5,15.4,5.8,2.0,1.6666666666666667,1.8,1.5,10.4,4.4,2.0,1.4166666666666667,1.4166666666666667,15.166666666666666,12.083333333333334,5.25,4.25,2.5,1.5833333333333333
275,12436955,Premier League,24/25,2024-12-05 19:30:00,Fulham,Brighton & Hove Albion,1,13,1,1,1,0,1.3333333333333333,1.4,1.5,16.2,6.2,1.8,1.6666666666666667,1.4,1.5,9.2,4.0,2.0,1.3846153846153846,1.3846153846153846,15.076923076923077,11.76923076923077,5.3076923076923075,4.153846153846154,2.5384615384615383,1.6153846153846154
26,12436459,Premier League,24/25,2024-12-08 14:00:00,Fulham,Arsenal,1,14,1,1,1,0,1.6666666666666667,1.8,1.7,14.6,6.0,1.8,2.0,1.4,1.5,9.8,3.6,2.4,1.5,1.3571428571428572,14.428571428571429,11.857142857142858,5.071428571428571,4.071428571428571,2.4285714285714284,1.7142857142857142
14,12436446,Premier League,24/25,2024-12-14 15:00:00,Fulham,Liverpool FC,0,15,1,1,1,0,1.6666666666666667,1.6,1.5,9.8,4.0,1.6,1.0,1.4,1.5,11.2,4.0,3.0,1.4666666666666666,1.3333333333333333,13.6,11.866666666666667,4.866666666666666,4.066666666666666,2.2666666666666666,1.8666666666666667
35,12436468,Premier League,24/25,2024-12-22 14:00:00,Fulham,Southampton,1,16,1,1,1,0,2.0,1.6,1.6,8.8,3.2,1.2,1.3333333333333333,1.8,1.7,11.8,3.8,2.8,1.5,1.375,13.5,12.125,4.75,4.0625,2.1875,1.9375
40,12436473,Premier League,24/25,2024-12-26 15:00:00,Fulham,Chelsea,0,17,1,1,1,0,1.0,1.4,1.4,9.8,3.6,1.4,1.0,1.0,1.4,10.8,3.0,2.4,1.411764705882353,1.2941176470588236,13.588235294117647,11.705882352941176,4.764705882352941,3.8823529411764706,2.176470588235294,1.8235294117647058
82,12436515,Premier League,24/25,2024-12-29 15:00:00,Fulham,Bournemouth,1,18,1,1,1,0,1.3333333333333333,1.6,1.5,9.8,3.8,1.4,1.0,1.0,1.2,11.6,4.0,2.6,1.4444444444444444,1.2777777777777777,13.61111111111111,11.722222222222221,4.888888888888889,4.111111111111111,2.2222222222222223,1.8888888888888888
92,12436525,Premier League,24/25,2025-01-05 14:00:00,Fulham,Ipswich Town,1,19,1,1,1,0,1.3333333333333333,1.4,1.6,10.8,4.6,1.4,1.0,1.2,1.3,12.2,5.2,2.6,1.4736842105263157,1.3157894736842106,13.473684210526315,11.947368421052632,4.947368421052632,4.368421052631579,2.1578947368421053,1.9473684210526316
76,12436509,Premier League,24/25,2025-01-14 19:30:00,Fulham,West Ham United,0,20,1,1,1,0,2.0,1.6,1.6,13.4,5.0,2.2,1.6666666666666667,1.4,1.4,11.2,5.0,2.4,1.5,1.35,13.55,11.7,4.9,4.3,2.25,2.0
10,12436442,Premier League,24/25,2025-01-18 15:00:00,Fulham,Leicester City,0,21,1,1,1,0,2.0,1.6,1.6,15.2,5.4,2.6,2.3333333333333335,1.6,1.7,8.8,4.8,2.2,1.5238095238095237,1.4285714285714286,13.904761904761905,11.333333333333334,4.904761904761905,4.238095238095238,2.2857142857142856,2.0
222,12436899,Premier League,24/25,2025-01-26 19:00:00,Fulham,Manchester United,1,22,1,1,1,0,2.0,2.0,1.7,15.6,4.8,3.0,1.6666666666666667,1.6,1.3,9.4,5.4,2.4,1.5454545454545454,1.3636363636363635,14.045454545454545,11.181818181818182,4.7727272727272725,4.2272727272727275,2.3636363636363638,1.9545454545454546
250,12436928,Premier League,24/25,2025-02-01 15:00:00,Fulham,Newcastle United,0,23,1,1,1,0,1.3333333333333333,1.6,1.6,14.6,4.0,3.0,1.3333333333333333,1.6,1.3,7.8,4.0,2.25,1.4782608695652173,1.3478260869565217,13.826086956521738,10.869565217391305,4.695652173913044,4.086956521739131,2.3636363636363638,1.9545454545454546
261,12436940,Premier League,24/25,2025-02-15 15:00:00,Fulham,Nottingham Forest,1,24,1,1,1,0,1.3333333333333333,1.6,1.5,15.4,3.6,3.25,0.6666666666666666,1.4,1.3,6.8,3.0,2.25,1.5,1.3333333333333333,13.875,10.875,4.666666666666667,4.083333333333333,2.347826086956522,2.0
188,12436624,Premier League,24/25,2025-02-22 15:00:00,Fulham,Crystal Palace,1,25,1,1,1,0,1.3333333333333333,1.6,1.6,17.2,4.8,3.25,1.0,1.2,1.3,7.0,2.8,1.5,1.52,1.32,14.28,10.76,4.88,4.0,2.4166666666666665,1.9166666666666667
299,12436981,Premier League,24/25,2025-02-25 19:30:00,Fulham,Wolverhampton,0,26,1,1,1,0,1.3333333333333333,1.2,1.4,15.0,3.8,2.5,1.3333333333333333,1.0,1.3,8.2,3.2,1.5,1.4615384615384615,1.3461538461538463,14.115384615384615,10.73076923076923,4.6923076923076925,4.038461538461538,2.32,1.92
314,12436996,Premier League,24/25,2025-03-08 15:00:00,Fulham,Brighton & Hove Albion,0,27,1,1,1,0,1.3333333333333333,1.2,1.6,13.8,4.4,2.5,1.3333333333333333,1.2,1.4,10.2,3.4,1.25,1.4814814814814814,1.3333333333333333,14.0,11.0,4.703703703703703,4.074074074074074,2.3846153846153846,1.8461538461538463
339,12437023,Premier League,24/25,2025-03-16 13:30:00,Fulham,Tottenham Hotspur,1,28,1,1,1,0,1.0,1.4,1.5,13.2,4.0,2.2,1.6666666666666667,1.4,1.5,11.2,4.0,1.6,1.4642857142857142,1.3571428571428572,13.714285714285714,10.928571428571429,4.571428571428571,4.071428571428571,2.3333333333333335,1.8888888888888888
146,12436580,Premier League,24/25,2025-04-01 18:45:00,Fulham,Arsenal,0,29,1,1,1,0,1.6666666666666667,1.4,1.5,12.8,4.0,2.2,1.0,1.2,1.3,11.4,4.0,1.4,1.4827586206896552,1.3103448275862069,13.689655172413794,10.96551724137931,4.551724137931035,4.068965517241379,2.3214285714285716,1.8928571428571428
164,12436598,Premier League,24/25,2025-04-06 13:00:00,Fulham,Liverpool FC,1,30,1,1,1,0,1.3333333333333333,1.2,1.4,9.8,2.6,1.8,1.3333333333333333,1.4,1.3,13.2,4.4,1.8,1.4666666666666666,1.3333333333333333,13.533333333333333,11.166666666666666,4.5,4.066666666666666,2.310344827586207,1.896551724137931
379,13560222,Premier League,24/25,2025-04-14 19:00:00,Fulham,Bournemouth,0,31,1,1,1,0,2.0,1.8,1.5,10.2,3.8,2.4,1.3333333333333333,1.4,1.2,14.0,4.6,2.0,1.5161290322580645,1.3548387096774193,13.483870967741936,11.258064516129032,4.548387096774194,4.129032258064516,2.3333333333333335,1.9333333333333333
182,12436618,Premier League,24/25,2025-04-20 13:00:00,Fulham,Chelsea,1,32,1,1,1,0,1.3333333333333333,1.4,1.3,10.4,4.2,1.8,1.6666666666666667,1.4,1.3,12.8,4.2,2.4,1.46875,1.34375,13.4375,11.28125,4.625,4.09375,2.2903225806451615,1.935483870967742
106,12436539,Premier League,24/25,2025-04-26 14:00:00,Fulham,Southampton,0,33,1,1,1,0,1.3333333333333333,1.4,1.4,10.4,4.2,1.6,1.6666666666666667,1.4,1.4,13.6,5.0,2.0,1.4545454545454546,1.3636363636363635,13.212121212121213,11.333333333333334,4.515151515151516,4.212121212121212,2.21875,1.90625
120,12436553,Premier League,24/25,2025-05-03 11:30:00,Fulham,Aston Villa,0,34,1,1,1,0,1.0,1.4,1.4,13.0,4.4,1.4,1.3333333333333333,1.6,1.4,12.6,4.8,1.8,1.4705882352941178,1.3529411764705883,13.588235294117647,11.205882352941176,4.529411764705882,4.176470588235294,2.1818181818181817,1.878787878787879
132,12436566,Premier League,24/25,2025-05-10 14:00:00,Fulham,Everton,1,35,1,1,1,0,1.0,1.2,1.2,13.4,4.4,1.2,1.3333333333333333,1.4,1.4,11.2,4.6,2.4,1.4285714285714286,1.3428571428571427,13.514285714285714,11.17142857142857,4.485714285714286,4.142857142857143,2.1470588235294117,1.9705882352941178
152,12436586,Premier League,24/25,2025-05-18 14:00:00,Fulham,Brentford,0,36,1,1,1,0,1.0,0.8,1.3,14.6,4.4,0.8,1.6666666666666667,1.6,1.5,10.6,4.8,2.4,1.4166666666666667,1.3888888888888888,13.63888888888889,11.166666666666666,4.527777777777778,4.222222222222222,2.1142857142857143,2.0
125,12436559,Premier League,24/25,2025-05-25 15:00:00,Fulham,Manchester City,1,37,1,1,1,0,1.3333333333333333,1.4,1.4,15.4,4.4,1.0,2.0,1.8,1.6,10.4,5.4,2.8,1.4594594594594594,1.4054054054054055,13.702702702702704,11.162162162162161,4.594594594594595,4.27027027027027,2.111111111111111,2.0555555555555554
195,12436871,Premier League,24/25,2024-08-17 11:30:00,Ipswich Town,Liverpool FC,1,0,0,0,0,1,,,,,,,,,,,,,,,,,,,,
221,12436898,Premier League,24/25,2024-08-24 14:00:00,Ipswich Town,Manchester City,0,1,0,0,0,1,0.0,0.0,0.0,7.0,2.0,0.0,2.0,2.0,2.0,18.0,5.0,6.0,0.0,2.0,7.0,18.0,2.0,5.0,0.0,6.0
238,12436915,Premier League,24/25,2024-08-31 14:00:00,Ipswich Town,Fulham,1,2,0,0,0,1,0.5,0.5,0.5,4.0,1.5,0.5,3.0,3.0,3.0,16.0,5.0,5.5,0.5,3.0,4.0,16.0,1.5,5.0,0.5,5.5
257,12436936,Premier League,24/25,2024-09-14 14:00:00,Ipswich Town,Brighton & Hove Albion,0,3,1,0,0,1,0.6666666666666666,0.6666666666666666,0.6666666666666666,6.333333333333333,2.3333333333333335,0.6666666666666666,2.3333333333333335,2.3333333333333335,2.3333333333333335,13.666666666666666,4.666666666666667,4.333333333333333,0.6666666666666666,2.3333333333333335,6.333333333333333,13.666666666666666,2.3333333333333335,4.666666666666667,0.6666666666666666,4.333333333333333
293,12436973,Premier League,24/25,2024-09-21 14:00:00,Ipswich Town,Southampton,0,4,1,0,0,1,0.6666666666666666,0.5,0.5,6.25,2.0,0.75,1.6666666666666667,1.75,1.75,15.5,5.0,4.0,0.5,1.75,6.25,15.5,2.0,5.0,0.75,4.0
311,12436993,Premier League,24/25,2024-09-29 13:00:00,Ipswich Town,Aston Villa,1,5,1,1,0,0,0.6666666666666666,0.6,0.6,7.6,2.8,1.0,0.6666666666666666,1.6,1.6,14.6,4.6,4.0,0.6,1.6,7.6,14.6,2.8,4.6,1.0,4.0
340,12437024,Premier League,24/25,2024-10-05 14:00:00,Ipswich Town,West Ham United,0,6,1,1,0,0,1.0,1.0,0.8333333333333334,9.2,3.4,1.8,1.0,1.6,1.6666666666666667,12.4,4.2,3.2,0.8333333333333334,1.6666666666666667,8.833333333333334,13.333333333333334,3.1666666666666665,4.333333333333333,1.5,3.6666666666666665
346,12437030,Premier League,24/25,2024-10-19 14:15:00,Ipswich Town,Everton,1,7,1,1,0,0,1.3333333333333333,1.0,0.8571428571428571,10.8,3.6,2.0,2.3333333333333335,1.6,2.0,14.2,5.8,4.0,0.8571428571428571,2.0,8.857142857142858,14.714285714285714,3.0,5.571428571428571,1.5714285714285714,4.428571428571429
357,12437043,Premier League,24/25,2024-10-26 14:00:00,Ipswich Town,Brentford,0,8,1,1,0,0,1.0,0.8,0.75,11.2,3.2,2.2,2.6666666666666665,1.8,2.0,14.6,6.6,4.2,0.75,2.0,9.375,14.25,2.875,5.875,1.625,4.25
367,12437053,Premier League,24/25,2024-11-02 15:00:00,Ipswich Town,Leicester City,1,9,1,1,0,0,1.3333333333333333,1.4,1.0,12.2,4.0,2.8,3.3333333333333335,2.6,2.2222222222222223,14.4,7.2,5.0,1.0,2.2222222222222223,9.555555555555555,14.88888888888889,3.111111111111111,6.222222222222222,1.8888888888888888,4.555555555555555
59,12436492,Premier League,24/25,2024-11-10 14:00:00,Ipswich Town,Tottenham Hotspur,0,10,1,1,1,0,1.3333333333333333,1.4,1.0,12.4,3.2,2.8,2.3333333333333335,2.6,2.1,16.2,7.8,5.0,1.0,2.1,10.0,15.4,3.0,6.2,1.9,4.5
64,12436497,Premier League,24/25,2024-11-24 16:30:00,Ipswich Town,Manchester United,1,11,1,1,1,0,2.0,1.4,1.2,11.0,2.8,2.8,2.0,2.4,2.0,18.2,8.2,5.0,1.0909090909090908,2.0,9.818181818181818,15.545454545454545,3.0,6.090909090909091,2.090909090909091,4.2727272727272725
70,12436503,Premier League,24/25,2024-11-30 15:00:00,Ipswich Town,Nottingham Forest,0,12,1,1,1,0,1.3333333333333333,1.4,1.2,11.4,3.6,3.0,1.0,1.8,1.7,15.8,6.4,3.6,1.0833333333333333,1.9166666666666667,9.916666666666666,15.166666666666666,3.25,5.916666666666667,2.1666666666666665,4.083333333333333
281,12436961,Premier League,24/25,2024-12-03 19:30:00,Ipswich Town,Crystal Palace,1,13,1,1,1,0,1.0,1.4,1.1,10.2,3.8,2.6,1.0,1.6,1.7,16.0,5.8,3.4,1.0,1.8461538461538463,9.692307692307692,14.923076923076923,3.230769230769231,5.846153846153846,2.0,3.923076923076923
29,12436462,Premier League,24/25,2024-12-08 14:00:00,Ipswich Town,Bournemouth,1,14,1,1,1,0,0.3333333333333333,0.8,1.1,9.8,3.2,2.0,1.0,1.0,1.8,14.6,4.6,2.6,0.9285714285714286,1.7857142857142858,9.642857142857142,14.785714285714286,3.142857142857143,5.642857142857143,1.9285714285714286,3.857142857142857
23,12436456,Premier League,24/25,2024-12-14 15:00:00,Ipswich Town,Wolverhampton,0,15,1,1,1,0,0.3333333333333333,0.8,1.1,10.6,3.8,1.8,1.3333333333333333,1.2,1.9,15.0,4.6,2.8,0.9333333333333333,1.8,10.2,15.266666666666667,3.2666666666666666,5.666666666666667,1.8666666666666667,3.933333333333333
34,12436467,Premier League,24/25,2024-12-21 15:00:00,Ipswich Town,Newcastle United,1,16,1,1,1,0,1.0,0.8,1.1,11.0,4.2,1.4,1.3333333333333333,1.2,1.8,14.8,4.8,2.6,1.0,1.75,10.1875,15.3125,3.375,5.6875,1.875,3.75
39,12436472,Premier League,24/25,2024-12-27 20:15:00,Ipswich Town,Arsenal,0,17,1,1,1,0,1.0,0.6,1.0,10.8,3.4,1.0,2.3333333333333335,1.8,1.8,15.6,5.4,3.4,0.9411764705882353,1.8823529411764706,10.176470588235293,15.294117647058824,3.2941176470588234,5.764705882352941,1.8235294117647058,3.8823529411764706
77,12436510,Premier League,24/25,2024-12-30 19:45:00,Ipswich Town,Chelsea,1,18,1,1,1,0,0.6666666666666666,0.6,1.0,10.0,2.8,1.0,2.0,1.8,1.7,15.8,5.4,3.6,0.8888888888888888,1.8333333333333333,9.777777777777779,15.166666666666666,3.111111111111111,5.722222222222222,1.7222222222222223,3.8333333333333335
92,12436525,Premier League,24/25,2025-01-05 14:00:00,Ipswich Town,Fulham,0,19,1,1,1,0,0.6666666666666666,1.0,0.9,10.0,3.6,1.2,1.6666666666666667,1.6,1.3,17.2,5.8,3.8,0.9473684210526315,1.736842105263158,9.736842105263158,15.421052631578947,3.263157894736842,5.684210526315789,1.736842105263158,3.8421052631578947
91,12436524,Premier League,24/25,2025-01-16 19:30:00,Ipswich Town,Brighton & Hove Albion,1,20,1,1,1,0,1.3333333333333333,1.2,1.0,7.8,3.2,1.6,1.0,1.6,1.4,15.8,5.4,3.6,1.0,1.75,9.6,15.4,3.25,5.6,1.8,3.85
7,12436439,Premier League,24/25,2025-01-19 16:30:00,Ipswich Town,Manchester City,1,21,1,1,1,0,1.3333333333333333,0.8,0.8,6.8,2.8,1.5,1.3333333333333333,1.8,1.5,14.8,5.2,4.25,0.9523809523809523,1.7619047619047619,9.380952380952381,15.19047619047619,3.238095238095238,5.571428571428571,1.8,3.85
224,12436901,Premier League,24/25,2025-01-25 15:00:00,Ipswich Town,Liverpool FC,0,22,1,1,1,0,0.6666666666666666,0.8,0.7,6.4,3.2,1.5,3.3333333333333335,2.2,2.0,15.2,5.6,4.25,0.9090909090909091,1.9545454545454546,9.318181818181818,15.272727272727273,3.272727272727273,5.7272727272727275,1.7619047619047619,3.9523809523809526
246,12436924,Premier League,24/25,2025-02-01 15:00:00,Ipswich Town,Southampton,1,23,1,1,1,0,0.3333333333333333,1.0,0.8,6.4,3.8,2.0,4.0,2.8,2.3,15.8,5.8,4.25,0.9130434782608695,2.0434782608695654,9.043478260869565,15.304347826086957,3.260869565217391,5.739130434782608,1.7727272727272727,3.909090909090909
255,12436934,Premier League,24/25,2025-02-15 15:00:00,Ipswich Town,Aston Villa,0,24,1,1,1,0,0.6666666666666666,0.8,0.9,7.6,3.8,2.0,4.0,3.2,2.4,13.6,5.6,3.5,0.9166666666666666,2.0416666666666665,9.291666666666666,15.041666666666666,3.375,5.666666666666667,1.7826086956521738,3.782608695652174
193,12436629,Premier League,24/25,2025-02-22 15:00:00,Ipswich Town,Tottenham Hotspur,1,25,1,1,1,0,1.0,0.6,0.9,7.0,3.8,1.25,2.3333333333333335,3.0,2.3,15.6,6.0,4.0,0.92,2.0,9.08,15.44,3.36,5.68,1.7083333333333333,3.875
309,12436991,Premier League,24/25,2025-02-26 19:30:00,Ipswich Town,Manchester United,0,26,1,1,1,0,1.0,0.8,0.8,9.4,4.2,1.6,2.3333333333333335,3.4,2.6,15.4,6.2,3.4,0.9230769230769231,2.076923076923077,9.384615384615385,15.23076923076923,3.423076923076923,5.6923076923076925,1.76,3.76
317,12437000,Premier League,24/25,2025-03-08 15:00:00,Ipswich Town,Crystal Palace,0,27,1,1,1,0,1.3333333333333333,1.2,1.0,10.2,4.0,1.6,2.6666666666666665,2.8,2.5,14.0,5.6,2.6,0.9629629629629629,2.111111111111111,9.481481481481481,15.037037037037036,3.4074074074074074,5.703703703703703,1.7307692307692308,3.6923076923076925
341,12437025,Premier League,24/25,2025-03-15 15:00:00,Ipswich Town,Nottingham Forest,1,28,1,1,1,0,1.0,1.0,1.0,12.6,5.0,2.0,2.6666666666666665,2.2,2.5,14.6,5.2,3.0,0.9285714285714286,2.0714285714285716,9.678571428571429,15.178571428571429,3.5714285714285716,5.642857142857143,1.8148148148148149,3.740740740740741
142,12436576,Premier League,24/25,2025-04-02 18:45:00,Ipswich Town,Bournemouth,0,29,1,1,1,0,1.3333333333333333,1.2,1.0,11.8,4.6,1.6,2.6666666666666665,2.6,2.9,15.0,5.6,3.4,0.9655172413793104,2.1379310344827585,9.724137931034482,15.03448275862069,3.586206896551724,5.655172413793103,1.75,3.7142857142857144
167,12436601,Premier League,24/25,2025-04-05 14:00:00,Ipswich Town,Wolverhampton,1,30,1,1,1,0,1.3333333333333333,1.4,1.0,13.0,4.4,2.2,2.0,2.6,2.8,14.8,5.8,2.6,1.0,2.1,9.733333333333333,15.333333333333334,3.533333333333333,5.7,1.793103448275862,3.6551724137931036
173,12436609,Premier League,24/25,2025-04-13 13:00:00,Ipswich Town,Chelsea,0,31,1,1,1,0,1.6666666666666667,1.4,1.1,10.8,3.8,1.8,2.3333333333333335,2.2,2.8,17.2,6.0,3.2,1.0,2.096774193548387,9.612903225806452,15.548387096774194,3.4838709677419355,5.741935483870968,1.7666666666666666,3.6666666666666665
184,12436620,Premier League,24/25,2025-04-20 13:00:00,Ipswich Town,Arsenal,1,32,1,1,1,0,1.6666666666666667,1.4,1.3,11.0,4.0,2.2,1.6666666666666667,2.0,2.4,22.0,6.6,3.6,1.03125,2.09375,9.71875,16.125,3.5,5.84375,1.8064516129032258,3.6774193548387095
112,12436545,Premier League,24/25,2025-04-26 14:00:00,Ipswich Town,Newcastle United,0,33,1,1,1,0,1.0,1.4,1.2,8.8,2.4,1.4,2.6666666666666665,2.6,2.4,23.0,7.2,3.2,1.0,2.1515151515151514,9.545454545454545,16.363636363636363,3.393939393939394,5.878787878787879,1.75,3.65625
138,12436572,Premier League,24/25,2025-05-03 14:00:00,Ipswich Town,Everton,0,34,1,1,1,0,0.6666666666666666,1.0,1.1,7.4,1.6,1.4,3.0,2.4,2.5,25.8,7.0,3.8,0.9705882352941176,2.176470588235294,9.382352941176471,16.61764705882353,3.2941176470588234,5.852941176470588,1.696969696969697,3.727272727272727
130,12436564,Premier League,24/25,2025-05-10 14:00:00,Ipswich Town,Brentford,1,35,1,1,1,0,0.6666666666666666,1.0,1.2,7.8,2.2,1.0,3.0,2.6,2.6,22.6,6.2,3.8,1.0,2.1714285714285713,9.457142857142857,16.37142857142857,3.342857142857143,5.771428571428571,1.6764705882352942,3.676470588235294
101,12436534,Premier League,24/25,2025-05-18 14:00:00,Ipswich Town,Leicester City,0,36,1,1,1,0,0.6666666666666666,0.8,1.1,8.8,2.6,1.0,2.0,2.4,2.3,21.2,5.8,3.2,0.9722222222222222,2.138888888888889,9.5,16.333333333333332,3.361111111111111,5.75,1.6571428571428573,3.6
105,12436538,Premier League,24/25,2025-05-25 15:00:00,Ipswich Town,West Ham United,1,37,1,1,1,0,0.6666666666666666,0.4,0.9,10.2,2.2,0.6,1.6666666666666667,2.4,2.2,16.2,4.6,2.4,0.9459459459459459,2.135135135135135,9.783783783783784,16.135135135135137,3.324324324324324,5.675675675675675,1.6388888888888888,3.5
204,12436881,Premier League,24/25,2024-08-19 19:00:00,Leicester City,Tottenham Hotspur,1,0,0,0,0,1,,,,,,,,,,,,,,,,,,,,
217,12436894,Premier League,24/25,2024-08-24 14:00:00,Leicester City,Fulham,0,1,0,0,0,1,1.0,1.0,1.0,7.0,3.0,2.0,1.0,1.0,1.0,15.0,7.0,2.0,1.0,1.0,7.0,15.0,3.0,7.0,2.0,2.0
240,12436918,Premier League,24/25,2024-08-31 14:00:00,Leicester City,Aston Villa,1,2,0,0,0,1,1.0,1.0,1.0,8.5,3.5,1.5,1.5,1.5,1.5,16.5,6.5,2.5,1.0,1.5,8.5,16.5,3.5,6.5,1.5,2.5
259,12436938,Premier League,24/25,2024-09-14 14:00:00,Leicester City,Crystal Palace,0,3,1,0,0,1,1.0,1.0,1.0,8.666666666666666,3.3333333333333335,1.3333333333333333,1.6666666666666667,1.6666666666666667,1.6666666666666667,14.333333333333334,6.0,3.0,1.0,1.6666666666666667,8.666666666666666,14.333333333333334,3.3333333333333335,6.0,1.3333333333333333,3.0
287,12436967,Premier League,24/25,2024-09-21 14:00:00,Leicester City,Everton,1,4,1,0,0,1,1.3333333333333333,1.25,1.25,8.75,3.5,1.75,2.0,1.75,1.75,15.75,5.5,3.25,1.25,1.75,8.75,15.75,3.5,5.5,1.75,3.25
303,12436985,Premier League,24/25,2024-09-28 14:00:00,Leicester City,Arsenal,0,5,1,1,0,0,1.3333333333333333,1.2,1.2,9.4,3.2,1.8,1.6666666666666667,1.6,1.6,16.0,5.4,3.2,1.2,1.6,9.4,16.0,3.2,5.4,1.8,3.2
336,12437020,Premier League,24/25,2024-10-05 14:00:00,Leicester City,Bournemouth,1,6,1,1,0,0,1.6666666666666667,1.4,1.3333333333333333,9.0,3.2,1.4,2.3333333333333335,2.2,2.0,20.0,7.2,4.6,1.3333333333333333,2.0,8.666666666666666,19.166666666666668,3.1666666666666665,7.166666666666667,1.5,4.166666666666667
352,12437037,Premier League,24/25,2024-10-19 14:00:00,Leicester City,Southampton,0,7,1,1,0,0,1.3333333333333333,1.4,1.2857142857142858,8.2,2.8,1.6,1.6666666666666667,1.8,1.7142857142857142,20.2,6.4,5.0,1.2857142857142858,1.7142857142857142,8.285714285714286,19.142857142857142,3.0,6.428571428571429,1.5714285714285714,4.285714285714286
362,12437048,Premier League,24/25,2024-10-25 19:00:00,Leicester City,Nottingham Forest,1,8,1,1,0,0,2.0,1.8,1.5,10.0,3.0,2.2,2.0,1.8,1.75,21.0,6.8,4.8,1.5,1.75,9.5,18.5,3.125,6.5,1.875,4.125
367,12437053,Premier League,24/25,2024-11-02 15:00:00,Leicester City,Ipswich Town,0,9,1,1,0,0,1.6666666666666667,1.6,1.4444444444444444,10.4,2.4,1.8,1.6666666666666667,2.0,1.8888888888888888,21.0,7.0,4.8,1.4444444444444444,1.8888888888888888,9.666666666666666,18.666666666666668,2.888888888888889,6.333333333333333,1.7777777777777777,4.111111111111111
61,12436494,Premier League,24/25,2024-11-10 14:00:00,Leicester City,Manchester United,0,10,1,1,1,0,1.6666666666666667,1.6,1.4,12.0,3.2,2.2,2.0,2.0,1.8,20.4,6.4,4.6,1.4,1.8,10.7,18.2,3.2,5.9,2.0,3.9
62,12436495,Premier League,24/25,2024-11-23 12:30:00,Leicester City,Chelsea,1,11,1,1,1,0,0.6666666666666666,1.2,1.3,12.2,3.6,2.4,2.3333333333333335,1.8,2.0,16.0,3.8,3.0,1.2727272727272727,1.9090909090909092,10.272727272727273,17.727272727272727,3.3636363636363638,5.636363636363637,1.9090909090909092,3.6363636363636362
67,12436500,Premier League,24/25,2024-11-30 15:00:00,Leicester City,Brentford,0,12,1,1,1,0,0.6666666666666666,1.2,1.3,11.8,3.4,2.2,2.0,2.2,2.0,15.4,4.8,2.8,1.25,1.9166666666666667,9.75,17.583333333333332,3.1666666666666665,5.75,1.8333333333333333,3.6666666666666665
286,12436966,Premier League,24/25,2024-12-03 20:15:00,Leicester City,West Ham United,1,13,1,1,1,0,0.6666666666666666,0.8,1.3,9.6,3.2,1.6,3.0,2.6,2.2,15.2,4.6,3.0,1.2307692307692308,2.076923076923077,9.538461538461538,17.23076923076923,3.1538461538461537,5.769230769230769,1.7692307692307692,3.6923076923076925
12,12436444,Premier League,24/25,2024-12-08 14:00:00,Leicester City,Brighton & Hove Albion,1,14,1,1,1,0,1.6666666666666667,1.2,1.4,9.0,4.2,2.8,2.3333333333333335,2.2,2.1,17.4,5.6,3.2,1.3571428571428572,2.0,9.428571428571429,18.214285714285715,3.357142857142857,6.071428571428571,2.142857142857143,3.7857142857142856
27,12436460,Premier League,24/25,2024-12-14 15:00:00,Leicester City,Newcastle United,0,15,1,1,1,0,2.0,1.4,1.5,7.0,3.6,2.6,2.3333333333333335,2.4,2.2,17.8,6.6,2.8,1.4,2.0,9.466666666666667,18.066666666666666,3.3333333333333335,6.133333333333334,2.2,3.533333333333333
36,12436469,Premier League,24/25,2024-12-22 14:00:00,Leicester City,Wolverhampton,1,16,1,1,1,0,1.6666666666666667,1.4,1.3,6.6,2.8,2.4,2.3333333333333335,2.6,2.2,20.6,8.2,3.6,1.3125,2.125,9.125,18.625,3.1875,6.4375,2.0625,3.625
41,12436474,Premier League,24/25,2024-12-26 20:00:00,Leicester City,Liverpool FC,0,17,1,1,1,0,0.6666666666666666,1.2,1.2,7.6,3.6,2.4,3.0,2.8,2.5,19.0,7.6,3.2,1.2352941176470589,2.176470588235294,9.117647058823529,18.0,3.2941176470588234,6.294117647058823,2.0,3.5294117647058822
79,12436512,Premier League,24/25,2024-12-29 14:30:00,Leicester City,Manchester City,1,18,1,1,1,0,0.3333333333333333,1.2,1.0,7.0,3.2,2.2,3.3333333333333335,2.6,2.6,20.2,7.8,2.6,1.2222222222222223,2.2222222222222223,8.833333333333334,18.055555555555557,3.1666666666666665,6.333333333333333,1.8888888888888888,3.388888888888889
90,12436523,Premier League,24/25,2025-01-04 15:00:00,Leicester City,Aston Villa,0,19,1,1,1,0,0.3333333333333333,0.6,0.9,7.6,2.8,1.4,2.6666666666666665,2.8,2.5,16.8,6.8,2.0,1.1578947368421053,2.210526315789474,8.947368421052632,17.842105263157894,3.210526315789474,6.2631578947368425,1.9473684210526316,3.3157894736842106
94,12436527,Premier League,24/25,2025-01-15 19:30:00,Leicester City,Crystal Palace,1,20,1,1,1,0,0.6666666666666666,0.4,0.9,6.4,2.6,1.4,2.3333333333333335,2.8,2.6,16.2,6.4,2.6,1.15,2.2,8.7,17.6,3.15,6.2,2.0,3.3
10,12436442,Premier League,24/25,2025-01-18 15:00:00,Leicester City,Fulham,1,21,1,1,1,0,0.3333333333333333,0.4,0.9,9.8,3.2,2.0,2.0,2.4,2.5,12.6,5.0,2.4,1.0952380952380953,2.1904761904761907,9.285714285714286,17.19047619047619,3.1904761904761907,6.095238095238095,2.0476190476190474,3.3333333333333335
230,12436907,Premier League,24/25,2025-01-26 14:00:00,Leicester City,Tottenham Hotspur,0,22,1,1,1,0,0.3333333333333333,0.4,0.8,9.6,3.0,2.0,2.0,2.2,2.5,14.4,4.6,2.8,1.0454545454545454,2.1818181818181817,9.227272727272727,17.181818181818183,3.227272727272727,5.909090909090909,2.0,3.3636363636363638
243,12436921,Premier League,24/25,2025-02-01 15:00:00,Leicester City,Everton,0,23,1,1,1,0,0.6666666666666666,0.6,0.9,11.2,3.4,2.2,1.6666666666666667,1.8,2.2,13.6,4.4,3.0,1.0869565217391304,2.130434782608696,9.347826086956522,17.08695652173913,3.217391304347826,5.913043478260869,1.9565217391304348,3.3043478260869565
264,12436943,Premier League,24/25,2025-02-15 12:30:00,Leicester City,Arsenal,1,24,1,1,1,0,0.6666666666666666,0.6,0.6,10.8,2.8,1.6,2.3333333333333335,2.2,2.5,13.4,4.8,4.0,1.0416666666666667,2.2083333333333335,9.333333333333334,16.916666666666668,3.125,5.958333333333333,1.875,3.4583333333333335
187,12436623,Premier League,24/25,2025-02-21 20:00:00,Leicester City,Brentford,1,25,1,1,1,0,0.6666666666666666,0.4,0.4,11.2,2.8,1.2,2.3333333333333335,2.2,2.5,13.0,4.8,4.0,1.0,2.2,9.2,16.68,3.08,5.92,1.84,3.44
377,13365051,Premier League,24/25,2025-02-27 20:00:00,Leicester City,West Ham United,0,26,1,1,1,0,0.0,0.4,0.4,8.6,2.6,0.8,3.3333333333333335,2.6,2.5,14.0,5.2,3.8,0.9615384615384616,2.269230769230769,9.153846153846153,16.576923076923077,3.076923076923077,5.923076923076923,1.8076923076923077,3.423076923076923
315,12436998,Premier League,24/25,2025-03-09 14:00:00,Leicester City,Chelsea,0,27,1,1,1,0,0.0,0.4,0.4,9.0,2.2,0.6,2.6666666666666665,2.6,2.4,12.2,5.2,3.8,0.9259259259259259,2.259259259259259,9.185185185185185,16.25925925925926,3.037037037037037,5.777777777777778,1.7407407407407407,3.4444444444444446
343,12437027,Premier League,24/25,2025-03-16 19:00:00,Leicester City,Manchester United,1,28,1,1,1,0,0.0,0.0,0.3,7.2,2.2,0.4,2.3333333333333335,2.6,2.2,13.2,5.4,3.6,0.8928571428571429,2.2142857142857144,8.964285714285714,16.392857142857142,3.0357142857142856,5.821428571428571,1.6785714285714286,3.357142857142857
160,12436594,Premier League,24/25,2025-04-02 18:45:00,Leicester City,Manchester City,0,29,1,1,1,0,0.0,0.0,0.3,7.6,2.6,1.0,2.0,2.4,2.3,14.2,5.0,2.2,0.8620689655172413,2.2413793103448274,9.03448275862069,16.448275862068964,3.0344827586206895,5.793103448275862,1.7241379310344827,3.2413793103448274
378,13560219,Premier League,24/25,2025-04-07 19:00:00,Leicester City,Newcastle United,1,30,1,1,1,0,0.0,0.0,0.2,6.8,2.2,0.8,2.0,2.4,2.3,15.6,5.0,2.0,0.8333333333333334,2.2333333333333334,8.8,16.5,2.933333333333333,5.766666666666667,1.6666666666666667,3.2
171,12436607,Premier League,24/25,2025-04-12 14:00:00,Leicester City,Brighton & Hove Albion,0,31,1,1,1,0,0.0,0.0,0.2,6.6,2.0,0.6,2.6666666666666665,2.2,2.4,16.0,4.8,2.2,0.8064516129032258,2.2580645161290325,8.741935483870968,16.483870967741936,2.903225806451613,5.741935483870968,1.6129032258064515,3.225806451612903
190,12436626,Premier League,24/25,2025-04-20 15:30:00,Leicester City,Liverpool FC,1,32,1,1,1,0,0.6666666666666666,0.4,0.4,7.6,2.8,1.0,2.3333333333333335,2.2,2.4,18.6,5.8,2.8,0.84375,2.25,8.9375,16.625,3.0,5.78125,1.625,3.34375
124,12436558,Premier League,24/25,2025-04-26 14:00:00,Leicester City,Wolverhampton,0,33,1,1,1,0,0.6666666666666666,0.4,0.2,8.0,2.2,1.0,2.0,2.2,2.4,20.2,6.4,4.6,0.8181818181818182,2.212121212121212,8.818181818181818,16.96969696969697,2.909090909090909,5.909090909090909,1.5757575757575757,3.5454545454545454
137,12436571,Premier League,24/25,2025-05-03 14:00:00,Leicester City,Southampton,1,34,1,1,1,0,0.6666666666666666,0.4,0.2,7.4,2.0,0.6,2.0,2.2,2.3,20.6,6.6,5.0,0.7941176470588235,2.235294117647059,8.794117647058824,17.058823529411764,2.8823529411764706,5.911764705882353,1.5588235294117647,3.5
140,12436574,Premier League,24/25,2025-05-11 13:15:00,Leicester City,Nottingham Forest,0,35,1,1,1,0,0.6666666666666666,0.8,0.4,9.8,2.8,0.8,1.3333333333333333,1.8,2.1,18.6,6.0,4.8,0.8285714285714286,2.1714285714285713,8.942857142857143,16.8,2.914285714285714,5.8,1.542857142857143,3.4285714285714284
101,12436534,Premier League,24/25,2025-05-18 14:00:00,Leicester City,Ipswich Town,1,36,1,1,1,0,1.3333333333333333,1.2,0.6,10.4,3.6,1.6,1.6666666666666667,1.6,1.9,18.4,5.8,4.8,0.8611111111111112,2.1666666666666665,8.972222222222221,16.75,3.0,5.75,1.6111111111111112,3.4444444444444446
103,12436536,Premier League,24/25,2025-05-25 15:00:00,Leicester City,Bournemouth,0,37,1,1,1,0,2.0,1.2,0.8,9.2,3.0,1.2,0.6666666666666666,1.2,1.7,18.2,4.8,3.6,0.8918918918918919,2.108108108108108,8.972972972972974,16.83783783783784,3.0,5.648648648648648,1.5675675675675675,3.3783783783783785
195,12436871,Premier League,24/25,2024-08-17 11:30:00,Liverpool FC,Ipswich Town,0,0,0,0,0,1,,,,,,,,,,,,,,,,,,,,
219,12436896,Premier League,24/25,2024-08-25 15:30:00,Liverpool FC,Brentford,1,1,0,0,0,1,2.0,2.0,2.0,18.0,5.0,6.0,0.0,0.0,0.0,7.0,2.0,0.0,2.0,0.0,18.0,7.0,5.0,2.0,6.0,0.0
242,12436920,Premier League,24/25,2024-09-01 15:00:00,Liverpool FC,Manchester United,0,2,0,0,0,1,2.0,2.0,2.0,18.5,6.5,5.0,0.0,0.0,0.0,7.5,2.0,1.0,2.0,0.0,18.5,7.5,6.5,2.0,5.0,1.0
265,12436944,Premier League,24/25,2024-09-14 14:00:00,Liverpool FC,Nottingham Forest,1,3,1,0,0,1,2.3333333333333335,2.3333333333333335,2.3333333333333335,16.0,5.333333333333333,5.333333333333333,0.0,0.0,0.0,7.666666666666667,2.3333333333333335,1.6666666666666667,2.3333333333333335,0.0,16.0,7.666666666666667,5.333333333333333,2.3333333333333335,5.333333333333333,1.6666666666666667
289,12436969,Premier League,24/25,2024-09-21 14:00:00,Liverpool FC,Bournemouth,1,4,1,0,0,1,1.6666666666666667,1.75,1.75,15.5,5.25,4.25,0.3333333333333333,0.25,0.25,7.0,2.5,1.75,1.75,0.25,15.5,7.0,5.25,2.5,4.25,1.75
319,12437002,Premier League,24/25,2024-09-28 16:30:00,Liverpool FC,Wolverhampton,0,5,1,1,0,0,2.0,2.0,2.0,16.2,6.8,4.2,0.3333333333333333,0.2,0.2,9.4,3.2,1.8,2.0,0.2,16.2,9.4,6.8,3.2,4.2,1.8
332,12437015,Premier League,24/25,2024-10-05 11:30:00,Liverpool FC,Crystal Palace,0,6,1,1,0,0,1.6666666666666667,2.0,2.0,14.6,7.0,3.6,0.6666666666666666,0.4,0.3333333333333333,9.6,3.4,2.0,2.0,0.3333333333333333,15.166666666666666,9.166666666666666,6.666666666666667,3.1666666666666665,4.0,1.6666666666666667
348,12437032,Premier League,24/25,2024-10-20 15:30:00,Liverpool FC,Chelsea,1,7,1,1,0,0,2.0,1.8,1.8571428571428572,14.0,6.2,3.6,0.3333333333333333,0.4,0.2857142857142857,9.8,4.0,2.0,1.8571428571428572,0.2857142857142857,15.285714285714286,9.142857142857142,6.285714285714286,3.4285714285714284,4.0,1.7142857142857142
355,12437040,Premier League,24/25,2024-10-27 16:30:00,Liverpool FC,Arsenal,0,8,1,1,0,0,1.6666666666666667,1.6,1.875,13.6,6.6,3.0,0.6666666666666666,0.6,0.375,10.6,3.8,2.0,1.875,0.375,14.5,9.5,6.125,3.25,3.875,1.875
368,12437054,Premier League,24/25,2024-11-02 15:00:00,Liverpool FC,Brighton & Hove Albion,1,9,1,1,0,0,1.6666666666666667,2.0,1.8888888888888888,12.6,6.4,3.2,1.0,0.8,0.5555555555555556,11.4,3.8,2.0,1.8888888888888888,0.5555555555555556,13.88888888888889,9.444444444444445,5.888888888888889,3.2222222222222223,3.6666666666666665,1.8888888888888888
51,12436484,Premier League,24/25,2024-11-09 20:00:00,Liverpool FC,Aston Villa,1,10,1,1,1,0,2.0,1.8,1.9,12.0,5.4,3.2,1.3333333333333333,1.0,0.6,10.2,3.6,1.8,1.9,0.6,14.1,9.8,6.1,3.4,3.7,1.8
73,12436506,Premier League,24/25,2024-11-24 14:00:00,Liverpool FC,Southampton,0,11,1,1,1,0,2.0,1.8,1.9,12.8,5.2,3.4,1.0,0.8,0.6,11.0,3.4,2.6,1.9090909090909092,0.5454545454545454,14.090909090909092,10.0,6.0,3.272727272727273,3.727272727272727,2.090909090909091
71,12436504,Premier League,24/25,2024-12-01 16:00:00,Liverpool FC,Manchester City,1,12,1,1,1,0,2.3333333333333335,2.2,2.0,15.0,6.6,4.0,1.0,1.2,0.8,10.6,3.4,2.8,2.0,0.6666666666666666,15.166666666666666,9.75,6.416666666666667,3.4166666666666665,4.0,2.1666666666666665
297,12436978,Premier League,24/25,2024-12-04 19:30:00,Liverpool FC,Newcastle United,0,13,1,1,1,0,2.3333333333333335,2.2,1.9,16.8,7.0,4.4,0.6666666666666666,1.0,0.8,9.8,3.4,2.4,2.0,0.6153846153846154,15.384615384615385,9.615384615384615,6.461538461538462,3.3076923076923075,4.076923076923077,2.076923076923077
14,12436446,Premier League,24/25,2024-12-14 15:00:00,Liverpool FC,Fulham,1,14,1,1,1,0,2.6666666666666665,2.4,2.2,18.2,7.2,4.8,1.6666666666666667,1.2,1.0,11.4,4.0,2.8,2.0714285714285716,0.7857142857142857,15.428571428571429,10.142857142857142,6.357142857142857,3.5,4.071428571428571,2.2142857142857144
38,12436471,Premier League,24/25,2024-12-22 16:30:00,Liverpool FC,Tottenham Hotspur,0,15,1,1,1,0,2.3333333333333335,2.4,2.1,18.2,6.4,4.6,1.6666666666666667,1.4,1.2,11.2,3.6,2.8,2.066666666666667,0.8666666666666667,15.466666666666667,10.266666666666667,6.2,3.466666666666667,4.0,2.1333333333333333
41,12436474,Premier League,24/25,2024-12-26 20:00:00,Liverpool FC,Leicester City,1,16,1,1,1,0,3.6666666666666665,3.2,2.5,20.2,7.8,6.0,2.6666666666666665,2.0,1.4,10.6,4.2,2.2,2.3125,1.0,16.0,10.1875,6.5625,3.5625,4.4375,2.125
80,12436513,Premier League,24/25,2024-12-29 17:15:00,Liverpool FC,West Ham United,0,17,1,1,1,0,3.6666666666666665,3.2,2.7,18.6,7.0,4.8,2.0,1.8,1.5,10.0,3.4,1.6,2.3529411764705883,1.0,16.176470588235293,9.823529411764707,6.588235294117647,3.411764705882353,4.235294117647059,2.0
81,12436514,Premier League,24/25,2025-01-05 16:30:00,Liverpool FC,Manchester United,1,18,1,1,1,0,4.666666666666667,3.8,3.0,19.4,8.2,5.6,1.3333333333333333,1.8,1.4,9.8,3.0,1.6,2.5,0.9444444444444444,16.5,9.666666666666666,6.944444444444445,3.2222222222222223,4.5,1.9444444444444444
93,12436526,Premier League,24/25,2025-01-14 20:00:00,Liverpool FC,Nottingham Forest,0,19,1,1,1,0,3.3333333333333335,3.6,3.0,20.0,8.4,5.6,1.0,1.6,1.4,9.0,2.6,1.4,2.473684210526316,1.0,16.63157894736842,9.842105263157896,6.894736842105263,3.263157894736842,4.473684210526316,2.0
8,12436440,Premier League,24/25,2025-01-18 15:00:00,Liverpool FC,Brentford,0,20,1,1,1,0,2.6666666666666665,3.4,2.9,21.4,9.0,5.8,1.0,1.4,1.4,7.8,2.6,1.4,2.4,1.0,16.95,9.65,6.9,3.25,4.45,1.95
224,12436901,Premier League,24/25,2025-01-25 15:00:00,Liverpool FC,Ipswich Town,1,21,1,1,1,0,1.6666666666666667,2.6,2.9,24.0,8.2,4.4,1.0,0.8,1.4,8.2,2.8,1.4,2.380952380952381,0.9523809523809523,17.904761904761905,9.714285714285714,6.9523809523809526,3.380952380952381,4.428571428571429,1.9523809523809523
234,12436911,Premier League,24/25,2025-02-01 15:00:00,Liverpool FC,Bournemouth,0,22,1,1,1,0,2.3333333333333335,2.8,3.0,23.4,8.0,4.8,0.6666666666666666,0.8,1.3,8.0,3.2,1.8,2.4545454545454546,0.9545454545454546,17.818181818181817,9.409090909090908,6.909090909090909,3.3636363636363638,4.363636363636363,1.9545454545454546
376,13344418,Premier League,24/25,2025-02-12 19:30:00,Liverpool FC,Everton,0,23,1,1,1,0,2.6666666666666665,2.2,3.0,22.8,6.8,3.8,0.3333333333333333,0.8,1.3,9.4,3.8,2.2,2.4347826086956523,0.9130434782608695,17.869565217391305,9.608695652173912,6.913043478260869,3.347826086956522,4.3478260869565215,2.0
266,12436945,Premier League,24/25,2025-02-16 14:00:00,Liverpool FC,Wolverhampton,1,24,1,1,1,0,2.6666666666666665,2.2,2.9,20.2,6.4,3.4,1.0,0.8,1.2,8.8,3.6,1.8,2.4166666666666665,0.9583333333333334,17.375,9.625,6.791666666666667,3.3333333333333335,4.25,1.9583333333333333
335,12437019,Premier League,24/25,2025-02-19 19:30:00,Liverpool FC,Aston Villa,0,25,1,1,1,0,2.0,2.4,2.9,17.6,5.6,3.0,1.0,0.8,1.1,10.8,3.8,1.8,2.4,0.96,17.08,9.88,6.64,3.36,4.16,1.92
191,12436627,Premier League,24/25,2025-02-23 16:30:00,Liverpool FC,Manchester City,0,26,1,1,1,0,2.0,2.4,2.5,13.6,4.6,2.8,1.6666666666666667,1.2,1.0,10.4,3.4,1.8,2.3846153846153846,1.0,17.076923076923077,9.846153846153847,6.5,3.3846153846153846,4.115384615384615,1.9230769230769231
306,12436988,Premier League,24/25,2025-02-26 20:15:00,Liverpool FC,Newcastle United,1,27,1,1,1,0,2.0,2.0,2.4,12.0,4.2,2.4,1.0,1.0,0.9,13.0,3.8,1.4,2.3703703703703702,0.9629629629629629,16.74074074074074,10.074074074074074,6.407407407407407,3.4444444444444446,4.0,1.8518518518518519
320,12437003,Premier League,24/25,2025-03-08 15:00:00,Liverpool FC,Southampton,1,28,1,1,1,0,2.0,2.0,2.1,10.6,3.4,2.0,0.6666666666666666,1.0,0.9,10.8,3.2,1.0,2.357142857142857,0.9285714285714286,16.571428571428573,9.821428571428571,6.285714285714286,3.3214285714285716,3.9285714285714284,1.8214285714285714
159,12436593,Premier League,24/25,2025-04-02 19:00:00,Liverpool FC,Everton,1,29,1,1,1,0,2.3333333333333335,2.2,2.2,15.0,4.0,3.2,0.3333333333333333,0.8,0.8,10.0,3.4,1.0,2.3793103448275863,0.9310344827586207,16.96551724137931,9.689655172413794,6.310344827586207,3.3448275862068964,4.068965517241379,1.793103448275862
164,12436598,Premier League,24/25,2025-04-06 13:00:00,Liverpool FC,Fulham,0,30,1,1,1,0,2.0,2.0,2.2,16.4,4.0,3.0,0.3333333333333333,0.6,0.7,7.8,2.6,1.2,2.3333333333333335,0.9,16.966666666666665,9.533333333333333,6.2,3.2333333333333334,3.966666666666667,1.8
176,12436612,Premier League,24/25,2025-04-13 13:00:00,Liverpool FC,West Ham United,1,31,1,1,1,0,2.0,2.0,2.2,15.8,4.6,3.0,1.3333333333333333,0.8,1.0,8.4,3.0,1.4,2.3225806451612905,0.967741935483871,16.870967741935484,9.612903225806452,6.193548387096774,3.3225806451612905,3.935483870967742,1.8387096774193548
190,12436626,Premier League,24/25,2025-04-20 15:30:00,Liverpool FC,Leicester City,0,32,1,1,1,0,1.6666666666666667,2.0,2.0,17.2,5.0,3.2,1.3333333333333333,1.0,1.0,7.4,2.8,2.2,2.3125,0.96875,16.8125,9.65625,6.1875,3.34375,3.875,1.90625
111,12436544,Premier League,24/25,2025-04-27 15:30:00,Liverpool FC,Tottenham Hotspur,1,33,1,1,1,0,1.6666666666666667,1.8,1.9,20.4,6.4,4.8,1.3333333333333333,1.0,1.0,7.8,2.8,2.0,2.272727272727273,0.9393939393939394,17.151515151515152,9.515151515151516,6.303030303030303,3.242424242424242,4.0606060606060606,1.8484848484848484
129,12436563,Premier League,24/25,2025-05-04 15:30:00,Liverpool FC,Chelsea,0,34,1,1,1,0,2.6666666666666665,2.2,2.2,19.8,6.6,3.6,0.6666666666666666,1.0,0.9,8.2,2.6,2.0,2.3529411764705883,0.9411764705882353,17.38235294117647,9.470588235294118,6.352941176470588,3.235294117647059,4.0,1.8235294117647058
134,12436568,Premier League,24/25,2025-05-11 15:30:00,Liverpool FC,Arsenal,1,35,1,1,1,0,2.3333333333333335,2.2,2.1,18.6,6.4,4.0,1.3333333333333333,1.6,1.1,10.6,4.0,2.6,2.3142857142857145,1.0,17.2,9.685714285714285,6.228571428571429,3.342857142857143,3.9714285714285715,1.9142857142857144
156,12436590,Premier League,24/25,2025-05-19 19:00:00,Liverpool FC,Brighton & Hove Albion,0,36,1,1,1,0,2.6666666666666665,2.2,2.1,18.6,6.2,4.2,2.0,1.4,1.1,11.2,4.2,2.8,2.3055555555555554,1.0277777777777777,17.11111111111111,9.833333333333334,6.194444444444445,3.4444444444444446,3.9722222222222223,1.9722222222222223
115,12436548,Premier League,24/25,2025-05-25 15:00:00,Liverpool FC,Crystal Palace,1,37,1,1,1,0,1.6666666666666667,2.2,2.1,19.2,6.0,4.4,2.6666666666666665,1.8,1.4,14.0,5.8,2.4,2.2972972972972974,1.0810810810810811,17.135135135135137,10.243243243243244,6.162162162162162,3.675675675675676,3.945945945945946,1.972972972972973
203,12436880,Premier League,24/25,2024-08-18 15:30:00,Manchester City,Chelsea,0,0,0,0,0,1,,,,,,,,,,,,,,,,,,,,
221,12436898,Premier League,24/25,2024-08-24 14:00:00,Manchester City,Ipswich Town,1,1,0,0,0,1,2.0,2.0,2.0,11.0,5.0,1.0,0.0,0.0,0.0,10.0,3.0,1.0,2.0,0.0,11.0,10.0,5.0,3.0,1.0,1.0
249,12436927,Premier League,24/25,2024-08-31 16:30:00,Manchester City,West Ham United,0,2,0,0,0,1,3.0,3.0,3.0,12.5,5.0,3.0,0.5,0.5,0.5,5.5,2.0,1.0,3.0,0.5,12.5,5.5,5.0,2.0,3.0,1.0
267,12436946,Premier League,24/25,2024-09-14 14:00:00,Manchester City,Brentford,1,3,1,0,0,1,3.0,3.0,3.0,16.0,6.0,3.6666666666666665,0.6666666666666666,0.6666666666666666,0.6666666666666666,7.0,2.0,1.0,3.0,0.6666666666666666,16.0,7.0,6.0,2.0,3.6666666666666665,1.0
291,12436971,Premier League,24/25,2024-09-22 15:30:00,Manchester City,Arsenal,1,4,1,0,0,1,3.0,2.75,2.75,16.5,6.25,3.25,1.0,0.75,0.75,7.25,2.75,1.0,2.75,0.75,16.5,7.25,6.25,2.75,3.25,1.0
316,12436999,Premier League,24/25,2024-09-28 11:30:00,Manchester City,Newcastle United,0,5,1,1,0,0,2.3333333333333335,2.6,2.6,19.8,7.2,3.6,1.3333333333333333,1.0,1.0,6.8,2.8,1.4,2.6,1.0,19.8,6.8,7.2,2.8,3.6,1.4
338,12437022,Premier League,24/25,2024-10-05 14:00:00,Manchester City,Fulham,1,6,1,1,0,0,1.6666666666666667,2.4,2.3333333333333335,20.8,7.4,3.6,1.3333333333333333,1.2,1.0,7.0,3.0,1.6,2.3333333333333335,1.0,19.166666666666668,7.5,7.0,3.0,3.1666666666666665,1.5
354,12437039,Premier League,24/25,2024-10-20 13:00:00,Manchester City,Wolverhampton,0,7,1,1,0,0,2.0,2.2,2.4285714285714284,22.0,7.8,2.8,1.6666666666666667,1.4,1.1428571428571428,9.0,3.6,2.4,2.4285714285714284,1.1428571428571428,19.285714285714285,8.0,7.0,3.142857142857143,2.857142857142857,2.0
363,12437049,Premier League,24/25,2024-10-26 14:00:00,Manchester City,Southampton,1,8,1,1,0,0,2.0,2.0,2.375,21.8,7.6,1.8,1.3333333333333333,1.4,1.125,7.6,3.6,2.6,2.375,1.125,19.625,7.375,7.0,3.0,2.5,2.0
365,12437051,Premier League,24/25,2024-11-02 15:00:00,Manchester City,Bournemouth,0,9,1,1,0,0,2.0,1.8,2.2222222222222223,22.6,7.8,2.2,1.0,1.2,1.0,7.0,3.0,2.6,2.2222222222222223,1.0,19.88888888888889,7.111111111111111,7.111111111111111,2.888888888888889,2.6666666666666665,1.8888888888888888
205,12436882,Premier League,24/25,2024-11-09 17:30:00,Manchester City,Brighton & Hove Albion,0,10,1,1,1,0,1.3333333333333333,1.6,2.1,19.6,6.4,1.8,1.0,1.2,1.1,8.4,3.6,3.2,2.1,1.1,19.7,7.6,6.8,3.2,2.7,2.3
66,12436499,Premier League,24/25,2024-11-23 17:30:00,Manchester City,Tottenham Hotspur,1,11,1,1,1,0,1.0,1.6,2.0,19.4,6.4,2.6,1.3333333333333333,1.4,1.3,8.2,3.6,4.4,2.0,1.1818181818181819,19.272727272727273,7.818181818181818,6.7272727272727275,3.272727272727273,2.909090909090909,2.8181818181818183
71,12436504,Premier League,24/25,2024-12-01 16:00:00,Manchester City,Liverpool FC,0,12,1,1,1,0,0.6666666666666666,1.0,1.6,20.0,6.0,3.2,2.6666666666666665,1.8,1.6,7.8,4.2,4.6,1.8333333333333333,1.4166666666666667,19.583333333333332,7.916666666666667,6.583333333333333,3.5833333333333335,3.0,3.0833333333333335
292,12436972,Premier League,24/25,2024-12-04 19:30:00,Manchester City,Nottingham Forest,1,13,1,1,1,0,0.3333333333333333,0.6,1.3,17.2,5.0,3.4,2.6666666666666665,2.0,1.7,10.8,5.2,5.2,1.6923076923076923,1.4615384615384615,18.692307692307693,8.692307692307692,6.230769230769231,3.8461538461538463,2.8461538461538463,3.230769230769231
13,12436445,Premier League,24/25,2024-12-07 15:00:00,Manchester City,Crystal Palace,0,14,1,1,1,0,1.0,1.0,1.4,16.2,4.8,3.4,2.0,2.0,1.6,12.2,5.4,5.2,1.7857142857142858,1.3571428571428572,18.571428571428573,8.928571428571429,6.285714285714286,3.7857142857142856,2.9285714285714284,3.0714285714285716
19,12436451,Premier League,24/25,2024-12-15 16:30:00,Manchester City,Manchester United,1,15,1,1,1,0,1.6666666666666667,1.2,1.4,15.0,4.8,3.4,1.3333333333333333,2.0,1.6,12.2,4.8,4.2,1.8,1.4,18.133333333333333,9.133333333333333,6.133333333333334,3.7333333333333334,2.933333333333333,2.933333333333333
20,12436453,Premier League,24/25,2024-12-21 12:30:00,Manchester City,Aston Villa,0,16,1,1,1,0,2.0,1.2,1.4,14.0,4.2,2.4,1.3333333333333333,2.0,1.7,12.2,4.6,3.2,1.75,1.4375,17.625,9.1875,5.9375,3.6875,2.75,2.9375
48,12436481,Premier League,24/25,2024-12-26 12:30:00,Manchester City,Everton,1,17,1,1,1,0,1.3333333333333333,1.4,1.2,11.8,4.4,2.0,2.0,1.6,1.7,12.6,4.4,2.8,1.7058823529411764,1.4705882352941178,17.294117647058822,9.294117647058824,5.9411764705882355,3.823529411764706,2.7058823529411766,3.0
79,12436512,Premier League,24/25,2024-12-29 14:30:00,Manchester City,Leicester City,0,18,1,1,1,0,1.0,1.6,1.1,15.0,5.0,2.6,1.6666666666666667,1.4,1.7,10.6,3.6,2.0,1.6666666666666667,1.4444444444444444,17.666666666666668,9.222222222222221,5.888888888888889,3.7777777777777777,2.7777777777777777,2.888888888888889
75,12436508,Premier League,24/25,2025-01-04 15:00:00,Manchester City,West Ham United,1,19,1,1,1,0,1.3333333333333333,1.4,1.2,14.4,4.6,2.2,1.0,1.4,1.7,10.4,3.8,2.4,1.6842105263157894,1.368421052631579,17.473684210526315,9.31578947368421,5.842105263157895,3.789473684210526,2.736842105263158,2.8947368421052633
4,12436436,Premier League,24/25,2025-01-14 19:30:00,Manchester City,Brentford,0,20,1,1,1,0,2.3333333333333335,1.8,1.5,14.0,5.2,2.2,0.6666666666666666,1.2,1.6,11.4,4.0,2.8,1.8,1.35,17.1,9.7,5.9,3.8,2.75,2.9
7,12436439,Premier League,24/25,2025-01-19 16:30:00,Manchester City,Ipswich Town,0,21,1,1,1,0,2.6666666666666665,2.0,1.6,16.2,6.2,3.2,1.0,1.2,1.6,13.0,4.6,3.0,1.8095238095238095,1.380952380952381,17.285714285714285,10.095238095238095,6.0,3.9047619047619047,2.857142857142857,2.9523809523809526
226,12436903,Premier League,24/25,2025-01-25 17:30:00,Manchester City,Chelsea,1,22,1,1,1,0,4.0,3.0,2.2,17.2,6.8,4.0,1.0,0.8,1.2,12.4,4.2,2.4,2.0,1.3181818181818181,17.272727272727273,10.0,6.136363636363637,3.909090909090909,3.0,2.8636363636363638
236,12436913,Premier League,24/25,2025-02-02 16:30:00,Manchester City,Arsenal,0,23,1,1,1,0,3.6666666666666665,3.4,2.5,15.4,7.0,4.6,1.0,0.8,1.1,12.8,4.4,2.8,2.0434782608695654,1.3043478260869565,17.17391304347826,10.0,6.130434782608695,3.9130434782608696,3.1739130434782608,2.869565217391304
269,12436948,Premier League,24/25,2025-02-15 15:00:00,Manchester City,Newcastle United,1,24,1,1,1,0,3.3333333333333335,3.2,2.3,14.0,6.8,4.4,2.0,1.8,1.6,13.0,5.0,2.6,2.0,1.4583333333333333,16.75,10.083333333333334,6.041666666666667,4.041666666666667,3.0833333333333335,2.8333333333333335
191,12436627,Premier League,24/25,2025-02-23 16:30:00,Manchester City,Liverpool FC,1,25,1,1,1,0,2.6666666666666665,3.2,2.5,14.2,6.8,4.6,2.0,1.6,1.4,10.2,4.4,2.0,2.08,1.4,16.52,9.8,6.08,3.92,3.12,2.72
295,12436975,Premier League,24/25,2025-02-26 19:30:00,Manchester City,Tottenham Hotspur,0,26,1,1,1,0,1.6666666666666667,2.8,2.4,13.2,6.2,3.6,2.3333333333333335,1.6,1.4,8.2,4.0,1.4,2.0,1.4230769230769231,16.5,9.73076923076923,6.038461538461538,3.923076923076923,3.0,2.6538461538461537
324,12437007,Premier League,24/25,2025-03-08 12:30:00,Manchester City,Nottingham Forest,0,27,1,1,1,0,1.6666666666666667,1.8,2.4,12.2,5.4,3.2,0.6666666666666666,1.6,1.2,8.8,4.4,1.6,1.962962962962963,1.3703703703703705,16.333333333333332,9.777777777777779,6.0,4.0,3.037037037037037,2.6296296296296298
345,12437029,Premier League,24/25,2025-03-15 15:00:00,Manchester City,Brighton & Hove Albion,1,28,1,1,1,0,0.3333333333333333,1.2,2.3,12.0,4.8,2.25,1.0,1.6,1.2,8.6,4.4,1.25,1.8928571428571428,1.3571428571428572,16.25,9.75,5.892857142857143,4.0,3.037037037037037,2.6296296296296298
160,12436594,Premier League,24/25,2025-04-02 18:45:00,Manchester City,Leicester City,1,29,1,1,1,0,1.0,1.4,2.3,12.8,4.6,3.0,1.0,1.0,1.4,9.2,3.6,2.25,1.896551724137931,1.3793103448275863,16.06896551724138,9.931034482758621,5.793103448275862,3.9655172413793105,3.0714285714285716,2.75
168,12436602,Premier League,24/25,2025-04-06 15:30:00,Manchester City,Manchester United,0,30,1,1,1,0,1.3333333333333333,1.0,2.1,14.2,4.2,2.5,1.0,1.0,1.3,9.0,3.4,2.25,1.9,1.3333333333333333,16.133333333333333,9.666666666666666,5.766666666666667,3.8333333333333335,3.0344827586206895,2.6551724137931036
174,12436610,Premier League,24/25,2025-04-12 11:30:00,Manchester City,Crystal Palace,1,31,1,1,1,0,1.3333333333333333,1.0,1.9,12.8,4.2,2.75,0.6666666666666666,0.6,1.1,10.0,3.0,2.0,1.8387096774193548,1.2903225806451613,15.903225806451612,9.774193548387096,5.741935483870968,3.774193548387097,2.966666666666667,2.566666666666667
192,12436628,Premier League,24/25,2025-04-19 14:00:00,Manchester City,Everton,0,32,1,1,1,0,2.3333333333333335,1.8,1.8,14.6,5.0,4.75,0.6666666666666666,1.0,1.3,9.4,2.4,2.25,1.9375,1.3125,16.0625,9.71875,5.84375,3.75,3.2580645161290325,2.5806451612903225
118,12436551,Premier League,24/25,2025-04-22 19:00:00,Manchester City,Aston Villa,1,33,1,1,1,0,2.3333333333333335,2.2,1.7,14.2,5.8,4.4,0.6666666666666666,0.8,1.2,9.2,2.2,2.0,1.9393939393939394,1.2727272727272727,15.93939393939394,9.666666666666666,5.878787878787879,3.727272727272727,3.25,2.53125
128,12436562,Premier League,24/25,2025-05-02 19:00:00,Manchester City,Wolverhampton,1,34,1,1,1,0,3.0,2.2,1.8,14.8,6.4,4.2,1.0,0.6,0.8,7.6,2.2,1.4,1.9411764705882353,1.2647058823529411,15.882352941176471,9.588235294117647,5.882352941176471,3.7058823529411766,3.242424242424242,2.5454545454545454
141,12436575,Premier League,24/25,2025-05-10 14:00:00,Manchester City,Southampton,0,35,1,1,1,0,1.6666666666666667,2.0,1.5,13.0,5.8,4.0,0.3333333333333333,0.6,0.8,8.4,2.4,1.8,1.9142857142857144,1.2285714285714286,15.685714285714285,9.485714285714286,5.771428571428571,3.6285714285714286,3.176470588235294,2.5294117647058822
380,13854588,Premier League,24/25,2025-05-20 19:00:00,Manchester City,Bournemouth,1,36,1,1,1,0,1.0,2.0,1.5,16.4,5.8,4.75,0.3333333333333333,0.6,0.6,6.2,2.0,2.25,1.8611111111111112,1.1944444444444444,15.972222222222221,9.277777777777779,5.75,3.5277777777777777,3.176470588235294,2.5294117647058822
125,12436559,Premier League,24/25,2025-05-25 15:00:00,Manchester City,Fulham,0,37,1,1,1,0,1.3333333333333333,1.6,1.7,14.6,5.0,2.5,0.3333333333333333,0.4,0.7,6.2,1.8,2.0,1.8918918918918919,1.1891891891891893,15.864864864864865,9.243243243243244,5.72972972972973,3.4864864864864864,3.1714285714285713,2.5142857142857142
194,12436870,Premier League,24/25,2024-08-16 19:00:00,Manchester United,Fulham,1,0,0,0,0,1,,,,,,,,,,,,,,,,,,,,
211,12436888,Premier League,24/25,2024-08-24 11:30:00,Manchester United,Brighton & Hove Albion,0,1,0,0,0,1,1.0,1.0,1.0,14.0,5.0,4.0,0.0,0.0,0.0,10.0,2.0,0.0,1.0,0.0,14.0,10.0,5.0,2.0,4.0,0.0
242,12436920,Premier League,24/25,2024-09-01 15:00:00,Manchester United,Liverpool FC,1,2,0,0,0,1,1.0,1.0,1.0,12.5,4.5,3.0,1.0,1.0,1.0,12.0,3.5,1.0,1.0,1.0,12.5,12.0,4.5,3.5,3.0,1.0
270,12436949,Premier League,24/25,2024-09-14 11:30:00,Manchester United,Southampton,0,3,1,0,0,1,0.6666666666666666,0.6666666666666666,0.6666666666666666,11.0,4.0,3.0,1.6666666666666667,1.6666666666666667,1.6666666666666667,11.666666666666666,3.3333333333333335,2.6666666666666665,0.6666666666666666,1.6666666666666667,11.0,11.666666666666666,4.0,3.3333333333333335,3.0,2.6666666666666665
282,12436962,Premier League,24/25,2024-09-21 16:30:00,Manchester United,Crystal Palace,0,4,1,0,0,1,1.3333333333333333,1.25,1.25,13.25,5.5,3.5,1.6666666666666667,1.25,1.25,10.25,3.5,2.75,1.25,1.25,13.25,10.25,5.5,3.5,3.5,2.75
313,12436995,Premier League,24/25,2024-09-29 15:30:00,Manchester United,Tottenham Hotspur,1,5,1,1,0,0,1.0,1.0,1.0,13.6,5.6,3.8,1.0,1.0,1.0,10.0,3.6,2.8,1.0,1.0,13.6,10.0,5.6,3.6,3.8,2.8
323,12437006,Premier League,24/25,2024-10-06 13:00:00,Manchester United,Aston Villa,0,6,1,1,0,0,1.0,0.8,0.8333333333333334,13.0,5.0,3.0,1.0,1.6,1.3333333333333333,12.8,5.2,4.6,0.8333333333333334,1.3333333333333333,13.166666666666666,12.333333333333334,5.0,4.666666666666667,3.1666666666666665,3.8333333333333335
349,12437034,Premier League,24/25,2024-10-19 14:00:00,Manchester United,Brentford,1,7,1,1,0,0,0.0,0.6,0.7142857142857143,12.8,5.0,3.25,1.0,1.2,1.1428571428571428,12.2,4.4,5.25,0.7142857142857143,1.1428571428571428,12.714285714285714,12.142857142857142,4.857142857142857,4.142857142857143,3.1666666666666665,3.8333333333333335
364,12437050,Premier League,24/25,2024-10-27 14:00:00,Manchester United,West Ham United,0,8,1,1,0,0,0.6666666666666666,1.0,0.875,15.8,6.6,3.25,1.3333333333333333,0.8,1.125,11.6,4.2,4.25,0.875,1.125,14.0,11.625,5.625,3.875,3.142857142857143,3.5714285714285716
369,12437055,Premier League,24/25,2024-11-03 16:30:00,Manchester United,Chelsea,1,9,1,1,0,0,1.0,0.6,0.8888888888888888,15.4,5.6,3.25,1.0,1.2,1.2222222222222223,12.8,4.0,4.5,0.8888888888888888,1.2222222222222223,14.444444444444445,11.666666666666666,5.555555555555555,3.7777777777777777,3.375,3.625
61,12436494,Premier League,24/25,2024-11-10 14:00:00,Manchester United,Leicester City,1,10,1,1,1,0,1.3333333333333333,0.8,0.9,14.6,5.2,3.0,1.3333333333333333,1.4,1.2,13.4,3.8,4.0,0.9,1.2,14.1,11.7,5.4,3.7,3.4444444444444446,3.3333333333333335
64,12436497,Premier League,24/25,2024-11-24 16:30:00,Manchester United,Ipswich Town,0,11,1,1,1,0,1.6666666666666667,1.4,1.1,15.0,5.4,3.25,1.0,0.8,1.2,9.8,2.8,2.0,1.0909090909090908,1.0909090909090908,14.0,11.181818181818182,5.181818181818182,3.8181818181818183,3.2,3.1
72,12436505,Premier League,24/25,2024-12-01 13:30:00,Manchester United,Everton,1,12,1,1,1,0,1.6666666666666667,1.6,1.1,15.2,5.4,3.0,0.6666666666666666,1.0,1.1,9.8,3.8,2.2,1.0833333333333333,1.0833333333333333,13.75,11.166666666666666,5.083333333333333,4.0,3.090909090909091,3.090909090909091
256,12436935,Premier League,24/25,2024-12-04 20:15:00,Manchester United,Arsenal,0,13,1,1,1,0,2.6666666666666665,2.0,1.5,12.8,4.2,3.0,0.3333333333333333,0.8,0.8,9.8,3.8,2.0,1.3076923076923077,1.0,13.538461538461538,10.923076923076923,5.076923076923077,3.8461538461538463,3.0833333333333335,2.9166666666666665
17,12436449,Premier League,24/25,2024-12-07 17:30:00,Manchester United,Nottingham Forest,1,14,1,1,1,0,1.6666666666666667,1.8,1.2,10.2,3.6,2.0,1.0,0.8,1.0,10.2,4.4,2.2,1.2142857142857142,1.0714285714285714,12.928571428571429,11.142857142857142,4.857142857142857,4.0,2.8461538461538463,3.076923076923077
19,12436451,Premier League,24/25,2024-12-15 16:30:00,Manchester United,Manchester City,0,15,1,1,1,0,2.0,2.0,1.4,11.4,4.2,1.6,1.6666666666666667,1.2,1.3,10.0,4.4,2.0,1.2666666666666666,1.2,13.2,11.133333333333333,5.0,3.933333333333333,2.7857142857142856,2.857142857142857
37,12436470,Premier League,24/25,2024-12-22 14:00:00,Manchester United,Bournemouth,1,16,1,1,1,0,1.3333333333333333,1.8,1.6,10.8,4.2,2.0,2.0,1.4,1.1,10.8,4.0,1.8,1.3125,1.1875,13.0,11.0625,4.875,3.875,2.8,2.6666666666666665
49,12436482,Premier League,24/25,2024-12-26 17:30:00,Manchester United,Wolverhampton,0,17,1,1,1,0,1.3333333333333333,1.6,1.6,13.2,4.8,2.4,2.3333333333333335,1.8,1.4,10.6,3.8,1.6,1.2352941176470589,1.2941176470588236,13.588235294117647,11.0,5.0,3.9411764705882355,2.875,2.625
89,12436522,Premier League,24/25,2024-12-30 20:00:00,Manchester United,Newcastle United,1,18,1,1,1,0,0.6666666666666666,0.8,1.4,13.2,4.6,1.8,2.0,2.2,1.5,10.4,4.2,1.6,1.1666666666666667,1.3333333333333333,13.444444444444445,10.777777777777779,4.944444444444445,3.9444444444444446,2.7058823529411766,2.5294117647058822
81,12436514,Premier League,24/25,2025-01-05 16:30:00,Manchester United,Liverpool FC,0,19,1,1,1,0,0.0,0.8,1.3,14.2,4.4,2.2,2.3333333333333335,2.2,1.5,10.0,3.8,1.4,1.105263157894737,1.368421052631579,13.263157894736842,10.842105263157896,4.7368421052631575,3.9473684210526314,2.6666666666666665,2.611111111111111
83,12436516,Premier League,24/25,2025-01-16 20:00:00,Manchester United,Southampton,1,20,1,1,1,0,0.6666666666666666,0.8,1.4,13.4,3.8,2.4,2.0,2.0,1.6,11.6,4.4,2.2,1.15,1.4,13.25,11.25,4.7,4.05,2.6842105263157894,2.6842105263157894
206,12436883,Premier League,24/25,2025-01-19 14:00:00,Manchester United,Brighton & Hove Albion,1,21,1,1,1,0,1.6666666666666667,1.0,1.4,16.0,5.0,3.0,1.6666666666666667,2.0,1.7,12.2,4.8,2.4,1.2380952380952381,1.380952380952381,13.714285714285714,11.333333333333334,4.904761904761905,4.095238095238095,2.85,2.6
222,12436899,Premier League,24/25,2025-01-26 19:00:00,Manchester United,Fulham,0,22,1,1,1,0,2.0,1.2,1.4,13.4,3.8,2.4,2.0,2.0,1.9,11.4,4.4,2.8,1.2272727272727273,1.4545454545454546,13.545454545454545,11.090909090909092,4.7272727272727275,4.045454545454546,2.761904761904762,2.6666666666666665
247,12436925,Premier League,24/25,2025-02-02 14:00:00,Manchester United,Crystal Palace,1,23,1,1,1,0,1.6666666666666667,1.4,1.1,12.0,3.2,3.0,1.3333333333333333,1.6,1.9,11.8,4.2,3.25,1.2173913043478262,1.391304347826087,13.130434782608695,11.0,4.565217391304348,4.0,2.761904761904762,2.6666666666666665
273,12436952,Premier League,24/25,2025-02-16 16:30:00,Manchester United,Tottenham Hotspur,0,24,1,1,1,0,0.6666666666666666,1.4,1.1,13.4,3.4,2.75,1.6666666666666667,1.6,1.9,11.6,4.0,3.25,1.1666666666666667,1.4166666666666667,13.291666666666666,11.0,4.458333333333333,3.9583333333333335,2.6818181818181817,2.727272727272727
189,12436625,Premier League,24/25,2025-02-22 12:30:00,Manchester United,Everton,0,25,1,1,1,0,0.3333333333333333,1.0,0.9,14.0,3.8,2.5,1.0,1.4,1.7,12.2,4.2,2.5,1.12,1.4,13.4,11.44,4.52,4.08,2.652173913043478,2.652173913043478
309,12436991,Premier League,24/25,2025-02-26 19:30:00,Manchester United,Ipswich Town,1,26,1,1,1,0,0.6666666666666666,0.8,0.9,11.2,2.6,1.25,1.6666666666666667,1.6,1.8,11.4,4.8,3.25,1.1538461538461537,1.4230769230769231,13.23076923076923,11.346153846153847,4.461538461538462,4.230769230769231,2.5833333333333335,2.7083333333333335
322,12437005,Premier League,24/25,2025-03-09 16:30:00,Manchester United,Arsenal,1,27,1,1,1,0,1.6666666666666667,1.2,1.2,11.2,3.6,1.5,1.6666666666666667,1.4,1.7,12.6,4.8,2.5,1.2222222222222223,1.4444444444444444,13.11111111111111,11.37037037037037,4.518518518518518,4.185185185185185,2.56,2.64
343,12437027,Premier League,24/25,2025-03-16 19:00:00,Manchester United,Leicester City,0,28,1,1,1,0,2.0,1.2,1.3,12.4,4.6,1.6,1.6666666666666667,1.6,1.6,14.2,5.4,2.4,1.2142857142857142,1.4285714285714286,13.0,11.571428571428571,4.571428571428571,4.25,2.5384615384615383,2.6153846153846154
157,12436591,Premier League,24/25,2025-04-01 19:00:00,Manchester United,Nottingham Forest,0,29,1,1,1,0,2.3333333333333335,1.8,1.6,12.6,5.2,1.4,1.0,1.2,1.4,14.2,5.4,2.2,1.2758620689655173,1.3793103448275863,13.172413793103448,11.551724137931034,4.586206896551724,4.206896551724138,2.4444444444444446,2.6296296296296298
168,12436602,Premier League,24/25,2025-04-06 15:30:00,Manchester United,Manchester City,1,30,1,1,1,0,1.3333333333333333,1.8,1.4,14.0,5.2,1.6,0.6666666666666666,1.2,1.3,11.4,4.4,2.0,1.2333333333333334,1.3666666666666667,13.5,11.433333333333334,4.633333333333334,4.133333333333334,2.4642857142857144,2.5357142857142856
175,12436611,Premier League,24/25,2025-04-13 15:30:00,Manchester United,Newcastle United,0,31,1,1,1,0,1.0,1.4,1.1,14.8,5.0,1.4,0.3333333333333333,0.8,1.2,11.4,3.8,1.4,1.1935483870967742,1.3225806451612903,13.483870967741936,11.35483870967742,4.548387096774194,4.161290322580645,2.3793103448275863,2.4827586206896552
186,12436622,Premier League,24/25,2025-04-20 13:00:00,Manchester United,Wolverhampton,1,32,1,1,1,0,0.3333333333333333,1.0,1.1,14.6,4.8,1.4,1.6666666666666667,1.2,1.3,11.6,4.4,2.4,1.1875,1.40625,13.34375,11.40625,4.5625,4.21875,2.3666666666666667,2.6
102,12436535,Premier League,24/25,2025-04-27 13:00:00,Manchester United,Bournemouth,0,33,1,1,1,0,0.3333333333333333,0.8,1.0,15.0,4.0,1.2,1.6666666666666667,1.2,1.4,9.0,3.6,2.0,1.1515151515151516,1.393939393939394,13.303030303030303,11.181818181818182,4.484848484848484,4.151515151515151,2.3225806451612905,2.5161290322580645
126,12436560,Premier League,24/25,2025-05-04 13:00:00,Manchester United,Brentford,0,34,1,1,1,0,0.6666666666666666,0.4,1.1,16.4,4.2,1.6,2.0,1.4,1.3,8.4,3.2,1.6,1.1470588235294117,1.3823529411764706,13.647058823529411,11.088235294117647,4.529411764705882,4.0588235294117645,2.3125,2.46875
135,12436569,Premier League,24/25,2025-05-11 13:15:00,Manchester United,West Ham United,1,35,1,1,1,0,1.3333333333333333,1.0,1.4,14.6,4.0,1.2,2.0,2.0,1.6,9.2,4.0,2.8,1.2,1.457142857142857,13.657142857142857,11.114285714285714,4.542857142857143,4.114285714285714,2.272727272727273,2.5757575757575757
148,12436582,Premier League,24/25,2025-05-16 19:15:00,Manchester United,Chelsea,0,36,1,1,1,0,1.3333333333333333,1.0,1.2,16.0,4.6,2.0,2.3333333333333335,2.4,1.6,9.2,3.8,3.4,1.1666666666666667,1.4722222222222223,13.833333333333334,11.055555555555555,4.555555555555555,4.111111111111111,2.323529411764706,2.6176470588235294
107,12436540,Premier League,24/25,2025-05-25 15:00:00,Manchester United,Aston Villa,1,37,1,1,1,0,1.0,0.8,0.9,15.0,3.8,1.6,2.3333333333333335,1.8,1.5,8.8,3.2,2.8,1.135135135135135,1.4594594594594594,13.567567567567568,11.054054054054054,4.45945945945946,4.081081081081081,2.257142857142857,2.6285714285714286
198,12436874,Premier League,24/25,2024-08-17 14:00:00,Newcastle United,Southampton,1,0,0,0,0,1,,,,,,,,,,,,,,,,,,,,
207,12436884,Premier League,24/25,2024-08-25 13:00:00,Newcastle United,Bournemouth,0,1,0,0,0,1,1.0,1.0,1.0,3.0,1.0,1.0,0.0,0.0,0.0,19.0,4.0,3.0,1.0,0.0,3.0,19.0,1.0,4.0,1.0,3.0
245,12436923,Premier League,24/25,2024-09-01 12:30:00,Newcastle United,Tottenham Hotspur,1,2,0,0,0,1,1.0,1.0,1.0,8.5,3.0,2.5,0.5,0.5,0.5,17.5,4.0,2.5,1.0,0.5,8.5,17.5,3.0,4.0,2.5,2.5
274,12436954,Premier League,24/25,2024-09-15 15:30:00,Newcastle United,Wolverhampton,0,3,1,0,0,1,1.3333333333333333,1.3333333333333333,1.3333333333333333,8.666666666666666,3.0,2.3333333333333335,0.6666666666666666,0.6666666666666666,0.6666666666666666,18.333333333333332,4.666666666666667,2.3333333333333335,1.3333333333333333,0.6666666666666666,8.666666666666666,18.333333333333332,3.0,4.666666666666667,2.3333333333333335,2.3333333333333335
284,12436964,Premier League,24/25,2024-09-21 14:00:00,Newcastle United,Fulham,0,4,1,0,0,1,1.6666666666666667,1.5,1.5,10.0,3.75,2.25,1.0,0.75,0.75,16.75,4.75,2.25,1.5,0.75,10.0,16.75,3.75,4.75,2.25,2.25
316,12436999,Premier League,24/25,2024-09-28 11:30:00,Newcastle United,Manchester City,1,5,1,1,0,0,1.6666666666666667,1.4,1.4,11.2,4.0,2.0,1.6666666666666667,1.2,1.2,17.8,6.0,2.8,1.4,1.2,11.2,17.8,4.0,6.0,2.0,2.8
334,12437018,Premier League,24/25,2024-10-05 16:30:00,Newcastle United,Everton,0,6,1,1,0,0,1.3333333333333333,1.4,1.3333333333333333,12.8,4.6,2.2,1.6666666666666667,1.4,1.1666666666666667,17.2,6.4,2.4,1.3333333333333333,1.1666666666666667,11.166666666666666,17.5,4.0,6.0,2.0,2.5
350,12437035,Premier League,24/25,2024-10-19 14:00:00,Newcastle United,Brighton & Hove Albion,1,7,1,1,0,0,0.6666666666666666,1.2,1.1428571428571428,12.8,4.2,1.6,1.3333333333333333,1.2,1.0,15.6,6.0,2.4,1.1428571428571428,1.0,11.571428571428571,16.142857142857142,3.857142857142857,5.428571428571429,1.8571428571428572,2.4285714285714284
359,12437045,Premier League,24/25,2024-10-27 14:00:00,Newcastle United,Chelsea,0,8,1,1,0,0,0.3333333333333333,0.8,1.0,15.2,4.8,2.0,0.6666666666666666,1.2,1.0,13.6,5.8,2.8,1.0,1.0,12.75,15.375,4.125,5.375,2.125,2.625
370,12437056,Premier League,24/25,2024-11-02 12:30:00,Newcastle United,Arsenal,1,9,1,1,0,0,0.3333333333333333,0.6,1.0,14.6,4.2,2.2,1.0,1.4,1.1111111111111112,14.6,6.2,2.6,1.0,1.1111111111111112,12.555555555555555,15.555555555555555,4.0,5.555555555555555,2.2222222222222223,2.4444444444444446
54,12436487,Premier League,24/25,2024-11-10 14:00:00,Newcastle United,Nottingham Forest,0,10,1,1,1,0,0.6666666666666666,0.6,1.0,13.2,4.0,2.2,1.0,0.8,1.0,12.2,4.2,1.8,1.0,1.0,12.2,15.0,4.0,5.1,2.1,2.3
63,12436496,Premier League,24/25,2024-11-25 20:00:00,Newcastle United,West Ham United,1,11,1,1,1,0,1.6666666666666667,1.0,1.2,14.4,4.4,2.2,1.0,0.8,1.1,10.8,3.6,2.0,1.1818181818181819,1.0,12.636363636363637,14.454545454545455,4.181818181818182,4.909090909090909,2.090909090909091,2.272727272727273
69,12436502,Premier League,24/25,2024-11-30 15:00:00,Newcastle United,Crystal Palace,0,12,1,1,1,0,1.3333333333333333,1.0,1.1,15.2,4.2,2.4,1.0,1.2,1.2,12.2,4.4,1.6,1.0833333333333333,1.0833333333333333,13.083333333333334,14.5,4.0,5.0,2.0833333333333335,2.0833333333333335
297,12436978,Premier League,24/25,2024-12-04 19:30:00,Newcastle United,Liverpool FC,1,13,1,1,1,0,1.3333333333333333,1.2,1.0,11.2,3.0,1.6,1.3333333333333333,1.2,1.2,13.4,4.2,1.8,1.0769230769230769,1.0769230769230769,12.153846153846153,14.615384615384615,3.6923076923076925,4.923076923076923,1.9230769230769231,2.3076923076923075
18,12436450,Premier League,24/25,2024-12-07 15:00:00,Newcastle United,Brentford,0,14,1,1,1,0,1.3333333333333333,1.6,1.1,12.4,3.6,1.8,2.0,1.4,1.4,13.2,3.8,2.4,1.2142857142857142,1.2142857142857142,12.5,14.714285714285714,3.857142857142857,4.928571428571429,2.0714285714285716,2.4285714285714284
27,12436460,Premier League,24/25,2024-12-14 15:00:00,Newcastle United,Leicester City,1,15,1,1,1,0,2.0,1.8,1.2,13.8,3.4,2.2,2.6666666666666665,2.2,1.5,13.4,5.2,2.8,1.2666666666666666,1.4,12.733333333333333,14.466666666666667,3.8,5.133333333333334,2.1333333333333333,2.466666666666667
34,12436467,Premier League,24/25,2024-12-21 15:00:00,Newcastle United,Ipswich Town,0,16,1,1,1,0,3.0,2.0,1.5,15.8,4.4,2.8,2.3333333333333335,2.0,1.4,12.4,4.8,2.4,1.4375,1.3125,13.625,13.8125,4.25,4.875,2.3125,2.3125
44,12436477,Premier League,24/25,2024-12-26 15:00:00,Newcastle United,Aston Villa,1,17,1,1,1,0,3.3333333333333335,2.8,1.9,15.2,5.4,3.6,1.3333333333333333,1.6,1.4,11.4,4.0,2.6,1.588235294117647,1.2352941176470589,13.705882352941176,13.588235294117647,4.411764705882353,4.705882352941177,2.5294117647058822,2.235294117647059
89,12436522,Premier League,24/25,2024-12-30 20:00:00,Newcastle United,Manchester United,0,18,1,1,1,0,3.6666666666666665,3.2,2.2,19.4,7.0,4.2,0.0,1.4,1.3,9.0,3.4,1.6,1.6666666666666667,1.1666666666666667,14.166666666666666,13.055555555555555,4.611111111111111,4.5,2.5555555555555554,2.111111111111111
86,12436519,Premier League,24/25,2025-01-04 12:30:00,Newcastle United,Tottenham Hotspur,0,19,1,1,1,0,3.0,3.0,2.3,18.4,6.6,4.2,0.0,0.8,1.1,7.8,2.6,1.2,1.6842105263157894,1.105263157894737,14.052631578947368,12.894736842105264,4.578947368421052,4.315789473684211,2.6315789473684212,2.1052631578947367
96,12436529,Premier League,24/25,2025-01-15 19:30:00,Newcastle United,Wolverhampton,1,20,1,1,1,0,2.3333333333333335,3.0,2.4,18.0,6.8,4.4,0.3333333333333333,0.2,1.2,8.2,1.8,0.8,1.7,1.1,14.05,12.9,4.55,4.3,2.7,2.05
208,12436885,Premier League,24/25,2025-01-18 12:30:00,Newcastle United,Bournemouth,1,21,1,1,1,0,2.3333333333333335,2.8,2.4,16.0,5.6,4.0,0.3333333333333333,0.2,1.1,10.0,3.0,1.8,1.7619047619047619,1.0476190476190477,14.19047619047619,12.904761904761905,4.571428571428571,4.428571428571429,2.7142857142857144,2.1904761904761907
228,12436905,Premier League,24/25,2025-01-25 15:00:00,Newcastle United,Southampton,0,22,1,1,1,0,2.0,2.2,2.5,15.6,5.2,3.0,1.6666666666666667,1.0,1.3,11.8,4.6,2.4,1.7272727272727273,1.1818181818181819,14.136363636363637,13.181818181818182,4.590909090909091,4.681818181818182,2.6363636363636362,2.272727272727273
250,12436928,Premier League,24/25,2025-02-01 15:00:00,Newcastle United,Fulham,1,23,1,1,1,0,2.3333333333333335,2.2,2.7,14.6,5.4,3.6,1.6666666666666667,1.2,1.3,13.4,5.4,2.6,1.7826086956521738,1.173913043478261,14.26086956521739,13.130434782608695,4.782608695652174,4.695652173913044,2.782608695652174,2.217391304347826
269,12436948,Premier League,24/25,2025-02-15 15:00:00,Newcastle United,Manchester City,0,24,1,1,1,0,1.6666666666666667,2.0,2.5,14.4,5.4,3.4,2.3333333333333335,1.6,1.2,14.4,6.0,2.6,1.75,1.2083333333333333,14.125,13.208333333333334,4.75,4.666666666666667,2.7916666666666665,2.2083333333333335
283,12436963,Premier League,24/25,2025-02-23 14:00:00,Newcastle United,Nottingham Forest,1,25,1,1,1,0,1.3333333333333333,1.6,2.3,12.2,4.8,2.6,2.3333333333333335,2.2,1.2,14.0,6.6,3.2,1.68,1.32,13.68,13.12,4.6,4.76,2.68,2.28
306,12436988,Premier League,24/25,2025-02-26 20:15:00,Newcastle United,Liverpool FC,0,26,1,1,1,0,1.6666666666666667,1.8,2.3,11.4,4.8,2.8,3.0,2.8,1.5,14.8,6.2,3.0,1.7692307692307692,1.3846153846153846,13.653846153846153,13.26923076923077,4.615384615384615,4.769230769230769,2.730769230769231,2.3461538461538463
327,12437010,Premier League,24/25,2025-03-10 20:00:00,Newcastle United,West Ham United,0,27,1,1,1,0,1.3333333333333333,1.6,1.9,9.4,3.8,2.8,3.0,2.4,1.7,13.4,4.8,2.6,1.7037037037037037,1.4074074074074074,13.25925925925926,13.222222222222221,4.444444444444445,4.703703703703703,2.6666666666666665,2.3333333333333335
166,12436600,Premier League,24/25,2025-04-02 18:45:00,Newcastle United,Brentford,1,28,1,1,1,0,1.6666666666666667,1.2,1.7,7.8,2.6,2.2,1.6666666666666667,2.2,1.7,12.8,4.2,2.6,1.6785714285714286,1.3571428571428572,13.107142857142858,13.071428571428571,4.392857142857143,4.607142857142857,2.6785714285714284,2.2857142857142856
378,13560219,Premier League,24/25,2025-04-07 19:00:00,Newcastle United,Leicester City,0,29,1,1,1,0,1.0,1.4,1.7,9.8,2.6,2.0,1.0,2.0,1.8,12.2,4.0,2.6,1.6896551724137931,1.3448275862068966,13.379310344827585,13.03448275862069,4.379310344827586,4.551724137931035,2.6551724137931036,2.2758620689655173
175,12436611,Premier League,24/25,2025-04-13 15:30:00,Newcastle United,Manchester United,1,30,1,1,1,0,2.0,2.0,1.8,12.4,3.4,2.8,0.3333333333333333,1.2,1.7,11.4,3.0,1.8,1.7333333333333334,1.3,13.466666666666667,12.833333333333334,4.4,4.466666666666667,2.7,2.2
347,12437031,Premier League,24/25,2025-04-16 18:30:00,Newcastle United,Crystal Palace,1,31,1,1,1,0,3.0,2.0,1.9,12.4,3.6,3.2,0.6666666666666666,0.8,1.8,9.8,3.0,1.4,1.8064516129032258,1.2903225806451613,13.451612903225806,12.709677419354838,4.451612903225806,4.483870967741935,2.806451612903226,2.193548387096774
179,12436615,Premier League,24/25,2025-04-19 16:30:00,Newcastle United,Aston Villa,0,32,1,1,1,0,4.0,3.0,2.3,14.6,5.0,4.0,0.3333333333333333,0.4,1.4,9.6,3.2,1.6,1.90625,1.25,13.46875,12.65625,4.53125,4.46875,2.875,2.21875
112,12436545,Premier League,24/25,2025-04-26 14:00:00,Newcastle United,Ipswich Town,1,33,1,1,1,0,3.3333333333333335,3.0,2.1,14.8,5.0,3.8,1.6666666666666667,1.2,1.7,12.4,4.6,2.4,1.878787878787879,1.3333333333333333,13.363636363636363,12.969696969696969,4.484848484848484,4.606060606060606,2.8484848484848486,2.303030303030303
133,12436567,Premier League,24/25,2025-05-04 13:00:00,Newcastle United,Brighton & Hove Albion,0,34,1,1,1,0,3.0,3.2,2.3,15.6,5.2,4.6,1.3333333333333333,1.0,1.5,10.8,4.0,2.0,1.911764705882353,1.2941176470588236,13.705882352941176,12.705882352941176,4.5,4.470588235294118,2.9411764705882355,2.235294117647059
139,12436573,Premier League,24/25,2025-05-11 11:00:00,Newcastle United,Chelsea,1,35,1,1,1,0,1.6666666666666667,2.8,2.4,15.0,5.2,4.0,1.6666666666666667,1.2,1.2,10.4,4.0,2.2,1.8857142857142857,1.2857142857142858,13.685714285714285,12.485714285714286,4.514285714285714,4.4,2.8857142857142857,2.2
151,12436585,Premier League,24/25,2025-05-18 15:30:00,Newcastle United,Arsenal,0,36,1,1,1,0,2.0,2.4,2.2,15.4,5.2,3.2,0.3333333333333333,1.0,0.9,10.6,3.6,2.0,1.8888888888888888,1.25,13.722222222222221,12.416666666666666,4.555555555555555,4.361111111111111,2.861111111111111,2.1666666666666665
108,12436541,Premier League,24/25,2025-05-25 15:00:00,Newcastle United,Everton,1,37,1,1,1,0,1.0,1.4,2.2,15.4,4.8,2.8,0.6666666666666666,1.2,0.8,10.8,3.6,1.6,1.837837837837838,1.2432432432432432,13.72972972972973,12.405405405405405,4.5675675675675675,4.351351351351352,2.864864864864865,2.135135135135135
199,12436875,Premier League,24/25,2024-08-17 14:00:00,Nottingham Forest,Bournemouth,1,0,0,0,0,1,,,,,,,,,,,,,,,,,,,,
223,12436900,Premier League,24/25,2024-08-24 14:00:00,Nottingham Forest,Southampton,0,1,0,0,0,1,1.0,1.0,1.0,14.0,8.0,1.0,1.0,1.0,1.0,13.0,4.0,3.0,1.0,1.0,14.0,13.0,8.0,4.0,1.0,3.0
248,12436926,Premier League,24/25,2024-08-31 14:00:00,Nottingham Forest,Wolverhampton,1,2,0,0,0,1,1.0,1.0,1.0,18.5,8.0,3.5,0.5,0.5,0.5,9.0,2.5,1.5,1.0,0.5,18.5,9.0,8.0,2.5,3.5,1.5
265,12436944,Premier League,24/25,2024-09-14 14:00:00,Nottingham Forest,Liverpool FC,0,3,1,0,0,1,1.0,1.0,1.0,17.666666666666668,7.0,2.6666666666666665,0.6666666666666666,0.6666666666666666,0.6666666666666666,9.666666666666666,2.6666666666666665,1.6666666666666667,1.0,0.6666666666666666,17.666666666666668,9.666666666666666,7.0,2.6666666666666665,2.6666666666666665,1.6666666666666667
279,12436959,Premier League,24/25,2024-09-22 13:00:00,Nottingham Forest,Brighton & Hove Albion,0,4,1,0,0,1,1.0,1.0,1.0,14.5,6.0,2.5,0.3333333333333333,0.5,0.5,10.75,3.25,1.5,1.0,0.5,14.5,10.75,6.0,3.25,2.5,1.5
318,12437001,Premier League,24/25,2024-09-28 14:00:00,Nottingham Forest,Fulham,1,5,1,1,0,0,1.3333333333333333,1.2,1.2,12.4,5.4,2.4,1.0,0.8,0.8,11.4,3.2,1.6,1.2,0.8,12.4,11.4,5.4,3.2,2.4,1.6
330,12437013,Premier League,24/25,2024-10-06 13:00:00,Nottingham Forest,Chelsea,0,6,1,1,0,0,1.0,1.0,1.0,11.8,4.0,2.2,1.0,0.8,0.8333333333333334,11.6,2.8,1.2,1.0,0.8333333333333334,12.166666666666666,11.833333333333334,4.666666666666667,3.0,2.0,1.5
351,12437036,Premier League,24/25,2024-10-21 19:00:00,Nottingham Forest,Crystal Palace,1,7,1,1,0,0,1.0,1.0,1.0,10.4,4.2,1.8,1.3333333333333333,1.0,0.8571428571428571,15.0,4.2,1.8,1.0,0.8571428571428571,12.714285714285714,13.285714285714286,5.285714285714286,3.7142857142857144,2.2857142857142856,1.7142857142857142
362,12437048,Premier League,24/25,2024-10-25 19:00:00,Nottingham Forest,Leicester City,0,8,1,1,0,0,0.6666666666666666,1.0,1.0,11.2,4.4,2.2,0.6666666666666666,0.8,0.75,16.8,5.0,1.4,1.0,0.75,13.625,14.125,5.375,4.125,2.375,1.5
371,12437057,Premier League,24/25,2024-11-02 15:00:00,Nottingham Forest,West Ham United,1,9,1,1,0,0,1.6666666666666667,1.4,1.2222222222222223,14.2,4.8,2.6,0.6666666666666666,1.0,0.7777777777777778,16.2,4.2,1.4,1.2222222222222223,0.7777777777777778,14.333333333333334,13.777777777777779,5.333333333333333,3.7777777777777777,2.5555555555555554,1.4444444444444444
54,12436487,Premier League,24/25,2024-11-10 14:00:00,Nottingham Forest,Newcastle United,1,10,1,1,1,0,2.3333333333333335,1.6,1.4,17.2,5.4,2.8,0.3333333333333333,0.6,0.7,14.2,4.0,1.0,1.4,0.7,14.8,12.8,5.4,3.6,2.6,1.3
56,12436489,Premier League,24/25,2024-11-23 15:00:00,Nottingham Forest,Arsenal,0,11,1,1,1,0,2.3333333333333335,1.8,1.4,16.8,5.8,3.2,1.3333333333333333,1.0,0.9,14.8,4.8,1.2,1.3636363636363635,0.9090909090909091,14.272727272727273,13.181818181818182,5.181818181818182,3.8181818181818183,2.5454545454545454,1.3636363636363635
70,12436503,Premier League,24/25,2024-11-30 15:00:00,Nottingham Forest,Ipswich Town,1,12,1,1,1,0,1.3333333333333333,1.6,1.3,15.0,4.0,2.4,2.0,1.4,1.2,14.2,4.6,0.8,1.25,1.0833333333333333,13.666666666666666,13.666666666666666,4.75,4.083333333333333,2.3333333333333335,1.3333333333333333
292,12436972,Premier League,24/25,2024-12-04 19:30:00,Nottingham Forest,Manchester City,0,13,1,1,1,0,0.6666666666666666,1.6,1.3,13.4,3.8,2.2,2.0,1.4,1.1,11.6,3.8,0.8,1.2307692307692308,1.0,13.538461538461538,13.153846153846153,4.769230769230769,4.0,2.3076923076923075,1.2307692307692308
17,12436449,Premier League,24/25,2024-12-07 17:30:00,Nottingham Forest,Manchester United,0,14,1,1,1,0,0.3333333333333333,1.0,1.2,11.8,3.4,1.6,2.0,1.8,1.4,12.8,5.0,1.4,1.1428571428571428,1.1428571428571428,13.428571428571429,13.428571428571429,4.642857142857143,4.214285714285714,2.2142857142857144,1.4285714285714286
15,12436447,Premier League,24/25,2024-12-14 17:30:00,Nottingham Forest,Aston Villa,1,15,1,1,1,0,1.3333333333333333,1.0,1.3,10.2,2.8,1.0,1.6666666666666667,2.2,1.4,15.4,6.0,1.8,1.2666666666666666,1.2,13.266666666666667,13.666666666666666,4.533333333333333,4.4,2.066666666666667,1.4666666666666666
30,12436463,Premier League,24/25,2024-12-21 15:00:00,Nottingham Forest,Brentford,0,16,1,1,1,0,1.6666666666666667,1.2,1.5,11.8,3.4,1.2,2.0,1.8,1.4,13.6,5.2,1.4,1.3125,1.1875,13.5,13.3125,4.625,4.25,2.125,1.375
46,12436479,Premier League,24/25,2024-12-26 15:00:00,Nottingham Forest,Tottenham Hotspur,1,17,1,1,1,0,2.3333333333333335,1.6,1.6,12.4,4.6,1.6,1.0,1.2,1.3,11.2,4.4,1.4,1.3529411764705883,1.1176470588235294,13.294117647058824,12.941176470588236,4.705882352941177,4.176470588235294,2.1176470588235294,1.3529411764705883
84,12436517,Premier League,24/25,2024-12-29 15:00:00,Nottingham Forest,Everton,0,18,1,1,1,0,1.6666666666666667,1.6,1.6,12.0,4.2,1.6,0.3333333333333333,1.2,1.3,12.4,4.6,1.6,1.3333333333333333,1.0555555555555556,13.11111111111111,12.944444444444445,4.611111111111111,4.166666666666667,2.111111111111111,1.3333333333333333
5,12436437,Premier League,24/25,2025-01-06 20:00:00,Nottingham Forest,Wolverhampton,0,19,1,1,1,0,1.6666666666666667,2.0,1.5,11.8,5.0,2.4,0.0,0.6,1.2,11.6,3.6,0.8,1.368421052631579,1.0,13.0,12.947368421052632,4.7368421052631575,4.052631578947368,2.263157894736842,1.263157894736842
93,12436526,Premier League,24/25,2025-01-14 20:00:00,Nottingham Forest,Liverpool FC,1,20,1,1,1,0,2.0,2.0,1.5,11.8,5.0,3.2,0.0,0.2,1.2,10.8,3.4,0.8,1.45,0.95,12.9,12.95,4.65,4.15,2.35,1.3
210,12436887,Premier League,24/25,2025-01-19 14:00:00,Nottingham Forest,Southampton,1,21,1,1,1,0,2.0,1.8,1.5,9.6,4.4,2.8,0.3333333333333333,0.2,1.0,13.8,4.4,1.6,1.4285714285714286,0.9523809523809523,12.571428571428571,13.428571428571429,4.571428571428571,4.285714285714286,2.2857142857142856,1.4285714285714286
214,12436891,Premier League,24/25,2025-01-25 15:00:00,Nottingham Forest,Bournemouth,0,22,1,1,1,0,2.3333333333333335,2.0,1.8,10.4,4.2,3.2,1.0,0.6,0.9,14.4,4.6,1.8,1.5,1.0,12.636363636363637,13.272727272727273,4.590909090909091,4.2727272727272725,2.3636363636363638,1.4545454545454546
251,12436930,Premier League,24/25,2025-02-01 12:30:00,Nottingham Forest,Brighton & Hove Albion,1,23,1,1,1,0,1.3333333333333333,1.8,1.7,12.0,4.4,3.0,2.6666666666666665,1.6,1.4,15.0,5.8,2.2,1.434782608695652,1.173913043478261,12.869565217391305,13.391304347826088,4.565217391304348,4.521739130434782,2.3043478260869565,1.5217391304347827
261,12436940,Premier League,24/25,2025-02-15 15:00:00,Nottingham Forest,Fulham,0,24,1,1,1,0,3.3333333333333335,2.8,2.4,12.6,4.8,3.2,2.3333333333333335,1.6,1.1,14.4,6.4,2.4,1.6666666666666667,1.125,12.916666666666666,13.25,4.75,4.541666666666667,2.4583333333333335,1.5
283,12436963,Premier League,24/25,2025-02-23 14:00:00,Nottingham Forest,Newcastle United,0,25,1,1,1,0,2.6666666666666665,2.4,2.2,12.0,4.6,2.4,2.3333333333333335,2.0,1.1,16.6,7.2,2.8,1.64,1.16,12.72,13.68,4.64,4.76,2.36,1.6
294,12436974,Premier League,24/25,2025-02-26 19:30:00,Nottingham Forest,Arsenal,1,26,1,1,1,0,3.6666666666666665,2.8,2.3,14.2,5.0,3.0,2.0,2.6,1.4,14.6,6.8,2.8,1.6923076923076923,1.2692307692307692,12.884615384615385,13.653846153846153,4.653846153846154,4.769230769230769,2.423076923076923,1.6923076923076923
324,12437007,Premier League,24/25,2025-03-08 12:30:00,Nottingham Forest,Manchester City,1,27,1,1,1,0,1.3333333333333333,2.2,2.1,12.6,4.4,2.4,2.0,2.2,1.4,15.2,6.2,2.8,1.6296296296296295,1.2222222222222223,12.62962962962963,13.62962962962963,4.555555555555555,4.62962962962963,2.3703703703703702,1.7037037037037037
341,12437025,Premier League,24/25,2025-03-15 15:00:00,Nottingham Forest,Ipswich Town,0,28,1,1,1,0,1.3333333333333333,2.4,2.1,10.8,4.4,2.75,1.3333333333333333,1.2,1.4,14.8,4.8,2.75,1.6071428571428572,1.1785714285714286,12.5,13.642857142857142,4.535714285714286,4.571428571428571,2.3703703703703702,1.7037037037037037
157,12436591,Premier League,24/25,2025-04-01 19:00:00,Nottingham Forest,Manchester United,1,29,1,1,1,0,1.6666666666666667,1.8,2.3,10.2,3.8,2.0,0.6666666666666666,1.6,1.6,15.0,4.6,2.5,1.6896551724137931,1.206896551724138,12.448275862068966,13.551724137931034,4.586206896551724,4.551724137931035,2.392857142857143,1.6428571428571428
163,12436597,Premier League,24/25,2025-04-05 16:30:00,Nottingham Forest,Aston Villa,0,30,1,1,1,0,2.0,1.8,2.1,10.2,3.8,2.0,0.6666666666666666,1.2,1.6,14.8,3.8,2.25,1.6666666666666667,1.1666666666666667,12.3,13.866666666666667,4.5,4.6,2.310344827586207,1.6896551724137931
177,12436613,Premier League,24/25,2025-04-12 14:00:00,Nottingham Forest,Everton,1,31,1,1,1,0,2.0,1.4,2.1,10.6,3.4,1.0,1.3333333333333333,0.8,1.7,15.6,4.4,2.25,1.6451612903225807,1.1935483870967742,12.516129032258064,13.96774193548387,4.451612903225806,4.709677419354839,2.2333333333333334,1.7666666666666666
104,12436537,Premier League,24/25,2025-04-21 19:00:00,Nottingham Forest,Tottenham Hotspur,0,32,1,1,1,0,0.6666666666666666,1.4,1.8,11.4,4.0,0.75,1.0,1.0,1.6,15.6,5.2,2.25,1.59375,1.1875,12.4375,13.9375,4.46875,4.71875,2.161290322580645,1.7741935483870968
119,12436552,Premier League,24/25,2025-05-01 18:30:00,Nottingham Forest,Brentford,1,33,1,1,1,0,1.0,1.6,2.0,10.4,3.8,0.8,1.3333333333333333,1.2,1.2,17.2,5.8,2.6,1.606060606060606,1.1818181818181819,12.181818181818182,14.181818181818182,4.424242424242424,4.757575757575758,2.125,1.84375
127,12436561,Premier League,24/25,2025-05-05 19:00:00,Nottingham Forest,Crystal Palace,0,34,1,1,1,0,0.6666666666666666,0.8,1.3,11.0,3.6,0.2,1.3333333333333333,1.2,1.4,17.2,5.6,3.2,1.5588235294117647,1.2058823529411764,12.235294117647058,14.088235294117647,4.4411764705882355,4.705882352941177,2.0606060606060606,1.878787878787879
140,12436574,Premier League,24/25,2025-05-11 13:15:00,Nottingham Forest,Leicester City,1,35,1,1,1,0,1.0,0.8,1.3,11.8,4.0,0.2,1.3333333333333333,1.4,1.3,16.6,5.0,3.4,1.542857142857143,1.2,12.228571428571428,14.257142857142858,4.428571428571429,4.6571428571428575,2.0,1.9411764705882353
100,12436533,Premier League,24/25,2025-05-18 13:15:00,Nottingham Forest,West Ham United,0,36,1,1,1,0,1.0,1.0,1.2,11.0,4.2,1.0,1.6666666666666667,1.4,1.1,15.2,4.6,3.4,1.5555555555555556,1.2222222222222223,12.305555555555555,14.13888888888889,4.416666666666667,4.694444444444445,2.057142857142857,2.0
122,12436556,Premier League,24/25,2025-05-25 15:00:00,Nottingham Forest,Chelsea,1,37,1,1,1,0,1.6666666666666667,1.4,1.4,11.0,4.2,1.8,1.3333333333333333,1.4,1.2,15.8,4.6,3.0,1.5675675675675675,1.2162162162162162,12.243243243243244,14.18918918918919,4.4324324324324325,4.702702702702703,2.111111111111111,1.9444444444444444
198,12436874,Premier League,24/25,2024-08-17 14:00:00,Southampton,Newcastle United,0,0,0,0,0,1,,,,,,,,,,,,,,,,,,,,
223,12436900,Premier League,24/25,2024-08-24 14:00:00,Southampton,Nottingham Forest,1,1,0,0,0,1,0.0,0.0,0.0,19.0,4.0,3.0,1.0,1.0,1.0,3.0,1.0,1.0,0.0,1.0,19.0,3.0,4.0,1.0,3.0,1.0
231,12436908,Premier League,24/25,2024-08-31 14:00:00,Southampton,Brentford,0,2,0,0,0,1,0.0,0.0,0.0,12.0,2.5,1.5,1.0,1.0,1.0,13.0,4.5,3.5,0.0,1.0,12.0,13.0,2.5,4.5,1.5,3.5
270,12436949,Premier League,24/25,2024-09-14 11:30:00,Southampton,Manchester United,1,3,1,0,0,1,0.3333333333333333,0.3333333333333333,0.3333333333333333,14.0,3.6666666666666665,1.6666666666666667,1.6666666666666667,1.6666666666666667,1.6666666666666667,15.333333333333334,5.333333333333333,4.333333333333333,0.3333333333333333,1.6666666666666667,14.0,15.333333333333334,3.6666666666666665,5.333333333333333,1.6666666666666667,4.333333333333333
293,12436973,Premier League,24/25,2024-09-21 14:00:00,Southampton,Ipswich Town,1,4,1,0,0,1,0.3333333333333333,0.25,0.25,12.0,3.75,2.0,2.3333333333333335,2.0,2.0,16.5,6.5,4.5,0.25,2.0,12.0,16.5,3.75,6.5,2.0,4.5
300,12436982,Premier League,24/25,2024-09-30 19:00:00,Southampton,Bournemouth,0,5,1,1,0,0,0.6666666666666666,0.4,0.4,11.8,3.6,2.4,2.3333333333333335,1.8,1.8,15.8,6.4,4.0,0.4,1.8,11.8,15.8,3.6,6.4,2.4,4.0
321,12437004,Premier League,24/25,2024-10-05 14:00:00,Southampton,Arsenal,0,6,1,1,0,0,0.6666666666666666,0.6,0.5,9.8,3.4,2.0,2.3333333333333335,2.2,2.0,18.0,7.4,4.0,0.5,2.0,11.333333333333334,15.5,3.5,6.333333333333333,2.1666666666666665,3.5
352,12437037,Premier League,24/25,2024-10-19 14:00:00,Southampton,Leicester City,1,7,1,1,0,0,1.0,0.8,0.5714285714285714,10.4,3.6,2.4,2.3333333333333335,2.6,2.142857142857143,19.2,7.0,3.6,0.5714285714285714,2.142857142857143,10.857142857142858,17.428571428571427,3.2857142857142856,6.285714285714286,2.142857142857143,3.5714285714285716
363,12437049,Premier League,24/25,2024-10-26 14:00:00,Southampton,Manchester City,0,8,1,1,0,0,1.3333333333333333,1.0,0.75,9.6,3.8,2.6,3.0,2.6,2.25,18.8,6.4,3.2,0.75,2.25,11.25,17.5,3.75,6.0,2.25,3.625
372,12437058,Premier League,24/25,2024-11-02 15:00:00,Southampton,Everton,1,9,1,1,0,0,1.0,1.0,0.6666666666666666,9.4,3.4,2.2,2.3333333333333335,2.2,2.111111111111111,19.2,6.0,3.0,0.6666666666666666,2.111111111111111,10.555555555555555,18.0,3.5555555555555554,6.222222222222222,2.111111111111111,3.6666666666666665
52,12436485,Premier League,24/25,2024-11-09 15:00:00,Southampton,Wolverhampton,0,10,1,1,1,0,1.0,1.0,0.7,9.0,3.2,1.6,1.3333333333333333,2.0,1.9,19.8,5.8,3.2,0.7,1.9,10.4,17.8,3.4,6.1,2.0,3.6
73,12436506,Premier League,24/25,2024-11-24 14:00:00,Southampton,Liverpool FC,1,11,1,1,1,0,0.3333333333333333,0.8,0.7,9.0,2.6,1.6,1.0,1.8,2.0,18.6,5.4,3.2,0.6363636363636364,1.9090909090909092,10.272727272727273,16.90909090909091,3.090909090909091,5.909090909090909,1.9090909090909092,3.3636363636363638
68,12436501,Premier League,24/25,2024-11-29 20:00:00,Southampton,Brighton & Hove Albion,0,12,1,1,1,0,1.0,1.0,0.9,8.8,3.2,1.8,1.6666666666666667,1.8,2.2,18.2,6.4,3.8,0.75,2.0,10.0,17.75,3.25,6.333333333333333,2.0,3.6666666666666665
302,12436984,Premier League,24/25,2024-12-04 19:30:00,Southampton,Chelsea,1,13,1,1,1,0,1.0,0.8,0.9,8.0,2.2,1.4,2.0,1.4,2.0,19.0,6.6,3.6,0.7692307692307693,1.9230769230769231,10.0,18.076923076923077,3.1538461538461537,6.230769230769231,1.9230769230769231,3.6153846153846154
308,12436990,Premier League,24/25,2024-12-07 15:00:00,Southampton,Aston Villa,0,14,1,1,1,0,1.3333333333333333,1.0,1.0,8.2,2.6,2.0,3.0,2.2,2.2,19.8,7.6,5.2,0.7857142857142857,2.142857142857143,9.714285714285714,18.642857142857142,3.2142857142857144,6.714285714285714,2.0714285714285716,4.214285714285714
25,12436458,Premier League,24/25,2024-12-15 19:00:00,Southampton,Tottenham Hotspur,1,15,1,1,1,0,0.6666666666666666,0.8,0.9,7.2,2.2,1.8,2.3333333333333335,2.4,2.2,20.2,7.6,5.6,0.7333333333333333,2.066666666666667,9.333333333333334,18.6,3.0,6.6,1.9333333333333333,4.266666666666667
35,12436468,Premier League,24/25,2024-12-22 14:00:00,Southampton,Fulham,0,16,1,1,1,0,0.3333333333333333,0.8,0.8,7.2,2.8,2.2,3.6666666666666665,3.0,2.4,22.2,8.6,6.6,0.6875,2.25,9.3125,18.5625,3.0,6.75,2.0,4.375
47,12436480,Premier League,24/25,2024-12-26 15:00:00,Southampton,West Ham United,1,17,1,1,1,0,0.0,0.4,0.7,6.8,2.0,1.6,2.0,2.4,2.1,19.8,7.4,5.6,0.6470588235294118,2.1176470588235294,9.058823529411764,18.352941176470587,2.8823529411764706,6.647058823529412,1.8823529411764706,4.235294117647059
99,12436532,Premier League,24/25,2024-12-29 15:00:00,Southampton,Crystal Palace,0,18,1,1,1,0,0.0,0.2,0.5,8.4,2.6,2.2,2.0,2.4,1.9,18.6,6.8,5.4,0.6111111111111112,2.0555555555555554,9.555555555555555,18.22222222222222,3.0,6.388888888888889,2.0,4.111111111111111
87,12436520,Premier League,24/25,2025-01-04 15:00:00,Southampton,Brentford,1,19,1,1,1,0,0.3333333333333333,0.2,0.6,8.6,2.4,1.6,1.0,1.8,2.0,17.2,6.2,3.8,0.631578947368421,2.0526315789473686,9.421052631578947,18.263157894736842,3.0,6.578947368421052,1.9473684210526316,4.105263157894737
83,12436516,Premier League,24/25,2025-01-16 20:00:00,Southampton,Manchester United,0,20,1,1,1,0,0.3333333333333333,0.2,0.5,9.4,2.6,1.6,2.6666666666666665,2.6,2.5,17.6,7.4,5.0,0.6,2.2,9.35,18.35,2.9,6.8,1.85,4.45
210,12436887,Premier League,24/25,2025-01-19 14:00:00,Southampton,Nottingham Forest,0,21,1,1,1,0,0.6666666666666666,0.4,0.6,10.2,3.0,1.2,3.3333333333333335,2.2,2.6,18.6,7.4,5.0,0.6190476190476191,2.238095238095238,9.523809523809524,18.571428571428573,3.0,6.904761904761905,1.8095238095238095,4.523809523809524
228,12436905,Premier League,24/25,2025-01-25 15:00:00,Southampton,Newcastle United,1,22,1,1,1,0,1.0,0.8,0.6,11.2,3.6,1.6,3.6666666666666665,2.8,2.6,18.4,7.4,5.4,0.6818181818181818,2.272727272727273,9.545454545454545,18.363636363636363,3.0454545454545454,6.818181818181818,1.8181818181818181,4.5
246,12436924,Premier League,24/25,2025-02-01 15:00:00,Southampton,Ipswich Town,0,23,1,1,1,0,1.3333333333333333,1.0,0.6,10.0,3.6,1.0,3.0,3.2,2.8,18.6,8.8,6.2,0.6956521739130435,2.3043478260869565,9.652173913043478,18.304347826086957,3.130434782608696,6.913043478260869,1.7826086956521738,4.565217391304348
271,12436950,Premier League,24/25,2025-02-15 15:00:00,Southampton,Bournemouth,1,24,1,1,1,0,1.6666666666666667,1.2,0.7,10.4,3.8,1.0,2.3333333333333335,3.0,2.4,17.8,8.0,5.8,0.75,2.25,9.625,18.166666666666668,3.1666666666666665,6.875,1.75,4.458333333333333
285,12436965,Premier League,24/25,2025-02-22 15:00:00,Southampton,Brighton & Hove Albion,1,25,1,1,1,0,1.3333333333333333,1.4,0.8,11.0,4.4,1.2,2.3333333333333335,2.6,2.6,16.6,7.2,4.2,0.76,2.28,9.68,18.0,3.2,6.88,1.72,4.4
304,12436986,Premier League,24/25,2025-02-25 20:15:00,Southampton,Chelsea,0,26,1,1,1,0,1.0,1.2,0.8,9.6,3.6,1.0,2.6666666666666665,2.8,2.5,15.6,7.8,5.0,0.7307692307692307,2.3461538461538463,9.538461538461538,18.0,3.1153846153846154,7.076923076923077,1.6538461538461537,4.615384615384615
320,12437003,Premier League,24/25,2025-03-08 15:00:00,Southampton,Liverpool FC,0,27,1,1,1,0,0.3333333333333333,0.8,0.8,9.0,3.2,1.0,3.6666666666666665,3.0,2.9,16.6,8.8,5.4,0.7037037037037037,2.4074074074074074,9.444444444444445,18.037037037037038,3.074074074074074,7.185185185185185,1.6666666666666667,4.666666666666667
144,12436578,Premier League,24/25,2025-03-15 15:00:00,Southampton,Wolverhampton,1,28,1,1,1,0,0.3333333333333333,0.8,0.9,7.8,3.0,1.0,3.6666666666666665,3.0,3.1,18.8,8.4,5.8,0.7142857142857143,2.4285714285714284,9.321428571428571,18.392857142857142,3.107142857142857,7.178571428571429,1.6428571428571428,4.785714285714286
154,12436588,Premier League,24/25,2025-04-02 18:45:00,Southampton,Crystal Palace,1,29,1,1,1,0,0.6666666666666666,0.6,0.9,8.0,2.8,1.4,3.0,3.2,3.1,16.8,7.8,5.6,0.7241379310344828,2.413793103448276,9.344827586206897,17.93103448275862,3.103448275862069,7.0344827586206895,1.6896551724137931,4.655172413793103
170,12436606,Premier League,24/25,2025-04-06 13:00:00,Southampton,Tottenham Hotspur,0,30,1,1,1,0,1.0,0.6,1.0,7.4,2.4,1.4,2.0,2.8,2.7,15.8,7.0,5.2,0.7333333333333333,2.3666666666666667,9.3,17.633333333333333,3.066666666666667,6.9,1.6666666666666667,4.533333333333333
178,12436614,Premier League,24/25,2025-04-12 14:00:00,Southampton,Aston Villa,1,31,1,1,1,0,1.0,0.8,1.0,8.6,3.0,2.0,2.0,2.6,2.7,14.8,6.2,4.0,0.7419354838709677,2.3870967741935485,9.387096774193548,17.483870967741936,3.096774193548387,6.935483870967742,1.7096774193548387,4.516129032258065
121,12436554,Premier League,24/25,2025-04-19 14:00:00,Southampton,West Ham United,0,32,1,1,1,0,0.6666666666666666,0.8,0.8,8.6,3.0,1.8,2.3333333333333335,2.4,2.7,16.0,6.2,4.0,0.71875,2.40625,9.3125,17.71875,3.0625,7.03125,1.6875,4.5625
106,12436539,Premier League,24/25,2025-04-26 14:00:00,Southampton,Fulham,1,33,1,1,1,0,0.6666666666666666,0.8,0.8,10.4,3.0,1.8,2.3333333333333335,2.0,2.5,12.8,5.6,2.4,0.7272727272727273,2.3636363636363638,9.484848484848484,17.545454545454547,3.090909090909091,6.9393939393939394,1.6666666666666667,4.424242424242424
137,12436571,Premier League,24/25,2025-05-03 14:00:00,Southampton,Leicester City,0,34,1,1,1,0,0.6666666666666666,0.8,0.7,9.8,3.0,1.4,2.0,2.0,2.6,17.0,6.0,2.4,0.7352941176470589,2.3529411764705883,9.411764705882353,17.794117647058822,3.088235294117647,6.882352941176471,1.6470588235294117,4.323529411764706
141,12436575,Premier League,24/25,2025-05-10 14:00:00,Southampton,Manchester City,1,35,1,1,1,0,0.6666666666666666,0.6,0.6,9.8,3.0,1.4,1.6666666666666667,2.2,2.5,18.0,6.2,2.4,0.7142857142857143,2.342857142857143,9.371428571428572,17.685714285714287,3.057142857142857,6.8,1.6285714285714286,4.228571428571429
145,12436579,Premier League,24/25,2025-05-18 11:00:00,Southampton,Everton,0,36,1,1,1,0,0.3333333333333333,0.4,0.6,7.8,2.2,1.0,1.3333333333333333,1.6,2.1,20.6,5.6,2.0,0.6944444444444444,2.2777777777777777,9.166666666666666,17.916666666666668,2.9722222222222223,6.75,1.6285714285714286,4.228571428571429
116,12436549,Premier League,24/25,2025-05-25 15:00:00,Southampton,Arsenal,1,37,1,1,1,0,0.0,0.4,0.6,7.6,2.2,1.25,1.3333333333333333,1.4,1.9,18.2,4.6,1.5,0.6756756756756757,2.27027027027027,9.08108108108108,17.783783783783782,2.945945945945946,6.702702702702703,1.6388888888888888,4.222222222222222
204,12436881,Premier League,24/25,2024-08-19 19:00:00,Tottenham Hotspur,Leicester City,0,0,0,0,0,1,,,,,,,,,,,,,,,,,,,,
225,12436902,Premier League,24/25,2024-08-24 14:00:00,Tottenham Hotspur,Everton,1,1,0,0,0,1,1.0,1.0,1.0,15.0,7.0,2.0,1.0,1.0,1.0,7.0,3.0,2.0,1.0,1.0,15.0,7.0,7.0,3.0,2.0,2.0
245,12436923,Premier League,24/25,2024-09-01 12:30:00,Tottenham Hotspur,Newcastle United,0,2,0,0,0,1,2.5,2.5,2.5,14.0,7.0,4.0,0.5,0.5,0.5,8.5,2.0,1.0,2.5,0.5,14.0,8.5,7.0,2.0,4.0,1.0
272,12436951,Premier League,24/25,2024-09-15 13:00:00,Tottenham Hotspur,Arsenal,1,3,1,0,0,1,2.0,2.0,2.0,16.0,6.666666666666667,3.3333333333333335,1.0,1.0,1.0,8.666666666666666,2.3333333333333335,1.3333333333333333,2.0,1.0,16.0,8.666666666666666,6.666666666666667,2.3333333333333335,3.3333333333333335,1.3333333333333333
296,12436977,Premier League,24/25,2024-09-21 14:00:00,Tottenham Hotspur,Brentford,1,4,1,0,0,1,1.6666666666666667,1.5,1.5,15.75,6.25,2.5,1.0,1.0,1.0,8.25,2.75,1.5,1.5,1.0,15.75,8.25,6.25,2.75,2.5,1.5
313,12436995,Premier League,24/25,2024-09-29 15:30:00,Tottenham Hotspur,Manchester United,0,5,1,1,0,0,1.3333333333333333,1.8,1.8,17.2,7.0,3.4,1.3333333333333333,1.0,1.0,7.8,3.4,1.6,1.8,1.0,17.2,7.8,7.0,3.4,3.4,1.6
328,12437011,Premier League,24/25,2024-10-06 15:30:00,Tottenham Hotspur,Brighton & Hove Albion,0,6,1,1,0,0,2.0,2.2,2.0,19.0,7.6,4.8,0.6666666666666666,0.8,0.8333333333333334,8.6,3.2,1.2,2.0,0.8333333333333334,18.333333333333332,8.333333333333334,7.5,3.1666666666666665,4.333333333333333,1.3333333333333333
353,12437038,Premier League,24/25,2024-10-19 11:30:00,Tottenham Hotspur,West Ham United,1,7,1,1,0,0,2.6666666666666665,1.8,2.0,19.0,6.8,3.8,1.3333333333333333,1.4,1.1428571428571428,8.8,3.8,2.0,2.0,1.1428571428571428,17.571428571428573,8.714285714285714,6.857142857142857,3.2857142857142856,3.857142857142857,1.7142857142857142
360,12437046,Premier League,24/25,2024-10-27 14:00:00,Tottenham Hotspur,Crystal Palace,0,8,1,1,0,0,3.0,2.4,2.25,19.4,7.0,3.8,1.3333333333333333,1.2,1.125,9.2,4.0,2.0,2.25,1.125,18.125,9.0,6.875,3.375,3.625,1.75
373,12437059,Premier League,24/25,2024-11-03 14:00:00,Tottenham Hotspur,Aston Villa,1,9,1,1,0,0,2.0,2.4,2.0,18.6,6.6,4.2,1.6666666666666667,1.2,1.1111111111111112,10.6,4.4,1.8,2.0,1.1111111111111112,17.333333333333332,9.555555555555555,6.444444444444445,3.6666666666666665,3.4444444444444446,1.6666666666666667
59,12436492,Premier League,24/25,2024-11-10 14:00:00,Tottenham Hotspur,Ipswich Town,1,10,1,1,1,0,2.6666666666666665,2.6,2.2,17.2,5.8,3.4,1.0,1.2,1.1,11.8,3.4,2.2,2.2,1.1,17.2,9.8,6.4,3.4,3.4,1.9
66,12436499,Premier League,24/25,2024-11-23 17:30:00,Tottenham Hotspur,Manchester City,0,11,1,1,1,0,1.6666666666666667,2.2,2.2,15.8,4.8,2.0,1.3333333333333333,1.6,1.2,11.2,3.6,3.0,2.090909090909091,1.1818181818181819,17.181818181818183,9.636363636363637,6.2727272727272725,3.3636363636363638,3.272727272727273,2.090909090909091
74,12436507,Premier League,24/25,2024-12-01 13:30:00,Tottenham Hotspur,Fulham,1,12,1,1,1,0,3.0,2.6,2.2,15.0,5.6,3.0,1.0,1.0,1.2,13.6,3.8,3.0,2.25,1.0833333333333333,16.5,10.75,6.333333333333333,3.5,3.5,2.25
375,13015216,Premier League,24/25,2024-12-05 20:15:00,Tottenham Hotspur,Bournemouth,0,13,1,1,1,0,2.0,2.0,2.2,12.2,4.8,3.0,1.0,1.0,1.1,14.2,4.2,3.2,2.1538461538461537,1.0769230769230769,15.846153846153847,11.0,6.076923076923077,3.6923076923076925,3.3846153846153846,2.3076923076923075
9,12436441,Premier League,24/25,2024-12-08 16:30:00,Tottenham Hotspur,Chelsea,1,14,1,1,1,0,1.6666666666666667,2.0,2.2,12.4,5.0,2.8,0.6666666666666666,1.0,1.1,15.6,4.6,4.4,2.0,1.0714285714285714,15.571428571428571,11.714285714285714,5.928571428571429,4.0,3.2142857142857144,2.642857142857143
25,12436458,Premier League,24/25,2024-12-15 19:00:00,Tottenham Hotspur,Southampton,0,15,1,1,1,0,1.3333333333333333,1.8,2.2,11.8,4.8,3.4,2.0,1.6,1.4,16.6,6.0,4.2,2.066666666666667,1.2666666666666666,15.4,12.066666666666666,5.866666666666666,4.266666666666667,3.4,2.6666666666666665
38,12436471,Premier League,24/25,2024-12-22 16:30:00,Tottenham Hotspur,Liverpool FC,1,16,1,1,1,0,2.6666666666666665,2.6,2.4,12.0,5.6,4.2,1.6666666666666667,1.2,1.4,16.8,6.0,4.0,2.25,1.1875,15.5625,11.875,6.0625,4.1875,3.5625,2.6875
46,12436479,Premier League,24/25,2024-12-26 15:00:00,Tottenham Hotspur,Nottingham Forest,0,17,1,1,1,0,3.6666666666666665,2.4,2.5,12.0,5.2,3.4,3.3333333333333335,2.4,1.7,17.0,7.4,5.4,2.2941176470588234,1.4705882352941178,15.176470588235293,12.588235294117647,6.0,4.647058823529412,3.4705882352941178,3.176470588235294
88,12436521,Premier League,24/25,2024-12-29 15:00:00,Tottenham Hotspur,Wolverhampton,1,18,1,1,1,0,2.6666666666666665,2.2,2.1,13.0,5.4,3.2,2.3333333333333335,2.4,1.7,16.2,6.8,5.2,2.1666666666666665,1.4444444444444444,15.055555555555555,12.444444444444445,5.888888888888889,4.555555555555555,3.3333333333333335,3.111111111111111
86,12436519,Premier League,24/25,2025-01-04 12:30:00,Tottenham Hotspur,Newcastle United,1,19,1,1,1,0,1.6666666666666667,2.6,2.3,13.2,5.2,4.0,3.0,2.6,1.8,14.2,5.8,4.0,2.1578947368421053,1.4736842105263157,14.947368421052632,12.368421052631579,5.7368421052631575,4.473684210526316,3.4210526315789473,3.0
78,12436511,Premier League,24/25,2025-01-15 20:00:00,Tottenham Hotspur,Arsenal,0,20,1,1,1,0,1.0,2.2,2.0,13.2,5.0,3.0,1.6666666666666667,2.2,1.9,13.6,5.0,4.2,2.1,1.5,14.85,12.45,5.65,4.45,3.3,3.05
16,12436448,Premier League,24/25,2025-01-19 14:00:00,Tottenham Hotspur,Everton,0,21,1,1,1,0,1.3333333333333333,1.4,2.0,11.6,3.6,2.0,2.0,2.6,1.9,14.6,5.2,4.4,2.0476190476190474,1.5238095238095237,14.619047619047619,12.523809523809524,5.476190476190476,4.428571428571429,3.1904761904761907,3.0952380952380953
230,12436907,Premier League,24/25,2025-01-26 14:00:00,Tottenham Hotspur,Leicester City,1,22,1,1,1,0,1.3333333333333333,1.2,1.8,12.0,3.8,2.0,2.3333333333333335,2.0,2.2,12.2,4.0,3.2,2.0454545454545454,1.5909090909090908,14.454545454545455,12.5,5.5,4.5,3.1363636363636362,3.1818181818181817
239,12436916,Premier League,24/25,2025-02-02 14:00:00,Tottenham Hotspur,Brentford,0,23,1,1,1,0,1.3333333333333333,1.4,1.8,12.4,4.2,2.2,2.3333333333333335,2.2,2.3,12.6,4.0,3.0,2.0,1.608695652173913,14.478260869565217,12.478260869565217,5.521739130434782,4.434782608695652,3.0869565217391304,3.0869565217391304
273,12436952,Premier League,24/25,2025-02-16 16:30:00,Tottenham Hotspur,Manchester United,1,24,1,1,1,0,1.6666666666666667,1.4,2.0,12.4,4.0,1.6,1.6666666666666667,1.8,2.2,14.4,4.2,3.2,2.0,1.5416666666666667,14.416666666666666,12.791666666666666,5.375,4.416666666666667,3.0416666666666665,3.0416666666666665
193,12436629,Premier League,24/25,2025-02-22 15:00:00,Tottenham Hotspur,Ipswich Town,0,25,1,1,1,0,1.3333333333333333,1.4,1.8,14.2,4.6,1.6,0.6666666666666666,1.4,1.8,14.8,4.6,2.8,1.96,1.48,14.72,12.92,5.44,4.48,2.96,3.0
295,12436975,Premier League,24/25,2025-02-26 19:30:00,Tottenham Hotspur,Manchester City,1,26,1,1,1,0,2.3333333333333335,2.0,1.7,14.2,5.4,1.6,0.3333333333333333,1.2,1.9,15.4,4.8,2.6,2.0384615384615383,1.4615384615384615,14.538461538461538,13.076923076923077,5.461538461538462,4.5,2.8846153846153846,3.0
326,12437009,Premier League,24/25,2025-03-09 14:00:00,Tottenham Hotspur,Bournemouth,1,27,1,1,1,0,1.6666666666666667,1.6,1.4,14.2,5.4,1.6,0.6666666666666666,0.8,1.4,15.4,4.6,2.4,1.962962962962963,1.4444444444444444,14.407407407407407,13.037037037037036,5.481481481481482,4.518518518518518,2.8518518518518516,3.037037037037037
339,12437023,Premier League,24/25,2025-03-16 13:30:00,Tottenham Hotspur,Fulham,0,28,1,1,1,0,2.0,1.8,1.6,13.6,5.0,1.4,1.3333333333333333,0.8,1.5,16.4,5.6,3.2,1.9642857142857142,1.4642857142857142,14.321428571428571,13.178571428571429,5.428571428571429,4.642857142857143,2.7857142857142856,3.107142857142857
153,12436587,Premier League,24/25,2025-04-03 19:00:00,Tottenham Hotspur,Chelsea,0,29,1,1,1,0,0.6666666666666666,1.4,1.4,13.4,5.4,1.4,1.6666666666666667,1.2,1.5,15.0,5.6,3.2,1.896551724137931,1.4827586206896552,14.241379310344827,13.172413793103448,5.379310344827586,4.620689655172414,2.7586206896551726,3.0689655172413794
170,12436606,Premier League,24/25,2025-04-06 13:00:00,Tottenham Hotspur,Southampton,1,30,1,1,1,0,0.6666666666666666,1.2,1.3,10.6,4.4,1.6,1.6666666666666667,1.4,1.4,14.0,5.4,3.6,1.8333333333333333,1.4666666666666666,14.033333333333333,13.1,5.266666666666667,4.633333333333334,2.7333333333333334,3.1
181,12436617,Premier League,24/25,2025-04-13 13:00:00,Tottenham Hotspur,Wolverhampton,0,31,1,1,1,0,1.0,1.0,1.5,11.2,4.8,2.2,1.3333333333333333,1.4,1.3,13.0,5.2,3.6,1.8709677419354838,1.4516129032258065,14.0,13.064516129032258,5.354838709677419,4.612903225806452,2.774193548387097,3.096774193548387
104,12436537,Premier League,24/25,2025-04-21 19:00:00,Tottenham Hotspur,Nottingham Forest,1,32,1,1,1,0,1.6666666666666667,1.4,1.5,11.2,4.4,2.2,2.0,2.0,1.4,13.2,5.2,3.6,1.875,1.53125,13.90625,13.0625,5.3125,4.625,2.75,3.125
111,12436544,Premier League,24/25,2025-04-27 15:30:00,Tottenham Hotspur,Liverpool FC,0,33,1,1,1,0,2.0,1.2,1.5,13.2,4.8,2.8,2.3333333333333335,2.0,1.4,10.6,4.2,2.8,1.8484848484848484,1.5454545454545454,14.151515151515152,12.787878787878787,5.333333333333333,4.575757575757576,2.787878787878788,3.0606060606060606
131,12436565,Premier League,24/25,2025-05-04 13:00:00,Tottenham Hotspur,West Ham United,0,34,1,1,1,0,1.3333333333333333,1.4,1.4,12.4,4.6,2.6,3.6666666666666665,2.6,1.9,13.0,5.0,2.8,1.8235294117647058,1.6470588235294117,13.970588235294118,13.147058823529411,5.264705882352941,4.676470588235294,2.735294117647059,3.0294117647058822
149,12436583,Premier League,24/25,2025-05-11 13:15:00,Tottenham Hotspur,Crystal Palace,1,35,1,1,1,0,1.0,1.6,1.4,12.2,4.6,2.4,2.6666666666666665,2.6,2.0,13.0,4.4,2.4,1.8,1.6285714285714286,13.771428571428572,13.085714285714285,5.171428571428572,4.6,2.6857142857142855,3.0
143,12436577,Premier League,24/25,2025-05-16 18:30:00,Tottenham Hotspur,Aston Villa,0,36,1,1,1,0,0.6666666666666666,1.0,1.0,11.2,3.2,1.8,2.6666666666666665,2.8,2.1,15.2,5.6,3.6,1.75,1.6388888888888888,13.61111111111111,13.36111111111111,5.055555555555555,4.75,2.638888888888889,3.1666666666666665
123,12436557,Premier League,24/25,2025-05-25 15:00:00,Tottenham Hotspur,Brighton & Hove Albion,1,37,1,1,1,0,0.3333333333333333,0.6,1.0,9.6,2.6,1.6,1.6666666666666667,2.4,2.2,16.2,6.0,3.4,1.7027027027027026,1.6486486486486487,13.324324324324325,13.486486486486486,4.945945945945946,4.8108108108108105,2.5945945945945947,3.1621621621621623
201,12436877,Premier League,24/25,2024-08-17 16:30:00,West Ham United,Aston Villa,1,0,0,0,0,1,,,,,,,,,,,,,,,,,,,,
215,12436892,Premier League,24/25,2024-08-24 14:00:00,West Ham United,Crystal Palace,0,1,0,0,0,1,1.0,1.0,1.0,14.0,3.0,4.0,2.0,2.0,2.0,15.0,3.0,4.0,1.0,2.0,14.0,15.0,3.0,3.0,4.0,4.0
249,12436927,Premier League,24/25,2024-08-31 16:30:00,West Ham United,Manchester City,1,2,0,0,0,1,1.5,1.5,1.5,16.0,3.0,2.5,1.0,1.0,1.0,14.5,2.5,3.0,1.5,1.0,16.0,14.5,3.0,2.5,2.5,3.0
262,12436941,Premier League,24/25,2024-09-14 14:00:00,West Ham United,Fulham,0,3,1,0,0,1,1.3333333333333333,1.3333333333333333,1.3333333333333333,14.0,2.6666666666666665,2.0,1.6666666666666667,1.6666666666666667,1.6666666666666667,17.333333333333332,4.333333333333333,3.6666666666666665,1.3333333333333333,1.6666666666666667,14.0,17.333333333333332,2.6666666666666665,4.333333333333333,2.0,3.6666666666666665
298,12436980,Premier League,24/25,2024-09-21 11:30:00,West Ham United,Chelsea,1,4,1,0,0,1,1.3333333333333333,1.25,1.25,13.25,2.75,1.75,1.3333333333333333,1.5,1.5,18.25,4.5,3.75,1.25,1.5,13.25,18.25,2.75,4.5,1.75,3.75
305,12436987,Premier League,24/25,2024-09-28 14:00:00,West Ham United,Brentford,0,5,1,1,0,0,0.6666666666666666,1.0,1.0,13.6,3.6,1.4,2.3333333333333335,1.8,1.8,17.0,4.6,4.0,1.0,1.8,13.6,17.0,3.6,4.6,1.4,4.0
340,12437024,Premier League,24/25,2024-10-05 14:00:00,West Ham United,Ipswich Town,1,6,1,1,0,0,0.6666666666666666,1.0,1.0,14.6,3.6,0.8,1.6666666666666667,1.6,1.6666666666666667,15.6,4.6,3.4,1.0,1.6666666666666667,14.5,15.5,3.5,4.333333333333333,1.3333333333333333,3.5
353,12437038,Premier League,24/25,2024-10-19 11:30:00,West Ham United,Tottenham Hotspur,0,7,1,1,0,0,1.6666666666666667,1.4,1.4285714285714286,15.6,5.6,2.4,1.6666666666666667,1.8,1.5714285714285714,14.6,4.6,3.4,1.4285714285714286,1.5714285714285714,15.714285714285714,14.571428571428571,4.857142857142857,4.0,2.4285714285714284,3.2857142857142856
364,12437050,Premier League,24/25,2024-10-27 14:00:00,West Ham United,Manchester United,1,8,1,1,0,0,2.0,1.4,1.375,15.8,6.0,2.6,2.0,2.0,1.875,14.4,4.4,2.8,1.375,1.875,15.125,15.5,4.75,4.375,2.375,3.125
371,12437057,Premier League,24/25,2024-11-02 15:00:00,West Ham United,Nottingham Forest,0,9,1,1,0,0,2.3333333333333335,1.6,1.4444444444444444,16.0,6.0,3.2,2.0,2.0,1.7777777777777777,13.8,4.4,3.0,1.4444444444444444,1.7777777777777777,14.777777777777779,15.777777777777779,4.555555555555555,4.444444444444445,2.5555555555555554,3.3333333333333335
53,12436486,Premier League,24/25,2024-11-09 15:00:00,West Ham United,Everton,1,10,1,1,1,0,1.0,1.6,1.3,13.8,5.0,3.2,2.6666666666666665,2.0,1.9,15.2,4.6,2.6,1.3,1.9,13.7,16.1,4.3,4.6,2.3,3.3
63,12436496,Premier League,24/25,2024-11-25 20:00:00,West Ham United,Newcastle United,0,11,1,1,1,0,0.6666666666666666,1.4,1.2,12.2,5.6,3.4,1.3333333333333333,1.8,1.7,17.2,4.8,2.4,1.1818181818181819,1.7272727272727273,13.454545454545455,16.272727272727273,4.454545454545454,4.545454545454546,2.272727272727273,3.0
237,12436914,Premier League,24/25,2024-11-30 17:30:00,West Ham United,Arsenal,1,12,1,1,1,0,0.6666666666666666,1.0,1.2,10.6,4.2,1.6,1.0,1.6,1.7,19.0,4.8,2.4,1.25,1.5833333333333333,13.583333333333334,16.416666666666668,4.583333333333333,4.333333333333333,2.0833333333333335,2.9166666666666665
286,12436966,Premier League,24/25,2024-12-03 20:15:00,West Ham United,Leicester City,0,13,1,1,1,0,1.3333333333333333,1.2,1.3,10.8,4.4,1.6,1.6666666666666667,1.8,1.9,17.8,4.8,3.0,1.3076923076923077,1.8461538461538463,13.461538461538462,16.384615384615383,4.615384615384615,4.538461538461538,2.076923076923077,3.076923076923077
21,12436454,Premier League,24/25,2024-12-09 20:00:00,West Ham United,Wolverhampton,1,14,1,1,1,0,1.6666666666666667,1.0,1.3,14.6,5.8,1.8,2.6666666666666665,2.2,2.1,15.8,5.0,3.4,1.2857142857142858,1.9285714285714286,14.714285714285714,15.785714285714286,5.0,4.642857142857143,2.2857142857142856,3.357142857142857
32,12436465,Premier League,24/25,2024-12-16 20:00:00,West Ham United,Bournemouth,0,15,1,1,1,0,1.6666666666666667,1.4,1.5,17.6,6.2,2.0,3.0,1.8,1.9,15.8,4.8,3.2,1.3333333333333333,1.8666666666666667,15.0,16.0,4.933333333333334,4.666666666666667,2.2,3.2666666666666666
45,12436478,Premier League,24/25,2024-12-21 15:00:00,West Ham United,Brighton & Hove Albion,1,16,1,1,1,0,1.3333333333333333,1.6,1.5,18.6,5.6,1.8,1.6666666666666667,2.0,1.9,18.0,5.8,3.6,1.3125,1.8125,15.0625,16.8125,4.8125,4.9375,2.125,3.1875
47,12436480,Premier League,24/25,2024-12-26 15:00:00,West Ham United,Southampton,0,17,1,1,1,0,1.3333333333333333,1.4,1.2,17.8,5.2,2.2,1.0,2.2,1.9,16.8,6.6,4.0,1.2941176470588236,1.7647058823529411,14.823529411764707,16.529411764705884,4.764705882352941,5.0,2.1176470588235294,3.235294117647059
80,12436513,Premier League,24/25,2024-12-29 17:15:00,West Ham United,Liverpool FC,1,18,1,1,1,0,1.0,1.2,1.2,18.6,4.6,2.2,0.6666666666666666,1.2,1.5,17.2,6.2,3.8,1.2777777777777777,1.6666666666666667,14.88888888888889,16.61111111111111,4.611111111111111,5.0,2.111111111111111,3.2777777777777777
75,12436508,Premier League,24/25,2025-01-04 15:00:00,West Ham United,Manchester City,0,19,1,1,1,0,0.6666666666666666,1.0,1.0,13.8,2.6,1.4,2.0,1.6,1.9,20.0,7.6,4.2,1.2105263157894737,1.8421052631578947,14.473684210526315,16.894736842105264,4.368421052631579,5.421052631578948,2.0526315789473686,3.5789473684210527
76,12436509,Premier League,24/25,2025-01-14 19:30:00,West Ham United,Fulham,1,20,1,1,1,0,0.6666666666666666,0.8,1.1,13.4,2.6,1.8,3.0,2.2,2.0,18.2,8.0,4.4,1.2,1.95,14.6,16.55,4.35,5.5,2.1,3.55
212,12436889,Premier League,24/25,2025-01-18 15:00:00,West Ham United,Crystal Palace,1,21,1,1,1,0,1.3333333333333333,1.2,1.4,11.0,2.6,2.0,3.6666666666666665,2.4,2.2,16.6,7.2,4.6,1.2857142857142858,1.9523809523809523,14.095238095238095,16.761904761904763,4.285714285714286,5.476190476190476,2.0952380952380953,3.5238095238095237
216,12436893,Premier League,24/25,2025-01-26 16:30:00,West Ham United,Aston Villa,0,22,1,1,1,0,1.3333333333333333,1.0,1.2,10.2,1.8,1.6,2.6666666666666665,2.6,2.4,16.6,7.4,4.2,1.2272727272727273,1.9545454545454546,13.772727272727273,16.545454545454547,4.090909090909091,5.545454545454546,2.0,3.4545454545454546
241,12436919,Premier League,24/25,2025-02-03 20:00:00,West Ham United,Chelsea,0,23,1,1,1,0,1.3333333333333333,1.0,1.1,9.8,2.2,2.0,1.6666666666666667,2.8,2.0,15.8,7.2,3.4,1.2173913043478262,1.9130434782608696,13.782608695652174,16.434782608695652,4.086956521739131,5.478260869565218,2.0869565217391304,3.3043478260869565
276,12436956,Premier League,24/25,2025-02-15 15:00:00,West Ham United,Brentford,1,24,1,1,1,0,0.6666666666666666,1.2,1.1,11.2,3.2,2.0,1.6666666666666667,2.2,1.9,15.8,5.2,2.0,1.2083333333333333,1.9166666666666667,13.791666666666666,16.666666666666668,4.125,5.375,2.0416666666666665,3.25
280,12436960,Premier League,24/25,2025-02-22 15:00:00,West Ham United,Arsenal,0,25,1,1,1,0,0.6666666666666666,1.0,0.9,10.4,3.0,1.6,1.3333333333333333,1.6,1.9,16.6,4.8,1.8,1.16,1.88,13.76,16.56,4.08,5.36,2.0,3.2
377,13365051,Premier League,24/25,2025-02-27 20:00:00,West Ham United,Leicester City,1,26,1,1,1,0,0.6666666666666666,0.6,0.9,10.6,2.8,1.4,1.0,1.2,1.8,16.4,4.2,1.4,1.1538461538461537,1.8076923076923077,13.423076923076923,16.692307692307693,4.0,5.230769230769231,1.9615384615384615,3.1153846153846154
327,12437010,Premier League,24/25,2025-03-10 20:00:00,West Ham United,Newcastle United,1,27,1,1,1,0,1.0,1.0,1.0,10.8,3.2,2.2,0.3333333333333333,0.8,1.7,16.0,3.2,1.0,1.1851851851851851,1.7407407407407407,13.222222222222221,16.444444444444443,3.925925925925926,5.111111111111111,2.037037037037037,3.0
337,12437021,Premier League,24/25,2025-03-15 15:00:00,West Ham United,Everton,0,28,1,1,1,0,1.0,0.8,0.9,9.8,2.8,1.6,0.3333333333333333,0.8,1.8,15.0,3.0,1.6,1.1428571428571428,1.7142857142857142,13.071428571428571,16.178571428571427,3.857142857142857,5.035714285714286,2.0,3.0
165,12436599,Premier League,24/25,2025-04-01 18:45:00,West Ham United,Wolverhampton,0,29,1,1,1,0,1.0,0.8,1.0,9.0,2.8,1.6,0.6666666666666666,0.6,1.4,13.2,3.4,1.4,1.1379310344827587,1.6896551724137931,12.96551724137931,16.06896551724138,3.896551724137931,5.0344827586206895,1.9655172413793103,2.9310344827586206
169,12436604,Premier League,24/25,2025-04-05 14:00:00,West Ham United,Bournemouth,1,30,1,1,1,0,0.3333333333333333,0.8,0.9,8.4,2.4,2.2,1.0,0.6,1.1,12.2,2.8,1.4,1.1,1.6666666666666667,12.866666666666667,15.833333333333334,3.8,4.933333333333334,2.033333333333333,2.9
176,12436612,Premier League,24/25,2025-04-13 13:00:00,West Ham United,Liverpool FC,0,31,1,1,1,0,1.0,1.0,0.8,9.2,2.6,2.2,1.3333333333333333,1.0,1.1,10.4,3.2,1.6,1.1290322580645162,1.6774193548387097,12.741935483870968,15.67741935483871,3.774193548387097,4.903225806451613,2.0,2.870967741935484
121,12436554,Premier League,24/25,2025-04-19 14:00:00,West Ham United,Southampton,1,32,1,1,1,0,1.0,0.8,0.9,9.8,3.0,2.2,1.6666666666666667,1.4,1.1,11.4,4.0,2.0,1.125,1.6875,12.6875,15.65625,3.78125,4.9375,2.0625,2.84375
113,12436546,Premier League,24/25,2025-04-26 14:00:00,West Ham United,Brighton & Hove Albion,0,33,1,1,1,0,1.3333333333333333,1.0,0.9,10.4,3.4,2.0,1.6666666666666667,1.4,1.1,12.6,4.2,1.6,1.121212121212121,1.6666666666666667,12.666666666666666,15.636363636363637,3.787878787878788,4.909090909090909,2.0,2.787878787878788
131,12436565,Premier League,24/25,2025-05-04 13:00:00,West Ham United,Tottenham Hotspur,1,34,1,1,1,0,1.3333333333333333,1.2,1.0,10.8,3.2,2.2,2.0,1.8,1.2,13.2,5.0,1.8,1.1470588235294117,1.7058823529411764,12.647058823529411,15.647058823529411,3.7941176470588234,5.029411764705882,2.0,2.764705882352941
135,12436569,Premier League,24/25,2025-05-11 13:15:00,West Ham United,Manchester United,0,35,1,1,1,0,1.3333333333333333,1.4,1.1,11.0,3.4,1.8,1.6666666666666667,1.8,1.2,12.8,5.0,1.6,1.1428571428571428,1.6857142857142857,12.6,15.4,3.742857142857143,4.942857142857143,2.0,2.7142857142857144
100,12436533,Premier League,24/25,2025-05-18 13:15:00,West Ham United,Nottingham Forest,1,36,1,1,1,0,1.6666666666666667,1.4,1.2,11.0,3.6,2.4,1.3333333333333333,1.4,1.2,14.6,5.2,2.0,1.1666666666666667,1.6388888888888888,12.5,15.527777777777779,3.75,4.944444444444445,2.0555555555555554,2.75
105,12436538,Premier League,24/25,2025-05-25 15:00:00,West Ham United,Ipswich Town,0,37,1,1,1,0,1.3333333333333333,1.4,1.1,12.0,3.8,1.6,1.0,1.4,1.4,13.6,5.0,2.4,1.162162162162162,1.6486486486486487,12.594594594594595,15.378378378378379,3.7837837837837838,4.945945945945946,2.0,2.7837837837837838
196,12436872,Premier League,24/25,2024-08-17 14:00:00,Wolverhampton,Arsenal,0,0,0,0,0,1,,,,,,,,,,,,,,,,,,,,
227,12436904,Premier League,24/25,2024-08-25 13:00:00,Wolverhampton,Chelsea,1,1,0,0,0,1,0.0,0.0,0.0,9.0,3.0,1.0,2.0,2.0,2.0,18.0,6.0,2.0,0.0,2.0,9.0,18.0,3.0,6.0,1.0,2.0
248,12436926,Premier League,24/25,2024-08-31 14:00:00,Wolverhampton,Nottingham Forest,0,2,0,0,0,1,1.0,1.0,1.0,10.5,3.5,3.0,4.0,4.0,4.0,16.0,7.0,3.5,1.0,4.0,10.5,16.0,3.5,7.0,3.0,3.5
274,12436954,Premier League,24/25,2024-09-15 15:30:00,Wolverhampton,Newcastle United,1,3,1,0,0,1,1.0,1.0,1.0,10.666666666666666,3.3333333333333335,2.6666666666666665,3.0,3.0,3.0,16.0,6.333333333333333,2.6666666666666665,1.0,3.0,10.666666666666666,16.0,3.3333333333333335,6.333333333333333,2.6666666666666665,2.6666666666666665
277,12436957,Premier League,24/25,2024-09-21 14:00:00,Wolverhampton,Aston Villa,0,4,1,0,0,1,1.3333333333333333,1.0,1.0,11.0,3.75,2.5,3.0,2.75,2.75,15.5,6.25,2.5,1.0,2.75,11.0,15.5,3.75,6.25,2.5,2.5
319,12437002,Premier League,24/25,2024-09-28 16:30:00,Wolverhampton,Liverpool FC,1,5,1,1,0,0,1.0,1.0,1.0,10.8,3.8,2.0,2.0,2.8,2.8,14.2,5.8,3.0,1.0,2.8,10.8,14.2,3.8,5.8,2.0,3.0
325,12437008,Premier League,24/25,2024-10-05 14:00:00,Wolverhampton,Brentford,0,6,1,1,0,0,1.0,1.2,1.0,10.6,3.8,2.0,2.3333333333333335,2.8,2.6666666666666665,12.6,5.8,3.2,1.0,2.6666666666666665,10.333333333333334,13.5,3.6666666666666665,5.833333333333333,1.8333333333333333,3.0
354,12437039,Premier League,24/25,2024-10-20 13:00:00,Wolverhampton,Manchester City,1,7,1,1,0,0,1.6666666666666667,1.4,1.2857142857142858,11.6,4.2,1.2,3.3333333333333335,2.6,3.0,13.6,6.6,3.8,1.2857142857142858,3.0,11.285714285714286,14.285714285714286,4.0,6.714285714285714,1.7142857142857142,3.7142857142857144
358,12437044,Premier League,24/25,2024-10-26 14:00:00,Wolverhampton,Brighton & Hove Albion,0,8,1,1,0,0,1.6666666666666667,1.4,1.25,10.0,4.0,1.2,3.0,2.8,2.875,14.8,7.0,3.6,1.25,2.875,10.25,15.25,3.75,6.75,1.75,3.25
374,12437060,Premier League,24/25,2024-11-02 17:30:00,Wolverhampton,Crystal Palace,1,9,1,1,0,0,2.0,1.6,1.3333333333333333,10.4,4.4,1.0,3.0,2.8,2.7777777777777777,15.8,7.0,3.6,1.3333333333333333,2.7777777777777777,10.666666666666666,15.666666666666666,4.111111111111111,6.666666666666667,1.6666666666666667,3.111111111111111
52,12436485,Premier League,24/25,2024-11-09 15:00:00,Wolverhampton,Southampton,1,10,1,1,1,0,1.6666666666666667,1.8,1.4,10.6,4.8,1.8,2.0,2.6,2.7,17.8,7.6,3.4,1.4,2.7,10.7,16.0,4.3,6.7,1.9,3.2
57,12436490,Premier League,24/25,2024-11-23 15:00:00,Wolverhampton,Fulham,0,11,1,1,1,0,2.0,2.0,1.6,10.6,5.0,1.8,1.3333333333333333,2.2,2.5,17.6,6.4,3.0,1.4545454545454546,2.4545454545454546,10.454545454545455,15.363636363636363,4.2727272727272725,6.090909090909091,1.8181818181818181,3.0
244,12436922,Premier League,24/25,2024-11-30 15:00:00,Wolverhampton,Bournemouth,1,12,1,1,1,0,2.6666666666666665,2.2,1.8,9.2,4.8,2.0,1.0,1.4,2.0,15.8,4.6,1.6,1.6666666666666667,2.3333333333333335,10.416666666666666,14.916666666666666,4.333333333333333,5.833333333333333,1.8333333333333333,2.8333333333333335
268,12436947,Premier League,24/25,2024-12-04 19:30:00,Wolverhampton,Everton,0,13,1,1,1,0,2.6666666666666665,2.4,1.9,10.6,5.0,2.0,1.6666666666666667,1.8,2.3,13.8,4.8,2.4,1.6923076923076923,2.4615384615384617,10.384615384615385,14.692307692307692,4.230769230769231,6.0,1.8461538461538463,2.923076923076923
21,12436454,Premier League,24/25,2024-12-09 20:00:00,Wolverhampton,West Ham United,0,14,1,1,1,0,2.0,2.0,1.8,9.0,4.0,2.2,3.0,2.2,2.5,12.6,4.4,2.4,1.5714285714285714,2.5714285714285716,10.071428571428571,14.571428571428571,4.071428571428571,5.857142857142857,1.8571428571428572,2.857142857142857
23,12436456,Premier League,24/25,2024-12-14 15:00:00,Wolverhampton,Ipswich Town,1,15,1,1,1,0,1.0,1.8,1.8,10.6,3.8,1.8,3.3333333333333335,2.2,2.4,12.6,3.8,1.8,1.5333333333333334,2.533333333333333,10.666666666666666,14.866666666666667,4.133333333333334,5.733333333333333,1.8666666666666667,2.7333333333333334
36,12436469,Premier League,24/25,2024-12-22 14:00:00,Wolverhampton,Leicester City,0,16,1,1,1,0,0.6666666666666666,1.6,1.8,12.2,4.2,1.8,2.6666666666666665,2.6,2.4,12.8,4.8,2.0,1.5,2.5,11.0,14.5625,4.25,5.6875,1.8125,2.6875
49,12436482,Premier League,24/25,2024-12-26 17:30:00,Wolverhampton,Manchester United,1,17,1,1,1,0,1.6666666666666667,1.4,1.8,11.8,4.0,1.8,1.3333333333333333,2.4,1.9,12.6,5.2,2.0,1.588235294117647,2.3529411764705883,10.823529411764707,14.235294117647058,4.235294117647059,5.647058823529412,1.8235294117647058,2.588235294117647
88,12436521,Premier League,24/25,2024-12-29 15:00:00,Wolverhampton,Tottenham Hotspur,0,18,1,1,1,0,2.0,1.4,1.9,11.2,4.2,1.6,0.6666666666666666,1.6,1.7,12.4,4.4,1.2,1.6111111111111112,2.2222222222222223,10.61111111111111,14.055555555555555,4.222222222222222,5.555555555555555,1.7777777777777777,2.4444444444444446
5,12436437,Premier League,24/25,2025-01-06 20:00:00,Wolverhampton,Nottingham Forest,1,19,1,1,1,0,2.3333333333333335,1.8,1.9,12.2,4.4,1.4,0.6666666666666666,1.2,1.7,12.4,4.2,1.8,1.631578947368421,2.210526315789474,10.631578947368421,14.0,4.157894736842105,5.421052631578948,1.736842105263158,2.5789473684210527
96,12436529,Premier League,24/25,2025-01-15 19:30:00,Wolverhampton,Newcastle United,0,20,1,1,1,0,1.3333333333333333,1.6,1.7,11.0,4.6,1.4,1.6666666666666667,1.4,1.8,10.8,4.0,2.4,1.55,2.25,10.75,13.85,4.25,5.3,1.75,2.65
22,12436455,Premier League,24/25,2025-01-20 20:00:00,Wolverhampton,Chelsea,0,21,1,1,1,0,0.6666666666666666,1.4,1.5,10.4,4.8,2.2,2.6666666666666665,1.6,2.1,12.2,4.0,2.6,1.4761904761904763,2.2857142857142856,10.857142857142858,14.0,4.380952380952381,5.285714285714286,1.9047619047619047,2.6666666666666665
232,12436909,Premier League,24/25,2025-01-25 15:00:00,Wolverhampton,Arsenal,1,22,1,1,1,0,0.3333333333333333,1.0,1.2,10.6,4.8,2.0,3.0,2.2,2.3,14.2,4.4,3.2,1.4545454545454546,2.3181818181818183,10.772727272727273,14.227272727272727,4.363636363636363,5.363636363636363,1.8636363636363635,2.727272727272727
253,12436932,Premier League,24/25,2025-02-01 17:30:00,Wolverhampton,Aston Villa,1,23,1,1,1,0,0.3333333333333333,0.6,1.0,11.0,4.8,2.0,2.3333333333333335,2.4,2.0,13.8,4.2,3.8,1.391304347826087,2.260869565217391,10.695652173913043,14.0,4.3478260869565215,5.260869565217392,1.826086956521739,2.739130434782609
266,12436945,Premier League,24/25,2025-02-16 14:00:00,Wolverhampton,Liverpool FC,0,24,1,1,1,0,1.0,0.6,1.2,10.4,5.2,2.6,1.3333333333333333,2.0,1.6,13.2,4.2,3.0,1.4166666666666667,2.1666666666666665,10.583333333333334,13.833333333333334,4.375,5.166666666666667,1.9166666666666667,2.6666666666666665
278,12436958,Premier League,24/25,2025-02-22 15:00:00,Wolverhampton,Bournemouth,0,25,1,1,1,0,1.0,0.8,1.2,11.0,4.8,2.4,1.0,1.8,1.6,13.0,4.2,2.6,1.4,2.16,10.8,13.68,4.36,5.08,1.88,2.64
299,12436981,Premier League,24/25,2025-02-25 19:30:00,Wolverhampton,Fulham,1,26,1,1,1,0,1.3333333333333333,1.0,1.2,11.0,4.4,2.0,0.6666666666666666,1.2,1.4,11.2,3.8,2.2,1.3846153846153846,2.076923076923077,10.884615384615385,13.461538461538462,4.384615384615385,5.0,1.9230769230769231,2.576923076923077
329,12437012,Premier League,24/25,2025-03-08 20:00:00,Wolverhampton,Everton,1,27,1,1,1,0,1.0,1.0,1.0,12.8,4.6,1.8,1.3333333333333333,1.0,1.6,9.6,3.4,2.2,1.3703703703703705,2.074074074074074,11.148148148148149,13.37037037037037,4.407407407407407,5.0,1.8518518518518519,2.6296296296296298
144,12436578,Premier League,24/25,2025-03-15 15:00:00,Wolverhampton,Southampton,0,28,1,1,1,0,1.0,1.2,0.9,13.2,4.4,1.8,1.0,1.0,1.7,10.2,3.6,2.0,1.3571428571428572,2.0357142857142856,11.142857142857142,13.321428571428571,4.357142857142857,4.964285714285714,1.8214285714285714,2.607142857142857
165,12436599,Premier League,24/25,2025-04-01 18:45:00,Wolverhampton,West Ham United,1,29,1,1,1,0,1.3333333333333333,1.2,0.9,12.6,4.0,1.2,1.3333333333333333,1.2,1.6,10.2,3.6,2.4,1.3793103448275863,2.0,10.931034482758621,13.206896551724139,4.310344827586207,4.896551724137931,1.793103448275862,2.6206896551724137
167,12436601,Premier League,24/25,2025-04-05 14:00:00,Wolverhampton,Ipswich Town,0,30,1,1,1,0,1.3333333333333333,1.2,1.0,11.2,3.6,1.4,0.6666666666666666,0.8,1.3,10.2,3.2,2.8,1.3666666666666667,1.9333333333333333,10.866666666666667,13.1,4.233333333333333,4.766666666666667,1.8,2.6666666666666665
181,12436617,Premier League,24/25,2025-04-13 13:00:00,Wolverhampton,Tottenham Hotspur,1,31,1,1,1,0,1.6666666666666667,1.4,1.2,13.0,4.0,1.6,0.6666666666666666,1.0,1.1,9.8,3.0,2.8,1.3870967741935485,1.903225806451613,11.225806451612904,12.870967741935484,4.32258064516129,4.67741935483871,1.8709677419354838,2.6129032258064515
186,12436622,Premier League,24/25,2025-04-20 13:00:00,Wolverhampton,Manchester United,0,32,1,1,1,0,2.3333333333333335,2.0,1.5,12.0,4.0,2.4,1.0,1.0,1.0,9.8,2.8,2.4,1.46875,1.90625,11.28125,12.8125,4.34375,4.65625,1.9375,2.59375
124,12436558,Premier League,24/25,2025-04-26 14:00:00,Wolverhampton,Leicester City,1,33,1,1,1,0,2.3333333333333335,2.0,1.6,10.6,3.8,2.2,1.0,0.8,0.9,9.8,2.4,2.2,1.4545454545454546,1.8484848484848484,11.06060606060606,12.787878787878787,4.2727272727272725,4.575757575757576,1.878787878787879,2.5454545454545454
128,12436562,Premier League,24/25,2025-05-02 19:00:00,Wolverhampton,Manchester City,0,34,1,1,1,0,2.6666666666666665,2.2,1.7,13.6,4.4,2.4,0.6666666666666666,0.6,0.9,9.4,2.2,1.8,1.5,1.7941176470588236,11.323529411764707,12.647058823529411,4.323529411764706,4.5,1.8823529411764706,2.5
147,12436581,Premier League,24/25,2025-05-10 14:00:00,Wolverhampton,Brighton & Hove Albion,1,35,1,1,1,0,1.3333333333333333,2.0,1.6,13.0,4.2,2.4,0.3333333333333333,0.8,0.8,9.2,2.4,1.2,1.457142857142857,1.7714285714285714,11.17142857142857,12.542857142857143,4.228571428571429,4.428571428571429,1.8857142857142857,2.4571428571428573
158,12436592,Premier League,24/25,2025-05-20 19:00:00,Wolverhampton,Crystal Palace,0,36,1,1,1,0,1.0,1.6,1.5,10.6,3.4,1.8,1.0,1.0,1.0,9.4,2.4,1.4,1.4166666666666667,1.7777777777777777,11.13888888888889,12.38888888888889,4.194444444444445,4.361111111111111,1.8611111111111112,2.4444444444444446
109,12436542,Premier League,24/25,2025-05-25 15:00:00,Wolverhampton,Brentford,1,37,1,1,1,0,0.6666666666666666,1.2,1.6,10.4,3.0,1.4,2.3333333333333335,1.4,1.2,10.0,3.6,1.4,1.4324324324324325,1.837837837837838,11.162162162162161,12.432432432432432,4.162162162162162,4.513513513513513,1.864864864864865,2.4324324324324325
